rollout/ep_len_mean,time/time_elapsed,time/total_timesteps,time/fps,time/iterations,rollout/ep_rew_mean,train/approx_kl,train/value_loss,train/std,train/explained_variance,train/n_updates,train/policy_gradient_loss,train/loss,train/clip_range,train/entropy_loss,train/clip_fraction,train/learning_rate
989.0,10,20480,1975,1,0.17445294999999997,,,,,,,,,,,
989.0,24,40960,1673,2,0.09465539999999999,0.0028050193,0.012325146436851356,0.9962563514709473,-13.459321975708008,10,-0.0004473909651278518,0.011722460389137268,0.2,-2.828870914056897,0.0205322265625,0.0003
989.0,38,61440,1600,3,0.1061691333333333,0.0053665387,0.004839767541925539,0.9795613288879395,-0.2927974462509155,20,-0.0021435573764028958,0.012386989779770374,0.2,-2.804888418763876,0.0422802734375,0.0003
989.0,52,81920,1565,4,0.1155597125,0.0050830124,0.0040044164299979455,0.9698266983032227,0.07721680402755737,30,-0.0014074402283586096,-0.0013985149562358856,0.2,-2.7793278583884238,0.0401513671875,0.0003
989.0,66,102400,1545,5,0.09228017999999998,0.0066058473,0.0028913989289139864,0.9471498727798462,0.00973057746887207,40,-0.0015435161664208864,-0.010997140780091286,0.2,-2.7341004443913697,0.0593408203125,0.0003
989.0,80,122880,1533,6,0.08028702999999998,0.0042266906,0.0022036976868184868,0.935847282409668,0.045978665351867676,50,-0.0012265048283734358,0.01583944633603096,0.2,-2.709265755414963,0.0382958984375,0.0003
989.0,94,143360,1524,7,0.11083222999999999,0.0060925977,0.0020390409699393786,0.9276553392410278,0.02906864881515503,60,-0.001940209316671826,-0.009133808314800262,0.2,-2.6883476278930902,0.058701171875,0.0003
989.0,107,163840,1518,8,0.14374924,0.0048452085,0.001838116598664783,0.9214349389076233,0.01719808578491211,70,-0.0016502775168919471,-0.004477590788155794,0.2,-2.678270856067538,0.0507666015625,0.0003
989.0,121,184320,1514,9,0.17998964999999997,0.0062461146,0.0017192615112799103,0.9090737104415894,-0.0015865564346313477,80,-0.001493729401845485,-0.018009811639785767,0.2,-2.6489959420263767,0.0609228515625,0.0003
989.0,135,204800,1510,10,0.21734917999999998,0.0054385094,0.0016025225868907,0.9026413559913635,-0.0024569034576416016,90,-0.0012751336624205578,-0.004780512768775225,0.2,-2.634279234930873,0.051298828125,0.0003
989.0,149,225280,1507,11,0.27489474,0.0047813184,0.001589531456829718,0.8953404426574707,-0.009672284126281738,100,-0.0013171665792469866,-0.01052461750805378,0.2,-2.6166284494102,0.0484130859375,0.0003
989.0,163,245760,1504,12,0.30340075,0.0058027124,0.001620717654022883,0.8918018341064453,0.0036069750785827637,110,-0.0015546018003078643,0.00021459802519530058,0.2,-2.6083057008683683,0.057607421875,0.0003
989.0,177,266240,1501,13,0.34466523000000004,0.006276219,0.0015578129732239177,0.8788824081420898,0.00508493185043335,120,-0.001390607592620654,0.010941334068775177,0.2,-2.58583418674767,0.0702197265625,0.0003
989.0,191,286720,1500,14,0.39796363,0.004994358,0.0015824005132526507,0.8714158535003662,0.010032594203948975,130,-0.0023351127152272965,-0.006641983985900879,0.2,-2.562824714183807,0.0566162109375,0.0003
989.0,204,307200,1499,15,0.49023674,0.005369957,0.001422422638788703,0.8638788461685181,0.00891876220703125,140,-0.0014292968739755452,-0.014939509332180023,0.2,-2.5514554387331008,0.056650390625,0.0003
989.0,218,327680,1498,16,0.51374373,0.008138229,0.0015469011287495959,0.871150016784668,0.008960187435150146,150,0.00032487856078660115,0.02845042385160923,0.2,-2.5543848387151957,0.086005859375,0.0003
989.0,232,348160,1496,17,0.5370472799999999,0.0061981874,0.0015082049066950276,0.8632746934890747,0.021483302116394043,160,-0.0013354734591848683,-0.022767649963498116,0.2,-2.5429649613797665,0.0628662109375,0.0003
989.0,246,368640,1496,18,0.51385577,0.006664636,0.0015401821080376977,0.8551986217498779,0.015653133392333984,170,-0.0005131439374235924,-0.006211061030626297,0.2,-2.528399613723159,0.0588525390625,0.0003
989.0,260,389120,1495,19,0.47443943000000005,0.006391071,0.0015722389611437394,0.8484216928482056,0.028085410594940186,180,-0.0018693948446889409,-0.00740779098123312,0.2,-2.514616767093539,0.064130859375,0.0003
989.0,274,409600,1494,20,0.47964972000000006,0.005303813,0.0014049400807198253,0.8472492694854736,0.027656853199005127,190,-0.0014733750895538833,-0.009741893969476223,0.2,-2.5048289792239666,0.055966796875,0.0003
989.0,287,430080,1493,21,0.54224049,0.00646473,0.001532410167656053,0.847395658493042,0.03107541799545288,200,-0.001216395677474793,0.004029844421893358,0.2,-2.504564527794719,0.069248046875,0.0003
989.0,301,450560,1492,22,0.58143733,0.0062053585,0.001659461919880414,0.8353841304779053,0.03330099582672119,210,-0.0003832424663414713,0.0064018829725682735,0.2,-2.483764373138547,0.0606396484375,0.0003
989.0,315,471040,1492,23,0.6197617000000001,0.0048628696,0.0016209735050324524,0.8296205401420593,0.029429376125335693,220,-0.0009092335794412066,-0.0038800400216132402,0.2,-2.4687248416244985,0.0669091796875,0.0003
989.0,329,491520,1491,24,0.66889817,0.0061332574,0.0016699530540790874,0.8209025859832764,0.030864357948303223,230,-0.0015841500757960603,-0.02898489311337471,0.2,-2.452312874943018,0.0639892578125,0.0003
989.0,343,512000,1491,25,0.7268034400000001,0.0063385544,0.0016074678414042865,0.8175792694091797,0.03986167907714844,240,0.00048668418523448056,0.0033664554357528687,0.2,-2.4384420422464608,0.0694580078125,0.0003
989.0,357,532480,1491,26,0.74300089,0.0060353456,0.0016737166917482683,0.8062329292297363,0.04170960187911987,250,-0.00042490068153711036,0.02094600535929203,0.2,-2.410406822860241,0.0726513671875,0.0003
989.0,370,552960,1490,27,0.7945281300000002,0.0069766073,0.0015997415507081315,0.794370174407959,0.05566370487213135,260,-0.00044753133035555946,-0.006355419754981995,0.2,-2.3829205134510993,0.073330078125,0.0003
989.0,384,573440,1490,28,0.84575178,0.0059626387,0.001676740610582783,0.7856013774871826,0.06225001811981201,270,-0.0003438821106101386,-0.003928943537175655,0.2,-2.361488465294242,0.0685400390625,0.0003
989.0,398,593920,1490,29,0.9097759500000001,0.005696358,0.001690877812634426,0.7770723104476929,0.06286382675170898,280,-0.0012446524627739563,0.008637990802526474,0.2,-2.33727919280529,0.0734033203125,0.0003
989.0,412,614400,1490,30,0.9015363000000002,0.007153618,0.0015083994635642739,0.7697340250015259,0.05747568607330322,290,0.00033263188161072323,0.01059237215667963,0.2,-2.316830334663391,0.07744140625,0.0003
989.0,426,634880,1489,31,0.9356004499999999,0.007004477,0.0015476620642948546,0.7612994909286499,0.05450773239135742,300,-0.0005509356842958368,-0.008734090253710747,0.2,-2.296689389795065,0.0728857421875,0.0003
989.0,439,655360,1489,32,0.9659445,0.0064254263,0.0016923563555246801,0.7534687519073486,0.0420527458190918,310,-0.0008514543549972587,-0.03128153458237648,0.2,-2.270166568085551,0.0740087890625,0.0003
989.0,453,675840,1489,33,0.98652915,0.0058552944,0.0017258726531508728,0.7480202913284302,0.05448627471923828,320,-7.233985437778757e-05,-0.007672552950680256,0.2,-2.26087841168046,0.071025390625,0.0003
989.0,467,696320,1489,34,1.03644445,0.006412085,0.0016963710492382234,0.7459688782691956,0.059970080852508545,330,9.625407590647229e-05,-0.011812390759587288,0.2,-2.2516591972857714,0.0693994140625,0.0003
989.0,481,716800,1489,35,1.10696312,0.0060081417,0.001873328296969703,0.7353469133377075,0.058705925941467285,340,-0.0005995281985087786,0.01550582516938448,0.2,-2.2281399570405482,0.0725634765625,0.0003
989.0,494,737280,1489,36,1.13243875,0.009068819,0.0018626817860604205,0.732447624206543,0.05283403396606445,350,0.0005378965218551457,0.009731600992381573,0.2,-2.2186544965952635,0.086572265625,0.0003
989.0,508,757760,1489,37,1.17272223,0.0077698804,0.0018025053137716894,0.7298510670661926,0.05273270606994629,360,-3.4264264395460484e-05,-0.00853797048330307,0.2,-2.2035158882290125,0.0807763671875,0.0003
989.0,522,778240,1488,38,1.19568842,0.0073204143,0.002020718904823298,0.7282696962356567,0.05619454383850098,370,0.0009662650276732166,0.02625328302383423,0.2,-2.199915862083435,0.079931640625,0.0003
989.0,536,798720,1488,39,1.22385156,0.009309803,0.002044910604308825,0.7183400392532349,0.06010615825653076,380,0.0015058238312485627,-0.005460798274725676,0.2,-2.1727942679077388,0.098984375,0.0003
989.0,550,819200,1487,40,1.2557903000000001,0.0076679364,0.0020177177715595463,0.7096789479255676,0.06892281770706177,390,0.00021377443728852087,0.009886038489639759,0.2,-2.146724345758557,0.0905322265625,0.0003
989.0,564,839680,1487,41,1.3386746299999999,0.006975338,0.001916717805306689,0.7011419534683228,0.06768661737442017,400,-0.00024053296438069082,0.008434118703007698,0.2,-2.129159856662154,0.0788134765625,0.0003
989.0,578,860160,1486,42,1.34823422,0.007853181,0.002004292392030038,0.6932293772697449,0.06955873966217041,410,-9.579680248862132e-05,0.026566430926322937,0.2,-2.1019027169048785,0.088720703125,0.0003
989.0,592,880640,1486,43,1.41209419,0.009550918,0.0018861503949119652,0.6850495338439941,0.08509916067123413,420,0.0005071728960319888,0.03852209076285362,0.2,-2.082242189794779,0.093876953125,0.0003
989.0,606,901120,1486,44,1.4297544700000002,0.006826638,0.002022489313785627,0.6803759932518005,0.06427508592605591,430,0.00015661991899833084,-0.0022106473334133625,0.2,-2.063968114629388,0.082509765625,0.0003
989.0,619,921600,1486,45,1.44292449,0.0073655853,0.002009676785182819,0.6697739362716675,0.06889665126800537,440,0.0003634603902173694,0.0017135145608335733,0.2,-2.031856340169907,0.09099609375,0.0003
989.0,633,942080,1486,46,1.4623774300000005,0.0067591434,0.0020647235698379516,0.6606607437133789,0.08265239000320435,450,0.0009651172139274422,0.012902198359370232,0.2,-2.0080183262005447,0.079541015625,0.0003
989.0,647,962560,1487,47,1.47710277,0.0070125954,0.0020209311331745995,0.6549527645111084,0.07756698131561279,460,0.00010959672872559167,-0.002190937055274844,0.2,-1.9866420421004296,0.0833837890625,0.0003
989.0,660,983040,1487,48,1.5054224799999998,0.008024971,0.0021505488480761414,0.6469067335128784,0.0888487696647644,470,0.0008540917193749919,0.03579108044505119,0.2,-1.9637201093882322,0.0874658203125,0.0003
989.0,674,1003520,1487,49,1.5287711000000002,0.007988529,0.0021594385636308287,0.6418537497520447,0.08452409505844116,480,0.00018450168136041611,0.01994858868420124,0.2,-1.9450322860851883,0.0850244140625,0.0003
989.0,688,1024000,1487,50,1.5565086699999997,0.006873588,0.0020982720754727778,0.6322212815284729,0.09177172183990479,490,0.001161463149182964,0.006541947368532419,0.2,-1.9175396599993109,0.083603515625,0.0003
989.0,702,1044480,1487,51,1.580112,0.007384929,0.002089116697807185,0.6305899620056152,0.09427517652511597,500,0.00023736020484648178,0.007543888874351978,0.2,-1.9055515864863992,0.0928564453125,0.0003
989.0,715,1064960,1487,52,1.57585101,0.006689319,0.00201098808181996,0.6228496432304382,0.09200310707092285,510,0.000925295768684009,-0.004454757086932659,0.2,-1.888111735843122,0.081416015625,0.0003
989.0,729,1085440,1487,53,1.60302858,0.0073393816,0.0021481261241206085,0.613632082939148,0.08989155292510986,520,0.0010209782555466518,-0.010149775072932243,0.2,-1.8578125150874256,0.0885107421875,0.0003
989.0,743,1105920,1487,54,1.6444282099999998,0.008340515,0.002245914116374479,0.6143667697906494,0.09242171049118042,530,0.0008899920929979999,-0.017846882343292236,0.2,-1.844870361983776,0.09443359375,0.0003
989.0,757,1126400,1487,55,1.6454984500000003,0.007879563,0.0022181496739904103,0.6118085384368896,0.09316051006317139,540,0.0003422739436791744,0.007556983269751072,0.2,-1.8444666972756385,0.0856787109375,0.0003
989.0,770,1146880,1487,56,1.69510411,0.0075163976,0.0022924520841479533,0.611870288848877,0.11549371480941772,550,0.000626357514411211,0.009233796037733555,0.2,-1.8448294895514845,0.0908203125,0.0003
989.0,784,1167360,1487,57,1.7383112399999998,0.0076313885,0.0023898433699650924,0.6055557727813721,0.10381448268890381,560,0.0009110297294682823,0.007488325238227844,0.2,-1.8258929441869258,0.091474609375,0.0003
989.0,798,1187840,1487,58,1.7218512900000003,0.007349901,0.0025704992332612163,0.6031893491744995,0.10958224534988403,570,0.0009707416880701203,-0.011337058618664742,0.2,-1.8151995296776295,0.087890625,0.0003
989.0,812,1208320,1487,59,1.7482200099999998,0.007544442,0.0023171550780534743,0.603635311126709,0.09893602132797241,580,0.0015070840751286597,0.0007878497708588839,0.2,-1.8172391375154258,0.0833203125,0.0003
989.0,825,1228800,1487,60,1.7701368999999998,0.008601656,0.0024758031328747164,0.5948909521102905,0.11084187030792236,590,0.00010270612037857063,-0.017843522131443024,0.2,-1.787231634631753,0.09474609375,0.0003
989.0,839,1249280,1488,61,1.7736364699999996,0.0076256497,0.0025318415079527766,0.5901700854301453,0.10376060009002686,600,0.00043383230586186984,0.017508629709482193,0.2,-1.781026383973658,0.0959228515625,0.0003
989.0,853,1269760,1488,62,1.7906062299999999,0.0077180727,0.002472445825806062,0.5885337591171265,0.11672472953796387,610,0.0010439973122265656,0.021580606698989868,0.2,-1.7619289942085743,0.0947314453125,0.0003
989.0,866,1290240,1488,63,1.81300904,0.0066632405,0.0025501559570875543,0.5862331390380859,0.1055343747138977,620,0.0010716441171825864,0.009307649917900562,0.2,-1.7600110334903,0.083125,0.0003
989.0,880,1310720,1488,64,1.83179772,0.0076209875,0.00262977816266357,0.5812821388244629,0.11510741710662842,630,0.0009809239773312583,-0.00197482667863369,0.2,-1.7433482888713479,0.094853515625,0.0003
989.0,894,1331200,1488,65,1.86046265,0.0069926926,0.0024663797160792457,0.5765969753265381,0.10096186399459839,640,0.0008482737798476592,-0.0122965257614851,0.2,-1.7283199159801006,0.0937158203125,0.0003
989.0,907,1351680,1488,66,1.8660394600000003,0.007931778,0.0024499243646096147,0.5707358121871948,0.10670685768127441,650,0.0019399264552339445,0.014538704417645931,0.2,-1.7085576656460761,0.089130859375,0.0003
989.0,921,1372160,1489,67,1.86946144,0.008112554,0.0026146176525071495,0.5656000375747681,0.10347986221313477,660,0.001140345238527516,-0.0015185296069830656,0.2,-1.6841968337446451,0.0970947265625,0.0003
989.0,935,1392640,1489,68,1.8871193599999998,0.008120066,0.0024434175943679293,0.5596904158592224,0.09414517879486084,670,0.000800463404157199,0.00378209725022316,0.2,-1.6631117568165064,0.0935986328125,0.0003
989.0,948,1413120,1489,69,1.89426641,0.0074725477,0.0024131886012037284,0.5574401021003723,0.10767924785614014,680,0.0011813730355061125,0.012339944951236248,0.2,-1.6519486125186085,0.0932373046875,0.0003
989.0,962,1433600,1489,70,1.87669348,0.007168104,0.0024674543603759955,0.5584615468978882,0.10333114862442017,690,0.0010825597877555993,-0.00296210590749979,0.2,-1.653504371754825,0.0940478515625,0.0003
989.0,975,1454080,1489,71,1.8765853399999997,0.009472991,0.0023986562311620217,0.5545933246612549,0.10482162237167358,700,0.0010384737978165503,0.008490496315062046,0.2,-1.6430548606440425,0.1000146484375,0.0003
989.0,989,1474560,1490,72,1.8808111200000002,0.009110508,0.0025120537581824463,0.5510143041610718,0.10357028245925903,710,0.0017771319040912204,0.02028920128941536,0.2,-1.6268336071819067,0.0999072265625,0.0003
989.0,1003,1495040,1490,73,1.8674121700000001,0.007495305,0.0022509367925886183,0.5497667193412781,0.11088502407073975,720,0.0007812727759301197,0.0037758604157716036,0.2,-1.6263584589585662,0.096416015625,0.0003
989.0,1016,1515520,1490,74,1.85678521,0.007884383,0.0023049033933239117,0.5482856035232544,0.10925149917602539,730,0.0012026331369997933,0.006540046539157629,0.2,-1.618041860461235,0.0970654296875,0.0003
989.0,1030,1536000,1490,75,1.88843424,0.009033683,0.0022542948778936987,0.537720799446106,0.10663533210754395,740,0.000607190997543512,0.01865496300160885,0.2,-1.5865297636389732,0.0975634765625,0.0003
989.0,1044,1556480,1490,76,1.8943217700000003,0.008503176,0.0023248190568301652,0.5304696559906006,0.1122998595237732,750,0.0009586534173286054,0.004461626522243023,0.2,-1.5565104488283397,0.1053515625,0.0003
989.0,1058,1576960,1489,77,1.9035286500000002,0.009670736,0.0023601853652508,0.5250556468963623,0.11068993806838989,760,0.0005421533911430743,-0.0037014661356806755,0.2,-1.533369205892086,0.1017529296875,0.0003
989.0,1072,1597440,1489,78,1.9434673500000001,0.007428466,0.0023917737341980685,0.5179556608200073,0.11620306968688965,770,4.3721816327888516e-05,-0.004793975502252579,0.2,-1.5044643200561405,0.1013134765625,0.0003
989.0,1085,1617920,1490,79,1.9762526,0.008893058,0.002444192731181829,0.5140893459320068,0.10708349943161011,780,0.0011586024922144134,-0.02307102084159851,0.2,-1.4868265533447265,0.1066845703125,0.0003
989.0,1099,1638400,1489,80,2.0036323799999995,0.0072670393,0.0023616595170096845,0.5125141143798828,0.1171310544013977,790,0.001457484561833553,0.007378116250038147,0.2,-1.4768996455520391,0.09794921875,0.0003
989.0,1113,1658880,1489,81,2.0300497,0.009204569,0.00244889227733438,0.5106360912322998,0.1105387806892395,800,0.0007425347717071418,0.01808857172727585,0.2,-1.468950661458075,0.108076171875,0.0003
989.0,1127,1679360,1489,82,2.04473518,0.0082190065,0.002404862894418329,0.5063936710357666,0.11108314990997314,810,0.0011526607532869092,0.013584091328084469,0.2,-1.4544496930763124,0.1071630859375,0.0003
989.0,1141,1699840,1489,83,2.0447474100000003,0.008032464,0.0023489747139137764,0.5010436773300171,0.1055063009262085,820,0.00112261212838348,-0.0009967321529984474,0.2,-1.4319507022947073,0.104482421875,0.0003
989.0,1154,1720320,1489,84,2.0438724500000003,0.0102427015,0.002387937946787133,0.49691346287727356,0.11245071887969971,830,0.0010144580465566832,0.009745449759066105,0.2,-1.4093582476302982,0.108564453125,0.0003
989.0,1168,1740800,1489,85,2.02017012,0.00993422,0.0023512512288471044,0.4900939464569092,0.12224775552749634,840,0.0006572956740274094,0.019365759566426277,0.2,-1.3832216621562838,0.1137451171875,0.0003
989.0,1182,1761280,1489,86,2.03675178,0.008097537,0.0025058563878337737,0.4896414279937744,0.11560720205307007,850,0.0018042634725861718,-0.011069722473621368,0.2,-1.3733255363255739,0.10005859375,0.0003
989.0,1196,1781760,1489,87,2.05434675,0.009523395,0.002182332989414135,0.4877506196498871,0.11360067129135132,860,0.0015520410570752574,0.012855696491897106,0.2,-1.3675087829306722,0.107470703125,0.0003
989.0,1210,1802240,1489,88,2.02923558,0.008139637,0.0023046791059277896,0.48355770111083984,0.11532622575759888,870,0.0016777539251779671,0.015621229074895382,0.2,-1.3549782630801201,0.1079736328125,0.0003
989.0,1223,1822720,1489,89,2.03677683,0.0080757495,0.0022865036545772453,0.4790889620780945,0.10590624809265137,880,0.0018861518587800674,-0.003103763097897172,0.2,-1.3286282161995768,0.1022021484375,0.0003
989.0,1237,1843200,1489,90,2.03763054,0.009092976,0.0022659575572288302,0.4797886610031128,0.11023855209350586,890,0.0018127036101941484,-0.007339084520936012,0.2,-1.3284736127406358,0.1040185546875,0.0003
989.0,1251,1863680,1489,91,2.0389158,0.007928318,0.0023036107726511546,0.4756287932395935,0.1095765233039856,900,0.0012674934731330722,-0.0018488636706024408,0.2,-1.3186564007773995,0.10736328125,0.0003
989.0,1265,1884160,1489,92,2.0446728199999997,0.008686309,0.002275836622702627,0.4729311466217041,0.12010794878005981,910,0.0011951020390552002,0.009599359706044197,0.2,-1.2965024727582932,0.1068701171875,0.0003
989.0,1279,1904640,1489,93,2.0503805699999997,0.009353133,0.0023277139019228345,0.4760724902153015,0.1189841628074646,920,0.0014796233286324422,-1.1101597920060158e-05,0.2,-1.3015656119585037,0.110751953125,0.0003
989.0,1292,1925120,1489,94,2.05797706,0.008590098,0.002322800985602953,0.47613006830215454,0.10304462909698486,930,0.0008231960554257967,0.029192473739385605,0.2,-1.3029017551615834,0.1108935546875,0.0003
989.0,1306,1945600,1489,95,2.0528006199999997,0.0083533,0.002405627431198809,0.46940723061561584,0.113758385181427,940,0.0016064908070256934,0.03511583432555199,0.2,-1.2854332027584314,0.10796875,0.0003
989.0,1320,1966080,1488,96,2.03280004,0.008587909,0.002221327505376394,0.46637630462646484,0.10432970523834229,950,0.001581598391494481,0.021257564425468445,0.2,-1.2653438982740044,0.1085791015625,0.0003
989.0,1334,1986560,1488,97,2.0199627500000004,0.00891368,0.002255734257742006,0.4614174962043762,0.11435848474502563,960,0.001450163419940509,-0.006663437932729721,0.2,-1.2480254169926048,0.111953125,0.0003
989.0,1348,2007040,1488,98,2.00402813,0.008933868,0.0022006932530166524,0.45914506912231445,0.12396377325057983,970,0.002615643622702919,-0.011181403882801533,0.2,-1.227893248014152,0.1054443359375,0.0003
989.0,1362,2027520,1488,99,2.00632781,0.008546549,0.0021893077400636685,0.4548431932926178,0.11676627397537231,980,0.0020254381648555863,0.012620021589100361,0.2,-1.2163203566521406,0.1097509765625,0.0003
989.0,1376,2048000,1488,100,1.99854031,0.011837021,0.002482257888368622,0.4550471305847168,0.1257978081703186,990,0.0020945326137007214,-0.004409085493534803,0.2,-1.2100580636784435,0.1143359375,0.0003
989.0,1390,2068480,1488,101,1.9917094700000002,0.010312085,0.002142483385759988,0.45019078254699707,0.1161649227142334,1000,0.0017706997930508805,0.022784192115068436,0.2,-1.192444554977119,0.1157666015625,0.0003
989.0,1403,2088960,1487,102,1.9930004999999997,0.011073468,0.002165151908302505,0.4451475441455841,0.12375110387802124,1010,0.001674662876757793,-0.0036272252909839153,0.2,-1.1607276790961623,0.1115771484375,0.0003
989.0,1417,2109440,1487,103,2.0355655799999997,0.008627884,0.002145636522600398,0.4449947476387024,0.12339705228805542,1020,0.0024247211366309786,-0.016803428530693054,0.2,-1.1635629086196422,0.10861328125,0.0003
989.0,1431,2129920,1487,104,2.05223007,0.009772591,0.0021808969117591915,0.4408099055290222,0.1286267638206482,1030,0.001990024327678839,-0.002053692005574703,0.2,-1.1384148502349853,0.120458984375,0.0003
989.0,1445,2150400,1487,105,2.09727813,0.008611788,0.0022344994679042427,0.43771642446517944,0.12500274181365967,1040,0.002034930452646222,0.0011562631698325276,0.2,-1.1261174598336219,0.110078125,0.0003
989.0,1459,2170880,1487,106,2.1380013399999998,0.009711822,0.0023804437322178275,0.4314143657684326,0.1334729790687561,1050,0.001697752174877678,0.01911293715238571,0.2,-1.1021785408630966,0.1161669921875,0.0003
989.0,1473,2191360,1487,107,2.1944798700000003,0.0092069255,0.002130044068926509,0.42773276567459106,0.11541825532913208,1060,0.0023680398837313986,0.011330598033964634,0.2,-1.0803997450321914,0.112119140625,0.0003
989.0,1487,2211840,1487,108,2.18741132,0.008510383,0.0021124458537815373,0.4301752746105194,0.1190916895866394,1070,0.0024127386005420703,0.012777803465723991,0.2,-1.076305495724082,0.1100048828125,0.0003
989.0,1501,2232320,1487,109,2.19746908,0.009566612,0.0023785389768636376,0.4273638129234314,0.11453455686569214,1080,0.0015141087847587186,-0.012933040037751198,0.2,-1.0726093580573797,0.1179541015625,0.0003
989.0,1515,2252800,1486,110,2.215125,0.008966066,0.002197427348110068,0.42193925380706787,0.1217801570892334,1090,0.0014611753712233623,-0.027028700336813927,0.2,-1.0452743703126908,0.1173046875,0.0003
989.0,1528,2273280,1486,111,2.21228124,0.010328667,0.002174885568074387,0.4206843376159668,0.12344211339950562,1100,0.0025765365177358034,-0.011072395369410515,0.2,-1.033305518515408,0.1141552734375,0.0003
989.0,1542,2293760,1486,112,2.22496455,0.010267844,0.0021789135360813817,0.4143242835998535,0.11946630477905273,1110,0.001997367429721635,0.002284185029566288,0.2,-1.0076800741069019,0.1289990234375,0.0003
989.0,1556,2314240,1486,113,2.24704699,0.008729175,0.002411799880956096,0.4097575545310974,0.12966984510421753,1120,0.0026411123591242357,0.00287923077121377,0.2,-0.9827624640241265,0.1110888671875,0.0003
989.0,1570,2334720,1486,114,2.2478022,0.010289773,0.0023895399100365465,0.4079602360725403,0.10385096073150635,1130,0.0022560666111530736,-0.02032211236655712,0.2,-0.9698190942034125,0.123701171875,0.0003
989.0,1584,2355200,1486,115,2.2710853900000005,0.009373556,0.002256469627682236,0.40847474336624146,0.11919325590133667,1140,0.0026708737945591566,0.007342874072492123,0.2,-0.9703556543774903,0.12353515625,0.0003
989.0,1598,2375680,1486,116,2.2876045700000005,0.009851615,0.0022998150413695837,0.4079166054725647,0.11661422252655029,1150,0.002210949364962289,0.027997346594929695,0.2,-0.9672392004542053,0.1208837890625,0.0003
989.0,1611,2396160,1486,117,2.2811216299999995,0.009471976,0.002346763743462361,0.40986740589141846,0.11167389154434204,1160,0.002638771135243587,-0.015654034912586212,0.2,-0.9694279132410883,0.1160595703125,0.0003
989.0,1625,2416640,1486,118,2.2867199299999994,0.010704355,0.0024374029618047643,0.4066733419895172,0.10943835973739624,1170,0.002563949028844945,-0.0007758510764688253,0.2,-0.9589904763177037,0.12435546875,0.0003
989.0,1639,2437120,1486,119,2.30143274,0.010752428,0.002341032120802993,0.4034159779548645,0.1187739372253418,1180,0.0026022020248638,-0.01080191507935524,0.2,-0.9534908380173147,0.119794921875,0.0003
989.0,1653,2457600,1486,120,2.31245214,0.010285822,0.0025134613318368794,0.40279024839401245,0.09397214651107788,1190,0.0028303444666380527,-0.010725393891334534,0.2,-0.9355627492070198,0.1172412109375,0.0003
989.0,1666,2478080,1486,121,2.31378943,0.010924037,0.0024632925050900667,0.39831024408340454,0.12030923366546631,1200,0.002470600932574598,-0.002310690237209201,0.2,-0.920190165117383,0.125361328125,0.0003
989.0,1680,2498560,1486,122,2.3357397,0.009329872,0.0024296627946205265,0.399177610874176,0.12290036678314209,1210,0.0034399741535889915,0.017471885308623314,0.2,-0.9236705095879734,0.114453125,0.0003
989.0,1694,2519040,1486,123,2.35842502,0.009490711,0.0025405850178322,0.39842164516448975,0.12428367137908936,1220,0.002593454025045503,0.0014673557598143816,0.2,-0.9142990749329328,0.1140478515625,0.0003
989.0,1708,2539520,1486,124,2.37036702,0.013355946,0.002516700605447113,0.3909202516078949,0.12724608182907104,1230,0.0027718927328533025,0.016854673624038696,0.2,-0.8782753560319543,0.129296875,0.0003
989.0,1721,2560000,1486,125,2.3787394300000004,0.009872104,0.002505807153902424,0.3854535222053528,0.12789463996887207,1240,0.0026351450993388425,-0.0007543633109889925,0.2,-0.848596981689334,0.12490234375,0.0003
989.0,1735,2580480,1486,126,2.37421111,0.011611702,0.0024846495029487415,0.384469211101532,0.12769275903701782,1250,0.0028187108252313918,0.020056696608662605,0.2,-0.8380222585611046,0.1309326171875,0.0003
989.0,1749,2600960,1486,127,2.3854628300000003,0.010732835,0.0025405608534674684,0.3843070864677429,0.13326168060302734,1260,0.0029689538819366135,-0.014538731426000595,0.2,-0.8326970283687115,0.1278564453125,0.0003
989.0,1763,2621440,1486,128,2.3917516600000006,0.011071878,0.0023923090267635415,0.3801761865615845,0.12992644309997559,1270,0.002967432845325675,-0.006790807470679283,0.2,-0.8179850857146085,0.13333984375,0.0003
989.0,1777,2641920,1486,129,2.41357776,0.011463298,0.002707391265539627,0.3777604401111603,0.12674415111541748,1280,0.0022106081506353802,-0.003308999352157116,0.2,-0.8002245525084436,0.123935546875,0.0003
989.0,1790,2662400,1486,130,2.42265457,0.010440344,0.002543773461475212,0.37454766035079956,0.1275922656059265,1290,0.002657033692521509,-0.01666167937219143,0.2,-0.7868791655264795,0.1284130859375,0.0003
989.0,1804,2682880,1486,131,2.4356470600000004,0.010827322,0.0025211604778996844,0.3746585249900818,0.1323433518409729,1300,0.0026130428776377813,-0.00681519927456975,0.2,-0.7790618677809834,0.1277587890625,0.0003
989.0,1818,2703360,1486,132,2.45180391,0.012839498,0.0024914417051331837,0.36879241466522217,0.1365308165550232,1310,0.0025931460729771063,-0.0155415590852499,0.2,-0.7570526373945177,0.126240234375,0.0003
989.0,1832,2723840,1486,133,2.46012375,0.011579872,0.002528367527775117,0.36700955033302307,0.13580018281936646,1320,0.0029988711664918812,-0.0007260629208758473,0.2,-0.7410254687070846,0.1308984375,0.0003
989.0,1845,2744320,1486,134,2.43862104,0.011505683,0.002598520271913003,0.3624986410140991,0.13068366050720215,1330,0.003362198246177286,-0.027977745980024338,0.2,-0.7182467456534505,0.1257763671875,0.0003
989.0,1859,2764800,1486,135,2.4303844,0.011108014,0.002528671760865109,0.35812801122665405,0.12039583921432495,1340,0.003671219175448641,0.028959976509213448,0.2,-0.6944253998063504,0.12587890625,0.0003
989.0,1873,2785280,1486,136,2.43445395,0.011351517,0.0025343682937273115,0.3579216003417969,0.12743353843688965,1350,0.003952126809308538,-0.013484169729053974,0.2,-0.6909541322290897,0.129912109375,0.0003
989.0,1886,2805760,1487,137,2.43321861,0.011056096,0.002733401115583547,0.3549795150756836,0.1291322112083435,1360,0.002642435531888623,0.0027659237384796143,0.2,-0.6751664104685188,0.129833984375,0.0003
989.0,1900,2826240,1487,138,2.42893919,0.011333823,0.002658804715247243,0.35518336296081543,0.1279745101928711,1370,0.0028652090052491987,0.009177369996905327,0.2,-0.6784877678565681,0.1223291015625,0.0003
989.0,1914,2846720,1487,139,2.42259942,0.01002028,0.00270145566741121,0.3533741235733032,0.12735778093338013,1380,0.0035060416242049543,0.033820126205682755,0.2,-0.6710790070146322,0.1260791015625,0.0003
989.0,1928,2867200,1487,140,2.40392919,0.009980418,0.002578257621098601,0.35075831413269043,0.11993670463562012,1390,0.0036756520098424517,-0.008037850260734558,0.2,-0.6554878651537002,0.1219384765625,0.0003
989.0,1941,2887680,1487,141,2.3868355400000003,0.013461703,0.002649475492617057,0.34958261251449585,0.12930959463119507,1400,0.0034337225899798793,0.02290460467338562,0.2,-0.6498242474719882,0.130927734375,0.0003
989.0,1955,2908160,1486,142,2.3931291,0.011948994,0.0024805504035248305,0.3480461835861206,0.1315874457359314,1410,0.0023298652993980797,-0.0020395726896822453,0.2,-0.6400452456995844,0.13,0.0003
989.0,1969,2928640,1486,143,2.38502433,0.011605729,0.0027991264410047734,0.34597617387771606,0.13597041368484497,1420,0.0034096328890882432,0.031170986592769623,0.2,-0.6236564000695943,0.1340625,0.0003
989.0,1983,2949120,1486,144,2.4075257899999998,0.012384889,0.002522836800217192,0.3455677032470703,0.12880569696426392,1430,0.0030358832178171724,0.0060004061087965965,0.2,-0.6172825488634408,0.128056640625,0.0003
989.0,1997,2969600,1486,145,2.410437,0.0112324115,0.002657565004137723,0.346422404050827,0.1256333589553833,1440,0.00398673561270698,-0.004835061263293028,0.2,-0.6230739838071168,0.118583984375,0.0003
989.0,2011,2990080,1486,146,2.42389569,0.011528857,0.0025305459764422265,0.3477151393890381,0.1348974108695984,1450,0.003377709697233513,-0.0016102378722280264,0.2,-0.6314402154274285,0.1281298828125,0.0003
989.0,2024,3010560,1486,147,2.42797265,0.01253099,0.002597929201911029,0.3446633815765381,0.13958710432052612,1460,0.0029639909554680342,-0.005705930292606354,0.2,-0.6145964620262384,0.133134765625,0.0003
989.0,2038,3031040,1486,148,2.42249711,0.009817307,0.0027517957279269466,0.3464546799659729,0.13808554410934448,1470,0.0032539505673048552,0.03669323772192001,0.2,-0.6112751264497638,0.1236181640625,0.0003
989.0,2052,3051520,1486,149,2.43583921,0.012296649,0.0026373406138736756,0.34631040692329407,0.1320214867591858,1480,0.003702586439321749,0.024012502282857895,0.2,-0.6090951292216777,0.125078125,0.0003
989.0,2066,3072000,1486,150,2.43763709,0.012764091,0.0026680209129881405,0.34582602977752686,0.1342800259590149,1490,0.0029056100684101693,-0.011217277497053146,0.2,-0.6080126800015568,0.1390625,0.0003
989.0,2080,3092480,1486,151,2.43811069,0.011841873,0.0025355738346479486,0.34331822395324707,0.1340668797492981,1500,0.0026130495754478032,-0.022203564643859863,0.2,-0.5924536673910916,0.12994140625,0.0003
989.0,2094,3112960,1486,152,2.4441007499999996,0.011607264,0.0026742115114575427,0.34227320551872253,0.13555341958999634,1510,0.004000583987071878,0.012912427075207233,0.2,-0.5824256641790271,0.1331884765625,0.0003
989.0,2107,3133440,1486,153,2.47055732,0.012406762,0.002555726644495735,0.3383004367351532,0.13553786277770996,1520,0.0033636870740156154,-0.024541616439819336,0.2,-0.5683155153691769,0.13310546875,0.0003
989.0,2121,3153920,1486,154,2.4720243600000003,0.0116568,0.0025497112989614833,0.3382010757923126,0.14143341779708862,1530,0.0032553345675114544,0.010046349838376045,0.2,-0.5593999571911991,0.1348779296875,0.0003
989.0,2134,3174400,1486,155,2.49601749,0.012605982,0.0027122984203924714,0.33394286036491394,0.1262567639350891,1540,0.0035231882633524948,0.013771896250545979,0.2,-0.5466714559867978,0.130986328125,0.0003
989.0,2148,3194880,1486,156,2.5066558399999996,0.010069823,0.002680650002857874,0.3348124027252197,0.130729079246521,1550,0.003472929645067779,0.014129705727100372,0.2,-0.5416097146645188,0.1256640625,0.0003
989.0,2162,3215360,1486,157,2.5187492000000002,0.01217675,0.0029854174538559166,0.33434218168258667,0.12797164916992188,1560,0.003895118519285461,0.01661786437034607,0.2,-0.5387578136101365,0.1374365234375,0.0003
989.0,2176,3235840,1487,158,2.52392901,0.011931755,0.0026294306093222987,0.33458375930786133,0.13717436790466309,1570,0.00319540069802315,0.020193515345454216,0.2,-0.5377981199882924,0.133466796875,0.0003
989.0,2189,3256320,1487,159,2.53598832,0.014592861,0.00269818922452032,0.3307889699935913,0.12359482049942017,1580,0.002991565616684966,0.029749810695648193,0.2,-0.5144646580331027,0.1434765625,0.0003
989.0,2203,3276800,1487,160,2.5376605899999998,0.012234409,0.0027126062486786395,0.32721176743507385,0.13218677043914795,1590,0.002786207066019415,0.009360434487462044,0.2,-0.4938695472292602,0.131826171875,0.0003
989.0,2217,3297280,1487,161,2.5457839,0.012915033,0.002572721779397398,0.3276854455471039,0.13289129734039307,1600,0.003953479651681846,-0.005278045777231455,0.2,-0.49324490189552306,0.1378564453125,0.0003
989.0,2230,3317760,1487,162,2.54943418,0.012957314,0.0027034896700206448,0.3262483477592468,0.13071602582931519,1610,0.0036471994000021367,0.014320412650704384,0.2,-0.49775186106562613,0.1352734375,0.0003
989.0,2244,3338240,1487,163,2.5519049700000003,0.011118921,0.002644286929134978,0.3298622667789459,0.13639289140701294,1620,0.003028308497596299,0.00046964315697550774,0.2,-0.5078775260783732,0.1355419921875,0.0003
989.0,2258,3358720,1487,164,2.56271749,0.014425355,0.002569227951371431,0.3278445899486542,0.13098478317260742,1630,0.0032047132855223025,0.00271514430642128,0.2,-0.49950361462309956,0.13693359375,0.0003
989.0,2271,3379200,1487,165,2.5774843300000003,0.010484499,0.002611779030321486,0.32715561985969543,0.1361333727836609,1640,0.002757485257461667,0.022964149713516235,0.2,-0.4961646324209869,0.12482421875,0.0003
989.0,2285,3399680,1487,166,2.55968839,0.014270721,0.002775116005614109,0.32456785440444946,0.12960749864578247,1650,0.0026701455487636847,-0.00724073825404048,0.2,-0.47910098984837535,0.1377880859375,0.0003
989.0,2299,3420160,1487,167,2.5589764600000002,0.012073489,0.0025762266179663127,0.3250734210014343,0.1369006633758545,1660,0.002872450518043479,0.010064925998449326,0.2,-0.48364826971665026,0.1330126953125,0.0003
989.0,2312,3440640,1487,168,2.55887587,0.013638872,0.002670833101037715,0.32186755537986755,0.13791102170944214,1670,0.0032638293757918293,0.011018916964530945,0.2,-0.4729789009131491,0.1352490234375,0.0003
989.0,2326,3461120,1487,169,2.5407173700000003,0.012435188,0.0026874291027706933,0.3225226402282715,0.13328289985656738,1680,0.0033715209366346243,0.007956440560519695,0.2,-0.4675092991068959,0.12697265625,0.0003
989.0,2340,3481600,1487,170,2.51810131,0.011530141,0.0025098784453439294,0.3212611675262451,0.13760435581207275,1690,0.003693816201703157,0.014433848671615124,0.2,-0.464623281173408,0.1320263671875,0.0003
989.0,2354,3502080,1487,171,2.51521338,0.0100982,0.00292667149386034,0.3208564221858978,0.139828622341156,1700,0.0037079585681203753,-0.008006935007870197,0.2,-0.4603636849299073,0.1377294921875,0.0003
989.0,2368,3522560,1487,172,2.53458648,0.0107192425,0.0026608709574793468,0.32055336236953735,0.13659411668777466,1710,0.004081160354980966,0.043928876519203186,0.2,-0.45856761461123824,0.127080078125,0.0003
989.0,2382,3543040,1487,173,2.55758597,0.011664012,0.002748527630465105,0.3205280303955078,0.13148146867752075,1720,0.003371000123588601,-0.01036107074469328,0.2,-0.46670592073351147,0.126181640625,0.0003
989.0,2395,3563520,1487,174,2.5840399999999994,0.01335258,0.0026739787131009507,0.3163543939590454,0.13827663660049438,1730,0.0030008081682899503,-0.011012033559381962,0.2,-0.452621349003166,0.134677734375,0.0003
989.0,2409,3584000,1487,175,2.56451299,0.012681806,0.002735192510299385,0.31552964448928833,0.1380348801612854,1740,0.0032168440382520204,-8.98182624951005e-05,0.2,-0.4419545347429812,0.133759765625,0.0003
989.0,2423,3604480,1487,176,2.58482592,0.012777644,0.002693192856513633,0.3147449791431427,0.13054698705673218,1750,0.002646227592776995,-0.006074979901313782,0.2,-0.43901495149359104,0.14,0.0003
989.0,2437,3624960,1487,177,2.56869414,0.012636473,0.0026799515495258674,0.311522901058197,0.1364673376083374,1760,0.0032794258346257265,0.007940121926367283,0.2,-0.42339307479560373,0.1284033203125,0.0003
989.0,2450,3645440,1487,178,2.5481463,0.01115483,0.002637469063702156,0.3088115453720093,0.13371634483337402,1770,0.003014260022027884,0.02554604969918728,0.2,-0.4037209123373032,0.1320263671875,0.0003
989.0,2464,3665920,1487,179,2.51462737,0.0127402935,0.002699109675450018,0.307895302772522,0.13980638980865479,1780,0.0030885165119252634,-0.011602532118558884,0.2,-0.3970082376338542,0.136357421875,0.0003
989.0,2478,3686400,1487,180,2.5259055800000003,0.011715678,0.0027953396119301034,0.30731892585754395,0.1314253807067871,1790,0.0026666725175164174,0.010524991899728775,0.2,-0.38535665096715094,0.1361865234375,0.0003
989.0,2492,3706880,1487,181,2.51370884,0.011845223,0.002592267726176942,0.3052111268043518,0.13319391012191772,1800,0.0031609864057099914,0.026381980627775192,0.2,-0.3823622271232307,0.1298779296875,0.0003
989.0,2506,3727360,1487,182,2.4992078199999996,0.013340147,0.0025824829951670834,0.3022986948490143,0.14204460382461548,1810,0.003538094601390185,-0.025390051305294037,0.2,-0.3601716176234186,0.129306640625,0.0003
989.0,2520,3747840,1487,183,2.4821459600000004,0.011272242,0.0026877376289849053,0.2989123463630676,0.1270235776901245,1820,0.0032690346278832294,-0.0016441791085526347,0.2,-0.3417078357376158,0.13103515625,0.0003
989.0,2534,3768320,1487,184,2.50484758,0.012587446,0.0025535119247069816,0.2967575788497925,0.14487218856811523,1830,0.0037152355974831154,-0.012942787259817123,0.2,-0.32750166883692144,0.1394140625,0.0003
989.0,2547,3788800,1487,185,2.51361872,0.011580872,0.002779627926101966,0.2963024377822876,0.14176160097122192,1840,0.004017621970560868,0.014246227219700813,0.2,-0.32005954343825577,0.13494140625,0.0003
989.0,2561,3809280,1487,186,2.52332582,0.010946216,0.0025461980305772156,0.29619336128234863,0.13970893621444702,1850,0.003857140581239946,-0.02842767909169197,0.2,-0.31762921389192345,0.13482421875,0.0003
989.0,2575,3829760,1487,187,2.53258321,0.011919878,0.0025726442010090976,0.29408499598503113,0.1334298849105835,1860,0.003918373202905059,0.00809621624648571,0.2,-0.30486439654603603,0.1353173828125,0.0003
989.0,2589,3850240,1486,188,2.5427884499999998,0.011964645,0.0024500390288449123,0.2939295172691345,0.1354336142539978,1870,0.0034289889670617415,-0.017342006787657738,0.2,-0.29479876704514024,0.1387744140625,0.0003
989.0,2603,3870720,1486,189,2.5087327,0.01133188,0.002365133883049566,0.29441016912460327,0.14227354526519775,1880,0.0037630836754397024,-0.014211838133633137,0.2,-0.2947959080338478,0.131416015625,0.0003
989.0,2617,3891200,1486,190,2.4783793699999994,0.013741583,0.002313766532079171,0.29268065094947815,0.14511829614639282,1890,0.003065956604841631,-0.044544920325279236,0.2,-0.2870923277363181,0.1363720703125,0.0003
989.0,2631,3911680,1486,191,2.44364077,0.01124691,0.002356766919074289,0.2930363714694977,0.14410436153411865,1900,0.0037163975863950325,-0.006297498010098934,0.2,-0.28498822243884203,0.1349365234375,0.0003
989.0,2645,3932160,1486,192,2.42383771,0.0126038045,0.0023816215027909495,0.293163001537323,0.14640283584594727,1910,0.003481003726774361,-0.006065297871828079,0.2,-0.2858243824727833,0.1337109375,0.0003
989.0,2659,3952640,1486,193,2.3976225399999995,0.0119944,0.0021844516348573963,0.2914222776889801,0.14887577295303345,1920,0.0040846017164585646,-0.016993286088109016,0.2,-0.2683432473614812,0.1340576171875,0.0003
989.0,2673,3973120,1486,194,2.39224706,0.011859281,0.0023824337398946228,0.2876538932323456,0.14437663555145264,1930,0.0037097891481244006,-0.015926316380500793,0.2,-0.24648851431906224,0.137705078125,0.0003
989.0,2687,3993600,1485,195,2.3944176,0.012932922,0.002200011732511484,0.2881513833999634,0.14080679416656494,1940,0.003401849782530917,-0.006906399503350258,0.2,-0.23853874526917934,0.1374853515625,0.0003
989.0,2701,4014080,1485,196,2.3881420600000003,0.012595249,0.0022085032430732097,0.2857232689857483,0.14359885454177856,1950,0.003916921758500394,0.0012576791923493147,0.2,-0.22309157015755773,0.1395263671875,0.0003
989.0,2715,4034560,1485,197,2.3789599999999997,0.014289799,0.002270580196600349,0.28566426038742065,0.14385616779327393,1960,0.0028918620315380394,0.02110261097550392,0.2,-0.21787268469110133,0.15017578125,0.0003
989.0,2729,4055040,1485,198,2.3955750200000008,0.011785257,0.002277316667696141,0.28142958879470825,0.14432740211486816,1970,0.003720266159798484,0.013853228650987148,0.2,-0.1924241961725056,0.1391796875,0.0003
989.0,2743,4075520,1485,199,2.4127293,0.012609048,0.0024431138803811337,0.28112322092056274,0.15122908353805542,1980,0.004865720163215883,0.04344037547707558,0.2,-0.1793561869300902,0.138427734375,0.0003
989.0,2757,4096000,1485,200,2.42495089,0.011289217,0.002162786410845001,0.28262606263160706,0.1485620141029358,1990,0.004455619317159289,-0.02154616080224514,0.2,-0.1898791476711631,0.1400830078125,0.0003
989.0,2771,4116480,1485,201,2.4433439999999997,0.013188456,0.002323980423025205,0.28136146068573,0.1396327018737793,2000,0.004118180854638922,-0.007715671788901091,0.2,-0.1908776625059545,0.1458984375,0.0003
989.0,2785,4136960,1485,202,2.43565172,0.015913427,0.002201815192020149,0.27929574251174927,0.14857226610183716,2010,0.003376275270129554,0.007026739418506622,0.2,-0.18073220582678914,0.1450439453125,0.0003
989.0,2799,4157440,1485,203,2.4236213600000003,0.011997431,0.002183235256525222,0.27900516986846924,0.14914339780807495,2020,0.004005657888483256,0.025199776515364647,0.2,-0.16803543919697403,0.135634765625,0.0003
989.0,2813,4177920,1484,204,2.3970539299999998,0.012337444,0.002185330895572406,0.27835991978645325,0.14860916137695312,2030,0.003308915867091855,-0.0006090259994380176,0.2,-0.1666148403659463,0.138642578125,0.0003
989.0,2827,4198400,1484,205,2.39444357,0.011723043,0.002103165695189091,0.2777358591556549,0.15239590406417847,2040,0.003579016390576726,-0.00503930076956749,0.2,-0.1694016059115529,0.132705078125,0.0003
989.0,2841,4218880,1484,206,2.3790357799999997,0.011843801,0.0021357160086517978,0.2753223478794098,0.1522904634475708,2050,0.0036834803150850347,0.02074970118701458,0.2,-0.15242400385439395,0.1377490234375,0.0003
989.0,2855,4239360,1484,207,2.39408454,0.0134015065,0.0021255162121997274,0.2752721309661865,0.15731322765350342,2060,0.004320249171287287,0.014545775949954987,0.2,-0.14260064024478197,0.142158203125,0.0003
989.0,2870,4259840,1484,208,2.37890814,0.012632951,0.002332483891168522,0.27422934770584106,0.14299505949020386,2070,0.004375130768748931,0.0021195351146161556,0.2,-0.1405394696444273,0.145556640625,0.0003
989.0,2884,4280320,1483,209,2.38615116,0.013076173,0.002127276585561049,0.27273452281951904,0.14341074228286743,2080,0.003102569168258924,0.013688690960407257,0.2,-0.13568475060164928,0.137666015625,0.0003
989.0,2898,4300800,1483,210,2.3784003300000003,0.012460516,0.0020946331447703414,0.27118533849716187,0.15297931432724,2090,0.003178100429067854,-0.02408674918115139,0.2,-0.11513850335031747,0.139814453125,0.0003
989.0,2912,4321280,1483,211,2.37548324,0.013540092,0.0021112267015087126,0.2704734206199646,0.14717131853103638,2100,0.0038217255313065836,-0.021183257922530174,0.2,-0.10381849147379399,0.1410205078125,0.0003
989.0,2926,4341760,1483,212,2.38862298,0.012028848,0.0022105139619998226,0.26954376697540283,0.1445465087890625,2110,0.004335974862769944,0.002555377082899213,0.2,-0.10086619541049004,0.1377197265625,0.0003
989.0,2940,4362240,1483,213,2.4074992799999997,0.012103354,0.00249522742255067,0.2664186358451843,0.15760856866836548,2120,0.003451718912110664,0.009315540082752705,0.2,-0.0834739126637578,0.141728515625,0.0003
989.0,2954,4382720,1483,214,2.4292267999999995,0.012554767,0.002130643263699312,0.266238808631897,0.15365242958068848,2130,0.0035441218817140905,0.022650085389614105,0.2,-0.07625827860087156,0.1386474609375,0.0003
989.0,2969,4403200,1483,215,2.4483612100000003,0.013960706,0.0022352057757052536,0.2620980739593506,0.14629769325256348,2140,0.0029692378305480817,0.027899347245693207,0.2,-0.050434340462088584,0.1446240234375,0.0003
989.0,2983,4423680,1482,216,2.4400966700000004,0.012400644,0.00216150941541855,0.26198941469192505,0.14918136596679688,2150,0.004320621371152811,0.004856417886912823,0.2,-0.044445044696331024,0.142705078125,0.0003
989.0,2997,4444160,1482,217,2.43186014,0.01216379,0.0021153031362882756,0.26271122694015503,0.15435951948165894,2160,0.004183083893731236,0.005448969081044197,0.2,-0.044459312409162524,0.1340185546875,0.0003
989.0,3011,4464640,1482,218,2.42262263,0.013534119,0.002129536847351119,0.26352182030677795,0.1515522003173828,2170,0.003990243576554349,0.03208355978131294,0.2,-0.054908428974449634,0.1389404296875,0.0003
989.0,3025,4485120,1482,219,2.4124280099999997,0.01325942,0.002291891307431797,0.26200130581855774,0.1465877890586853,2180,0.004030976595240645,-0.011698435992002487,0.2,-0.049744549058377746,0.1391259765625,0.0003
989.0,3039,4505600,1482,220,2.4017568,0.013358395,0.002192175277887145,0.26044297218322754,0.15169066190719604,2190,0.0035473517538048326,0.0004544943803921342,0.2,-0.037963209711015224,0.1467041015625,0.0003
989.0,3053,4526080,1482,221,2.42102673,0.012943348,0.0022328377489975538,0.2592083811759949,0.1491209864616394,2200,0.0037916288057749624,0.014439841732382774,0.2,-0.024893156737089157,0.1431396484375,0.0003
989.0,3067,4546560,1482,222,2.41131067,0.013767508,0.0023201881250861332,0.25882914662361145,0.14314699172973633,2210,0.0041891796086565595,0.021258531138300896,0.2,-0.022089066691696645,0.1384814453125,0.0003
989.0,3081,4567040,1482,223,2.4148196099999995,0.013825163,0.002121240602737089,0.2594747543334961,0.145361065864563,2220,0.003951333446020726,-0.0036676933523267508,0.2,-0.028518009670078753,0.1448828125,0.0003
989.0,3095,4587520,1482,224,2.4105247,0.0131893875,0.002241032420133706,0.25789326429367065,0.14591556787490845,2230,0.004188787058374146,0.02477177232503891,0.2,-0.012841933779418469,0.1475830078125,0.0003
989.0,3109,4608000,1482,225,2.40396673,0.013337364,0.002230460047649103,0.25769954919815063,0.14585912227630615,2240,0.004415894173725974,-0.022806089371442795,0.2,-0.019108899123966693,0.1449755859375,0.0003
989.0,3123,4628480,1481,226,2.37217743,0.012918942,0.0022031905726362312,0.25693899393081665,0.1451142430305481,2250,0.00366688116628211,0.001633363775908947,0.2,-0.012641071751713752,0.14240234375,0.0003
989.0,3137,4648960,1481,227,2.37827964,0.013281328,0.0022108483718875503,0.25666579604148865,0.15405672788619995,2260,0.0038174926819920076,0.0006743737030774355,0.2,-0.01182291142642498,0.1485498046875,0.0003
989.0,3151,4669440,1481,228,2.38507462,0.01266433,0.0021769366462649486,0.2526995837688446,0.14384561777114868,2270,0.004134180004039081,0.0008137999102473259,0.2,0.013573226109147072,0.146279296875,0.0003
989.0,3165,4689920,1481,229,2.3787155300000005,0.013358345,0.002157845449200977,0.2527036666870117,0.15086525678634644,2280,0.003991088799084537,0.006706127896904945,0.2,0.023825203254818916,0.144619140625,0.0003
989.0,3179,4710400,1481,230,2.3920968,0.014632312,0.002104649779976171,0.2512950003147125,0.1508162021636963,2290,0.0045664659737667535,0.006626992020756006,0.2,0.031920446641743185,0.1429931640625,0.0003
989.0,3193,4730880,1481,231,2.36447392,0.012960332,0.0021122851884138073,0.24945440888404846,0.15347588062286377,2300,0.004265506223746342,0.02223881520330906,0.2,0.04687704399228096,0.1463916015625,0.0003
989.0,3207,4751360,1481,232,2.37884249,0.012730548,0.002034463648524252,0.24855002760887146,0.15625512599945068,2310,0.004089976616669446,2.282671630382538e-05,0.2,0.050179114528000356,0.14234375,0.0003
989.0,3221,4771840,1481,233,2.37392007,0.013143465,0.0021860208165890072,0.245994433760643,0.1499950885772705,2320,0.0039634665250196125,0.014141506515443325,0.2,0.0672311782836914,0.1454248046875,0.0003
989.0,3235,4792320,1481,234,2.40071692,0.012203465,0.002128076255648921,0.24374663829803467,0.15071171522140503,2330,0.004121236538048833,0.00980999507009983,0.2,0.08601312130689621,0.1471923828125,0.0003
989.0,3249,4812800,1481,235,2.40971851,0.013722882,0.002221391039474838,0.24402806162834167,0.14774161577224731,2340,0.004102705772093032,-0.003789727808907628,0.2,0.09303550060838461,0.14482421875,0.0003
989.0,3263,4833280,1480,236,2.4323526199999996,0.013734126,0.002320022563853854,0.2440921515226364,0.14922279119491577,2350,0.004407496331259609,0.00606963038444519,0.2,0.08370422903448343,0.141201171875,0.0003
989.0,3277,4853760,1480,237,2.42898271,0.013558453,0.0022605708482478803,0.24369719624519348,0.14235049486160278,2360,0.004250883202039404,-0.0012710855808109045,0.2,0.09077823642641306,0.148154296875,0.0003
989.0,3291,4874240,1480,238,2.42752797,0.013421431,0.0022473611564601016,0.24251890182495117,0.1493561863899231,2370,0.004531459740537685,0.02221059426665306,0.2,0.09996837232261896,0.147841796875,0.0003
989.0,3305,4894720,1480,239,2.41817337,0.013008058,0.002221788873885089,0.24288371205329895,0.14679229259490967,2380,0.004783255738002481,0.027496377006173134,0.2,0.1042009113356471,0.139765625,0.0003
989.0,3319,4915200,1480,240,2.40838368,0.014103244,0.0023490901507284435,0.24251486361026764,0.14211517572402954,2390,0.004881659091624897,-0.028160899877548218,0.2,0.10510367780923843,0.1466650390625,0.0003
989.0,3333,4935680,1480,241,2.38556306,0.013385248,0.002213845196438342,0.2433578372001648,0.1534842848777771,2400,0.004290585256239865,0.004148741718381643,0.2,0.10019033543765545,0.143564453125,0.0003
989.0,3347,4956160,1480,242,2.39467059,0.015076347,0.0023899600351614935,0.2442108690738678,0.15348386764526367,2410,0.005156324933923315,-0.017650669440627098,0.2,0.09942851897329091,0.1514501953125,0.0003
989.0,3361,4976640,1480,243,2.3960521000000004,0.013796175,0.0022047393414686665,0.24353110790252686,0.14514541625976562,2420,0.004056257718184497,0.03526666387915611,0.2,0.10170576322823763,0.1423974609375,0.0003
989.0,3375,4997120,1480,244,2.4178652600000006,0.014671166,0.0022248837530059974,0.24301330745220184,0.1459035873413086,2430,0.004173134464799659,0.0020524347200989723,0.2,0.1099312449246645,0.1495751953125,0.0003
989.0,3389,5017600,1480,245,2.4538741400000004,0.013602167,0.0023641770665926744,0.2419254183769226,0.15028971433639526,2440,0.004528591196285561,0.005424451548606157,0.2,0.11521597284823656,0.14828125,0.0003
