time/iterations,time/fps,time/total_timesteps,time/time_elapsed,train/entropy_loss,train/learning_rate,train/clip_fraction,train/clip_range,train/approx_kl,train/std,train/explained_variance,train/n_updates,train/loss,train/value_loss,train/policy_gradient_loss,rollout/ep_len_mean,rollout/ep_rew_mean
1,876,12288,14,,,,,,,,,,,,,
2,754,24576,32,-2.823083248237769,0.0003,0.0308349609375,0.2,0.004038565,0.9905511736869812,-0.007270932197570801,10,25.33588981628418,51.93299427827199,-0.001718906305904966,,
3,721,36864,51,-2.8069526807715497,0.0003,0.047078450520833336,0.2,0.004989254,0.9790339469909668,-0.004143118858337402,20,20.19089126586914,51.677897487084074,-0.0016791785457220007,,
4,705,49152,69,-2.7834073554724457,0.0003,0.04735514322916667,0.2,0.005182226,0.9708957672119141,-0.004803299903869629,30,26.528823852539062,52.59965026775996,-0.0014633536918457442,,
5,695,61440,88,-2.7810518932839234,0.0003,0.05865885416666667,0.2,0.005433751,0.9700496196746826,-0.002077460289001465,40,21.5048828125,49.3777296970288,0.0003139784720891233,9989.0,324.8936111666667
6,708,73728,104,-2.7769909825176002,0.0003,0.060107421875,0.2,0.0059299767,0.9699020981788635,-0.001801133155822754,50,23.557950973510742,47.511075088381766,-0.0015562706042449765,9989.0,324.8936111666667
7,701,86016,122,-2.7591407960901657,0.0003,0.06311848958333334,0.2,0.006401118,0.9588481187820435,-0.0023069381713867188,60,28.484338760375977,55.284453656276064,-0.0008289172325021355,9989.0,324.8936111666667
8,695,98304,141,-2.7537191821883122,0.0003,0.05888671875,0.2,0.005721819,0.9607561826705933,-0.0007916688919067383,70,27.85903549194336,54.28502378662427,-0.002064514880233522,9989.0,324.8936111666667
9,691,110592,160,-2.7412540604670843,0.0003,0.06807454427083333,0.2,0.0064272266,0.9531221389770508,-0.0043299198150634766,80,25.973310470581055,53.77698124845823,-0.0006090900769777363,9989.0,324.8936111666667
10,687,122880,178,-2.7456624979774156,0.0003,0.054606119791666664,0.2,0.005418496,0.9593250751495361,-0.0013862848281860352,90,24.867443084716797,51.39768357177575,0.0003396584643875637,9989.0,102.66120383333332
11,695,135168,194,-2.753300608446201,0.0003,0.06350911458333333,0.2,0.0060987487,0.9587022066116333,-0.0018641948699951172,100,29.894487380981445,54.88541760245959,-0.0005218159893653744,9989.0,102.66120383333332
12,692,147456,212,-2.72991220044593,0.0003,0.06043294270833333,0.2,0.006512674,0.9427900910377502,0.0019278526306152344,110,25.398235321044922,51.571495136618616,-0.0017176465204101986,9989.0,102.66120383333332
13,698,159744,228,-2.7108007725328207,0.0003,0.05681966145833333,0.2,0.0050794478,0.9365818500518799,0.0038901567459106445,120,25.923917770385742,48.75163156986237,0.00019235799603241807,9989.0,102.66120383333332
14,703,172032,244,-2.688573621461789,0.0003,0.051106770833333336,0.2,0.005396832,0.9270290732383728,-0.004213929176330566,130,24.094005584716797,51.23000229895115,-0.0015582882411157091,9989.0,102.66120383333332
15,708,184320,260,-2.6775013456741967,0.0003,0.0450439453125,0.2,0.0050153974,0.9230159521102905,0.00028568506240844727,140,26.666419982910156,53.20070983767509,-0.0007754283484246116,9989.0,89.41135805555557
16,712,196608,275,-2.6661471718301377,0.0003,0.05951334635416667,0.2,0.0060130213,0.914315938949585,-0.0049697160720825195,150,35.79109573364258,53.123733672499654,-0.0003359559420156681,9989.0,89.41135805555557
17,709,208896,294,-2.65302263610065,0.0003,0.06009114583333333,0.2,0.006415716,0.9089707136154175,-0.0011157989501953125,160,30.266582489013672,53.918600517511365,-7.03126150862469e-05,9989.0,89.41135805555557
18,706,221184,313,-2.6409507802377146,0.0003,0.05559895833333333,0.2,0.00520926,0.9029197692871094,-0.0007469654083251953,170,20.08033561706543,51.70933811863264,-0.0002782375609967858,9989.0,89.41135805555557
19,710,233472,328,-2.6137944300969442,0.0003,0.05384114583333333,0.2,0.005530937,0.890170693397522,-0.0005668401718139648,180,23.649166107177734,53.65889107982318,-6.151800080260728e-05,9989.0,89.41135805555557
20,713,245760,344,-2.6062306853632133,0.0003,0.0443603515625,0.2,0.004479913,0.8889726996421814,-0.00010478496551513672,190,30.509029388427734,56.79825980563958,-0.0015289397051674314,9989.0,47.77863429166666
21,710,258048,363,-2.5804378256201743,0.0003,0.07657063802083333,0.2,0.007338241,0.8764933347702026,-0.0019266605377197266,200,26.44870948791504,51.9132513999939,0.0010967578549752944,9989.0,47.77863429166666
22,708,270336,381,-2.561337379117807,0.0003,0.07620442708333333,0.2,0.006966206,0.8661437034606934,-0.007822394371032715,210,29.985271453857422,56.00251920024554,0.0011400414262122164,9989.0,47.77863429166666
23,705,282624,400,-2.5230486121028664,0.0003,0.0436767578125,0.2,0.0050733625,0.8504826426506042,-0.0010311603546142578,220,31.019535064697266,53.58831784725189,-0.00019290260097477586,9989.0,47.77863429166666
24,708,294912,416,-2.502950279414654,0.0003,0.0443603515625,0.2,0.0043154997,0.8423959016799927,-0.007639765739440918,230,26.244935989379883,51.21907972991467,-0.001577419424211257,9989.0,47.77863429166666
25,711,307200,431,-2.49512499012053,0.0003,0.051253255208333334,0.2,0.0054060207,0.8443678617477417,-0.003820180892944336,240,23.311599731445312,53.15357315440973,-0.0020801473345879156,9989.0,35.60188889999999
26,709,319488,450,-2.4950657825917006,0.0003,0.056070963541666664,0.2,0.005818208,0.8408946990966797,-0.0019366741180419922,250,25.072555541992188,50.38924519717693,0.00030524014049054435,9989.0,35.60188889999999
27,711,331776,466,-2.4810290068387983,0.0003,0.05,0.2,0.0059699416,0.8340536952018738,0.004325389862060547,260,28.332748413085938,49.53955811758836,-0.001620794385841388,9989.0,35.60188889999999
28,714,344064,481,-2.468915004779895,0.0003,0.06607259114583333,0.2,0.006532151,0.8263628482818604,-0.0016089677810668945,270,19.3692684173584,53.47738246023655,-0.0007313547594094416,9989.0,35.60188889999999
29,716,356352,497,-2.4440091773867607,0.0003,0.0539794921875,0.2,0.005322804,0.8205718994140625,-0.0035189390182495117,280,23.689916610717773,50.62251737117767,-0.001606458433525404,9989.0,35.60188889999999
30,714,368640,516,-2.422592586775621,0.0003,0.053694661458333334,0.2,0.0052481648,0.8114601969718933,-0.0023845434188842773,290,28.56978988647461,52.995544425646465,-0.00014342756282227734,9989.0,4.094475333333345
31,712,380928,534,-2.4060295411696035,0.0003,0.0519287109375,0.2,0.0058614872,0.8048545122146606,0.00012284517288208008,300,25.88973617553711,53.37866308689117,-0.0012461681235436117,9989.0,4.094475333333345
32,714,393216,550,-2.3768965497612955,0.0003,0.04424641927083333,0.2,0.0053511537,0.7910279631614685,-0.00484311580657959,310,20.5579891204834,50.097292976578075,-0.0014877353711199247,9989.0,4.094475333333345
33,716,405504,565,-2.348869854211807,0.0003,0.06424967447916667,0.2,0.0060371966,0.7813329696655273,0.00020015239715576172,320,23.74413299560547,52.11338292459647,0.0001305819987464929,9989.0,4.094475333333345
34,718,417792,581,-2.3478467628359794,0.0003,0.06919759114583333,0.2,0.005986499,0.7816258668899536,0.00022345781326293945,330,24.3787899017334,52.58124989370505,-0.0003203340295537297,9989.0,4.094475333333345
35,716,430080,600,-2.342894005278746,0.0003,0.051285807291666666,0.2,0.005475847,0.7809052467346191,-0.0018790960311889648,340,25.650049209594727,52.86113850871722,-0.00015438481168530415,9989.0,9.91432542857143
36,718,442368,615,-2.350158089523514,0.0003,0.06665852864583334,0.2,0.006412968,0.7841301560401917,-0.004767298698425293,350,24.461864471435547,53.89711766839027,-0.0010323842801881256,9989.0,9.91432542857143
37,720,454656,631,-2.3534604605287313,0.0003,0.05703938802083333,0.2,0.0054663345,0.7827003598213196,-0.0015794038772583008,360,25.44219970703125,50.352172355850534,0.00037546560476281834,9989.0,9.91432542857143
38,721,466944,646,-2.348788195848465,0.0003,0.052506510416666666,0.2,0.0050153485,0.7834670543670654,-0.0006347894668579102,370,19.279146194458008,48.98776790599028,-0.0011005807224137242,9989.0,9.91432542857143
39,723,479232,662,-2.3396247142304976,0.0003,0.06102701822916667,0.2,0.0059321807,0.7793284058570862,0.0015491843223571777,380,22.60091209411621,53.03284958899021,-0.0008989085889576624,9989.0,9.91432542857143
40,724,491520,678,-2.3482587562253077,0.0003,0.033675130208333334,0.2,0.0034275297,0.7832839488983154,-0.003422975540161133,390,20.392135620117188,48.72356265981992,-0.0004984128693346671,9989.0,40.77009260416667
41,722,503808,697,-2.359352575490872,0.0003,0.05157877604166667,0.2,0.005058205,0.7882829308509827,-0.001204371452331543,400,25.17456817626953,50.99548834462961,-0.0013524718984020486,9989.0,40.77009260416667
42,720,516096,715,-2.3634192602088056,0.0003,0.04049479166666667,0.2,0.0043239244,0.7874935865402222,0.00010699033737182617,410,31.312210083007812,52.38123242855072,-0.0014890006109150515,9989.0,40.77009260416667
43,722,528384,731,-2.3541980548451344,0.0003,0.04668782552083333,0.2,0.005325169,0.7847522497177124,-0.001841902732849121,420,29.349361419677734,49.58175549606482,-0.0015771570153447101,9989.0,40.77009260416667
44,720,540672,750,-2.347101740911603,0.0003,0.04340006510416667,0.2,0.004332639,0.782693088054657,-0.0011388063430786133,430,26.691679000854492,51.28641186257203,-0.0013164763626264176,9989.0,52.14820990740741
45,721,552960,766,-2.341401581093669,0.0003,0.046671549479166664,0.2,0.0048387307,0.780667245388031,0.00015878677368164062,440,23.29110336303711,51.308494245012604,-0.0010285487078363076,9989.0,52.14820990740741
46,723,565248,781,-2.3426613884667558,0.0003,0.032430013020833336,0.2,0.0032042386,0.7795079946517944,0.0007628202438354492,450,22.412172317504883,57.93737082680067,-0.0009911823616372808,9989.0,52.14820990740741
47,724,577536,797,-2.3312092648198206,0.0003,0.05132649739583333,0.2,0.0044820434,0.7770153284072876,-0.0013850927352905273,460,35.07639694213867,51.216694406668346,0.00023982723311443503,9989.0,52.14820990740741
48,725,589824,813,-2.344562307993571,0.0003,0.04334309895833333,0.2,0.005450958,0.7810466289520264,-0.0012226104736328125,470,22.578105926513672,49.53316855827968,0.00034780294736265206,9989.0,52.14820990740741
49,726,602112,828,-2.3317611085871857,0.0003,0.03893229166666667,0.2,0.0051586195,0.7715900540351868,-0.002742290496826172,480,26.0194149017334,47.62579305271308,-0.0004994345432351111,9989.0,79.61231483333334
50,727,614400,844,-2.3173466842621564,0.0003,0.0421875,0.2,0.0050109467,0.7709347605705261,-0.0006062984466552734,490,21.602920532226562,47.28851098219554,-0.00017145801551426604,9989.0,79.61231483333334
51,729,626688,859,-2.292164161677162,0.0003,0.0474853515625,0.2,0.005672378,0.7580780982971191,-0.0001804828643798828,500,27.14301300048828,51.80221281051636,-0.0011760498010213874,9989.0,79.61231483333334
52,730,638976,875,-2.2806434414039054,0.0003,0.054728190104166664,0.2,0.004852176,0.7562299966812134,-0.00012612342834472656,510,24.899248123168945,48.331975702444716,-0.0006788342261036935,9989.0,79.61231483333334
53,731,651264,890,-2.2826478662590186,0.0003,0.0434326171875,0.2,0.0052243955,0.7558493614196777,-0.0009101629257202148,520,21.56126594543457,48.99335650801659,-8.42646319748989e-06,9989.0,79.61231483333334
54,732,663552,906,-2.2830463647842407,0.0003,0.038492838541666664,0.2,0.003754168,0.7572954297065735,-0.003263711929321289,530,25.577499389648438,51.877878847718236,-0.0006979050905404923,9989.0,79.36685187878788
55,733,675840,921,-2.2821507713447016,0.0003,0.06492513020833333,0.2,0.0056834705,0.7582852840423584,0.0008373260498046875,540,26.770156860351562,49.42006485760212,-6.72793065556713e-05,9989.0,79.36685187878788
56,733,688128,937,-2.250304209813476,0.0003,0.07076822916666667,0.2,0.008350995,0.7395370006561279,-0.0003294944763183594,550,23.206958770751953,52.530672518412274,0.0003926785828904637,9989.0,79.36685187878788
57,734,700416,953,-2.2113503966480494,0.0003,0.066455078125,0.2,0.006149551,0.7292309999465942,-0.0008565187454223633,560,25.220375061035156,52.52049337228139,0.00029019013685077275,9989.0,79.36685187878788
58,735,712704,968,-2.185772098104159,0.0003,0.05144856770833333,0.2,0.004400717,0.7213208675384521,-0.00016963481903076172,570,30.55023765563965,49.33132481873035,-0.0010348545643258452,9989.0,79.36685187878788
59,736,724992,984,-2.1674811843782664,0.0003,0.062117513020833334,0.2,0.0059253923,0.714058518409729,0.00011086463928222656,580,23.134479522705078,50.7204590310653,-0.0024414946437900653,9989.0,78.89012348611112
60,737,737280,999,-2.16198026885589,0.0003,0.07860514322916666,0.2,0.006977542,0.7134914994239807,0.00023651123046875,590,27.79088592529297,49.54300746421019,0.0007165365173326184,9989.0,78.89012348611112
61,738,749568,1015,-2.1387276557584602,0.0003,0.052718098958333334,0.2,0.005314234,0.7055658102035522,-0.0025441646575927734,600,23.006357192993164,53.51889914969603,-0.0017819786558902705,9989.0,78.89012348611112
62,739,761856,1030,-2.1338159962246817,0.0003,0.051985677083333334,0.2,0.0053713396,0.7029129266738892,-0.00017535686492919922,610,23.478343963623047,54.9532856186231,0.0003654047241676987,9989.0,78.89012348611112
63,737,774144,1049,-2.130542977899313,0.0003,0.0409423828125,0.2,0.0044574784,0.7043462991714478,0.0005014538764953613,620,24.943037033081055,57.02311560908954,-0.00013542794634607464,9989.0,78.89012348611112
64,738,786432,1064,-2.1280296308298907,0.0003,0.049910481770833334,0.2,0.0056663174,0.7011957764625549,0.0006662607192993164,630,27.88731575012207,54.54172525207202,-0.0017008637388547263,9989.0,75.05806270512821
65,739,798720,1080,-2.1098029550164936,0.0003,0.04425455729166667,0.2,0.005065846,0.6931878924369812,-0.0018950700759887695,640,29.072996139526367,54.388510286808014,-0.0006661069766172053,9989.0,75.05806270512821
66,737,811008,1098,-2.0922228193531436,0.0003,0.0466552734375,0.2,0.004835464,0.6855182647705078,0.0004277229309082031,650,29.78700065612793,55.71897597213586,0.00047689495962307166,9989.0,75.05806270512821
67,736,823296,1117,-2.062173955018322,0.0003,0.05029296875,0.2,0.0047200555,0.678231954574585,-0.0029592514038085938,660,24.525028228759766,53.15944499174754,-0.0015777319497525847,9989.0,75.05806270512821
68,737,835584,1133,-2.0508631045619645,0.0003,0.053751627604166664,0.2,0.0062857587,0.673382580280304,-0.0003139972686767578,670,19.00237464904785,48.89236290653547,-0.0009744444459405106,9989.0,75.05806270512821
69,735,847872,1152,-2.0403192427009342,0.0003,0.043741861979166664,0.2,0.0045202696,0.6730480194091797,0.0003688931465148926,680,27.743066787719727,50.571938982605936,-0.0003730764282712092,9989.0,80.7979762261905
70,736,860160,1167,-2.039683305347959,0.0003,0.0521240234375,0.2,0.0056362264,0.6693955659866333,-0.001000523567199707,690,22.665380477905273,52.774590744574866,-0.00029353873469517566,9989.0,80.7979762261905
71,737,872448,1182,-2.026865517968933,0.0003,0.0415283203125,0.2,0.004512724,0.6636011600494385,-0.0004305839538574219,700,25.015827178955078,50.43964694241683,-9.960742706122498e-05,9989.0,80.7979762261905
72,738,884736,1198,-2.011813834061225,0.0003,0.038492838541666664,0.2,0.004269563,0.6617088913917542,-0.0011937618255615234,710,28.161039352416992,51.008041789134346,0.0005348282202855141,9989.0,80.7979762261905
73,739,897024,1213,-2.0078821836660308,0.0003,0.043310546875,0.2,0.004112297,0.6585302352905273,-0.0008925199508666992,720,27.293581008911133,51.17453031937281,-0.0011385658786214965,9989.0,80.7979762261905
74,739,909312,1229,-1.977589091223975,0.0003,0.0601318359375,0.2,0.0059361104,0.6486982703208923,-0.0005096197128295898,730,27.695663452148438,50.171365474661194,-0.0016057849822876354,9989.0,73.81848153333334
75,740,921600,1244,-1.9562598643824458,0.0003,0.04853515625,0.2,0.0043701828,0.6425384283065796,-0.0005954504013061523,740,27.01947021484375,52.823190319538114,-0.0009780379524575741,9989.0,73.81848153333334
76,741,933888,1259,-1.9415604346742232,0.0003,0.0622314453125,0.2,0.0064795725,0.6378613114356995,0.000953376293182373,750,25.733129501342773,53.435687871774036,0.00017986150390546148,9989.0,73.81848153333334
77,739,946176,1278,-1.9285973196228345,0.0003,0.043017578125,0.2,0.0040925504,0.634742259979248,-0.0006390810012817383,760,21.763416290283203,48.344002132614456,0.00014294506205866735,9989.0,73.81848153333334
78,740,958464,1294,-1.9153806130091349,0.0003,0.040364583333333336,0.2,0.0047343173,0.6286987066268921,0.0007286667823791504,770,28.850460052490234,49.78269656697909,-0.00036480026841066623,9989.0,73.81848153333334
79,741,970752,1309,-1.8996940774843096,0.0003,0.06502278645833333,0.2,0.0051428485,0.6243038177490234,-0.0010095834732055664,780,24.144384384155273,51.35970234076182,0.0012346949965528135,9989.0,69.96995955208334
80,740,983040,1327,-1.8740228828042746,0.0003,0.0535888671875,0.2,0.0057005105,0.6159577369689941,-0.0011081695556640625,790,24.33298683166504,50.54934360384941,-0.0014301434275694191,9989.0,69.96995955208334
81,740,995328,1343,-1.8559073720127344,0.0003,0.04326985677083333,0.2,0.0046143592,0.6127969622612,0.00027626752853393555,800,29.83997917175293,53.13413278063138,-0.0005024023150326685,9989.0,69.96995955208334
82,741,1007616,1358,-1.8493757281452416,0.0003,0.03990885416666667,0.2,0.0043127052,0.6111404895782471,0.0005034208297729492,810,21.596782684326172,47.200901919603346,-0.0007519232569999682,9989.0,69.96995955208334
83,742,1019904,1374,-1.8603631259252629,0.0003,0.0413818359375,0.2,0.004219897,0.614633321762085,-0.0026400089263916016,820,22.96046257019043,48.466335420807205,-0.0007898460551587049,9989.0,77.29423339
84,742,1032192,1389,-1.8684452940399447,0.0003,0.03522135416666667,0.2,0.003675455,0.6174920797348022,0.00015747547149658203,830,26.15319061279297,49.07419115404288,-0.000779029835636417,9989.0,77.29423339
85,743,1044480,1404,-1.8743840678284565,0.0003,0.03689778645833333,0.2,0.004445721,0.6183962821960449,-0.0012918710708618164,840,25.548242568969727,54.031706390778226,-0.0009236506895831554,9989.0,77.29423339
86,744,1056768,1420,-1.8466909378146132,0.0003,0.044148763020833336,0.2,0.00514529,0.6074173450469971,-0.0009293556213378906,850,28.31519317626953,51.61252696414788,-0.0003866638588078786,9989.0,77.29423339
87,744,1069056,1435,-1.828414629213512,0.0003,0.038232421875,0.2,0.0038754663,0.603445291519165,-0.0018203258514404297,860,21.981489181518555,49.30652413169543,-0.0009829972940982165,9989.0,77.29423339
88,745,1081344,1450,-1.8056109310438235,0.0003,0.051497395833333334,0.2,0.0054047205,0.59556645154953,0.000746607780456543,870,22.064329147338867,46.88947018682957,-0.0027556353338392607,9989.0,83.94780005000001
89,745,1093632,1466,-1.7951832661405205,0.0003,0.03924153645833333,0.2,0.0038175676,0.5910706520080566,0.0005939006805419922,880,22.71758460998535,50.512889902790384,-0.0009674121716670925,9989.0,83.94780005000001
90,744,1105920,1484,-1.7815572225178282,0.0003,0.050008138020833336,0.2,0.0054444447,0.5904811024665833,-0.0009059906005859375,890,22.069543838500977,50.82654623091221,3.4798756435823938e-06,9989.0,83.94780005000001
91,745,1118208,1500,-1.773822168384989,0.0003,0.03868815104166667,0.2,0.004299953,0.5859240293502808,-6.99758529663086e-05,900,29.45541763305664,55.350215033690134,-0.0006133464739832561,9989.0,83.94780005000001
92,746,1130496,1515,-1.7724709975222745,0.0003,0.044694010416666666,0.2,0.0047524,0.5879833698272705,-0.0011992454528808594,910,22.32778549194336,52.645409138997394,-0.0012793071603179366,9989.0,83.94780005000001
93,746,1142784,1530,-1.777368777928253,0.0003,0.048722330729166666,0.2,0.004600938,0.5886069536209106,-0.002554655075073242,920,29.696115493774414,55.55255704720815,6.898400812739661e-05,9989.0,88.75217782
94,745,1155072,1549,-1.779257843643427,0.0003,0.0458251953125,0.2,0.004892828,0.589415431022644,-0.0019085407257080078,930,23.17751121520996,51.236522883176804,-0.0006347275841108058,9989.0,88.75217782
95,746,1167360,1564,-1.7699863096078237,0.0003,0.05795084635416667,0.2,0.0053084935,0.5869395732879639,-0.002652406692504883,940,23.50837516784668,50.31882396042347,-0.000302259572102533,9989.0,88.75217782
96,745,1179648,1583,-1.7601490306978425,0.0003,0.04117024739583333,0.2,0.0049645337,0.5812196731567383,6.073713302612305e-05,950,32.62318801879883,55.76631503502528,0.00015828591725342752,9989.0,88.75217782
97,744,1191936,1601,-1.7438245218247175,0.0003,0.0512451171875,0.2,0.004890852,0.5777488946914673,0.002433300018310547,960,26.923297882080078,51.21965418855349,-0.0008601850857909691,9989.0,88.75217782
98,744,1204224,1616,-1.7509819887578488,0.0003,0.06110026041666667,0.2,0.0070780995,0.5836330652236938,-0.0014657974243164062,970,27.616479873657227,54.100532456239065,0.0004926302700672143,9989.0,107.55261116000001
99,745,1216512,1632,-1.7443311412508289,0.0003,0.05398763020833333,0.2,0.005610253,0.5787730813026428,-0.00014102458953857422,980,25.566360473632812,46.78982129792372,-7.305802743455085e-05,9989.0,107.55261116000001
100,744,1228800,1650,-1.7441752057522535,0.0003,0.04419759114583333,0.2,0.004776632,0.577614426612854,-3.325939178466797e-05,990,28.330591201782227,49.67342350184917,-0.0002543131062945273,9989.0,107.55261116000001
101,744,1241088,1666,-1.7371098949884376,0.0003,0.0683837890625,0.2,0.006376034,0.5758752822875977,0.00039947032928466797,1000,25.74370002746582,51.26093649069468,0.0015536989725660534,9989.0,107.55261116000001
102,745,1253376,1681,-1.7286389583721757,0.0003,0.03795572916666667,0.2,0.003509355,0.5739818811416626,0.0016015172004699707,1010,30.04564666748047,55.63828148841858,-0.0017260631463917283,9989.0,107.55261116000001
103,745,1265664,1696,-1.7220754095663626,0.0003,0.06680501302083333,0.2,0.00587587,0.5708481669425964,-0.002743244171142578,1020,20.275848388671875,51.80966669519742,-0.002474565780115275,9989.0,116.10827782999999
104,746,1277952,1711,-1.7153091438735524,0.0003,0.05054524739583333,0.2,0.0052617565,0.5696792602539062,-0.00023925304412841797,1030,25.992984771728516,52.416033095121385,0.0006432255539645363,9989.0,116.10827782999999
105,747,1290240,1727,-1.7137338591118654,0.0003,0.04773763020833333,0.2,0.004437148,0.5716445446014404,-0.0009855031967163086,1040,26.987672805786133,53.576334444681805,-0.0017054807388679667,9989.0,116.10827782999999
106,746,1302528,1745,-1.7063934699321786,0.0003,0.0358642578125,0.2,0.003731297,0.5667134523391724,-0.0013568401336669922,1050,25.188602447509766,54.400434493025145,-0.0005629208233585814,9989.0,116.10827782999999
107,745,1314816,1764,-1.6981024638439217,0.0003,0.038899739583333336,0.2,0.0038472451,0.5638769865036011,-0.0016678571701049805,1060,30.822797775268555,53.9190274477005,-0.00036276151270916063,9989.0,116.10827782999999
108,744,1327104,1782,-1.6852184045438965,0.0003,0.04143880208333333,0.2,0.0045978683,0.560947060585022,-0.0002573728561401367,1070,21.28367805480957,49.96039417187373,-0.0006901010003881917,9989.0,127.75661672
109,743,1339392,1801,-1.6680061707894007,0.0003,0.048811848958333334,0.2,0.004465503,0.5555852651596069,-0.0032144784927368164,1080,27.425830841064453,52.9485211511453,-0.0007576570877669534,9989.0,127.75661672
110,744,1351680,1816,-1.6459922545279067,0.0003,0.04584147135416667,0.2,0.0038309172,0.55000901222229,-0.0010875463485717773,1090,24.2908992767334,48.154105669260026,0.0001732919370624586,9989.0,127.75661672
111,744,1363968,1831,-1.614339902314047,0.0003,0.05152180989583333,0.2,0.005363693,0.5385913848876953,0.0004266500473022461,1100,22.12413215637207,54.42441743016243,-0.00030687665748700964,9989.0,127.75661672
112,745,1376256,1846,-1.5760729527721802,0.0003,0.03150227864583333,0.2,0.003268255,0.5309011936187744,0.000534355640411377,1110,28.41149139404297,51.8819002687931,-0.0006159795508816993,9989.0,127.75661672
113,744,1388544,1865,-1.563095504976809,0.0003,0.04766438802083333,0.2,0.0049835546,0.5279241800308228,-0.0004401206970214844,1120,24.838083267211914,49.82838608125846,-0.0003459036238685561,9989.0,147.36656672
114,744,1400832,1880,-1.5415759387736518,0.0003,0.0468017578125,0.2,0.005529871,0.5221247673034668,-0.002645134925842285,1130,23.40486717224121,49.58214314679305,-0.001520405913591579,9989.0,147.36656672
115,745,1413120,1895,-1.525180898234248,0.0003,0.04159342447916667,0.2,0.0039925603,0.5178568959236145,-0.0008810758590698242,1140,28.165056228637695,48.37044997910659,-0.0006645731700700708,9989.0,147.36656672
116,746,1425408,1910,-1.5169564324120681,0.0003,0.038916015625,0.2,0.003951521,0.5149766206741333,-0.0013772249221801758,1150,24.966978073120117,51.26547959446907,-0.0005591402031617083,9989.0,147.36656672
117,745,1437696,1929,-1.4945925903196136,0.0003,0.038802083333333334,0.2,0.0051831915,0.5088403224945068,-0.00013589859008789062,1160,18.401947021484375,50.83449101448059,-0.0011841771877395028,9989.0,147.36656672
118,745,1449984,1945,-1.471858803369105,0.0003,0.036417643229166664,0.2,0.0037752383,0.5053882598876953,0.000526726245880127,1170,18.474313735961914,47.71516688168049,0.0001275279235414928,9989.0,152.59541671
119,745,1462272,1960,-1.4491549097622434,0.0003,0.033553059895833334,0.2,0.004259978,0.4969523549079895,-0.002030611038208008,1180,22.526939392089844,49.192125025391576,-0.00035764225370561086,9989.0,152.59541671
120,746,1474560,1975,-1.4320046160370112,0.0003,0.0325439453125,0.2,0.0033387134,0.49581846594810486,-0.0007091760635375977,1190,24.125240325927734,51.9630174557368,-2.6645925875830773e-06,9989.0,152.59541671
121,746,1486848,1991,-1.4263123435278733,0.0003,0.035904947916666666,0.2,0.0039903517,0.49300605058670044,-0.00010132789611816406,1200,25.71597671508789,49.72058594723543,-0.0009944878892080547,9989.0,152.59541671
122,747,1499136,2006,-1.4061520197739203,0.0003,0.042154947916666664,0.2,0.0042172563,0.4871189594268799,6.616115570068359e-06,1210,25.192827224731445,50.71187335451444,-0.0012808022793857768,9989.0,150.70252783
123,746,1511424,2023,-1.3989833841721218,0.0003,0.048234049479166666,0.2,0.005406048,0.48652011156082153,-0.0014153718948364258,1220,21.387359619140625,47.88039231300354,-0.0018979293015339257,9989.0,150.70252783
124,747,1523712,2038,-1.389872382519146,0.0003,0.04724934895833333,0.2,0.004679871,0.48324838280677795,0.0006833672523498535,1230,27.403730392456055,54.55264762043953,-0.0015930289118841756,9989.0,150.70252783
125,747,1536000,2054,-1.378385481176277,0.0003,0.0395751953125,0.2,0.0038880485,0.4801241159439087,0.00031179189682006836,1240,20.949386596679688,45.77910175323486,-0.0005209444709180389,9989.0,150.70252783
126,748,1548288,2069,-1.3525333582113186,0.0003,0.03720703125,0.2,0.00455729,0.47475534677505493,-0.0006300210952758789,1250,26.77045249938965,49.42058822115262,-0.0011888737682359837,9989.0,150.70252783
127,748,1560576,2084,-1.3408542660996319,0.0003,0.03492024739583333,0.2,0.0038992476,0.47387632727622986,-0.00041174888610839844,1260,20.783084869384766,48.2417748272419,-0.0012399389631658172,9989.0,165.19117781999998
128,749,1572864,2099,-1.331210350866119,0.0003,0.0470947265625,0.2,0.004826091,0.4704565405845642,0.0008934736251831055,1270,23.32551383972168,47.147428170839945,-0.0010291966450192073,9989.0,165.19117781999998
129,749,1585152,2114,-1.3135412557050585,0.0003,0.05145670572916667,0.2,0.0048125465,0.467085063457489,-0.0012346506118774414,1280,24.39533805847168,50.55864116748174,-0.0012994568976864684,9989.0,165.19117781999998
130,749,1597440,2132,-1.3082151178270578,0.0003,0.043961588541666666,0.2,0.0044881236,0.4648481607437134,-0.0008970499038696289,1290,24.138595581054688,52.55484263598919,-4.405224729756204e-05,9989.0,165.19117781999998
131,749,1609728,2147,-1.2883656123032172,0.0003,0.04627278645833333,0.2,0.0048741535,0.4590689539909363,-0.00018680095672607422,1300,20.812341690063477,46.786799590786295,-0.0010732316574528038,9989.0,165.19117781999998
132,750,1622016,2162,-1.273880121546487,0.0003,0.04173990885416667,0.2,0.0047573615,0.45668721199035645,0.0009618401527404785,1310,28.979995727539062,54.10181332826615,-0.00021057701499861044,9989.0,170.77564449000002
133,749,1634304,2180,-1.2636354169497888,0.0003,0.0497314453125,0.2,0.004923396,0.4550657272338867,-0.001965045928955078,1320,27.08281898498535,48.09072320361932,-0.00157469459506198,9989.0,170.77564449000002
134,748,1646592,2199,-1.258195275068283,0.0003,0.035929361979166664,0.2,0.0042624325,0.45431339740753174,0.0003960728645324707,1330,25.71333885192871,47.406489530205725,-0.0006750394158492175,9989.0,170.77564449000002
135,749,1658880,2214,-1.2311265983929236,0.0003,0.045914713541666666,0.2,0.0045981086,0.44609105587005615,0.00020885467529296875,1340,34.03274154663086,52.18499916493893,0.0012176757959726577,9989.0,170.77564449000002
136,749,1671168,2229,-1.221952315606177,0.0003,0.05016276041666667,0.2,0.004324013,0.4453884959220886,-0.0005252361297607422,1350,23.732486724853516,47.428504288196564,-0.001711943684980118,9989.0,170.77564449000002
137,749,1683456,2247,-1.218669626613458,0.0003,0.03567708333333333,0.2,0.0040037804,0.4444722533226013,-0.001628875732421875,1360,21.309581756591797,44.086772708098096,-0.0005234389485849533,9989.0,198.23530004
138,749,1695744,2262,-1.1986955234160026,0.0003,0.0558837890625,0.2,0.005502188,0.439255952835083,-0.0006728172302246094,1370,19.003372192382812,52.91489672462146,-0.0008093527605524287,9989.0,198.23530004
139,750,1708032,2277,-1.171721890196204,0.0003,0.03216959635416667,0.2,0.0033941113,0.43448251485824585,-0.0013680458068847656,1380,23.778457641601562,45.0599180996418,-5.1745573728112504e-05,9989.0,198.23530004
140,749,1720320,2295,-1.1584524113064012,0.0003,0.023282877604166665,0.2,0.0039943554,0.43073350191116333,-0.0006945133209228516,1390,21.381282806396484,47.80903307596842,-0.0001034551628739185,9989.0,198.23530004
141,749,1732608,2310,-1.1429024629294873,0.0003,0.035595703125,0.2,0.0045168702,0.425688773393631,-0.0007745027542114258,1400,21.15403175354004,43.270794993638994,-0.0006267625748781332,9989.0,198.23530004
142,750,1744896,2325,-1.1048490247378746,0.0003,0.03534342447916667,0.2,0.0041410825,0.4179038405418396,0.000705718994140625,1410,22.118980407714844,50.03001178701719,-0.0014654879207228078,9989.0,229.12907227
143,750,1757184,2339,-1.0761979206775625,0.0003,0.039510091145833336,0.2,0.0035308439,0.4128696024417877,-0.00027179718017578125,1420,28.145601272583008,47.95171605149905,-0.0009302512412129242,9989.0,229.12907227
144,751,1769472,2354,-1.0675570143386721,0.0003,0.0383544921875,0.2,0.00393303,0.41250699758529663,0.0010992884635925293,1430,22.253387451171875,42.68100790580114,-0.0002063724782904804,9989.0,229.12907227
145,751,1781760,2369,-1.050874034812053,0.0003,0.03271484375,0.2,0.0026628997,0.409368634223938,-0.00021278858184814453,1440,24.400550842285156,45.623490591843925,-0.0009296485028850535,9989.0,229.12907227
146,752,1794048,2384,-1.040810017598172,0.0003,0.03356119791666667,0.2,0.0035429362,0.4060032367706299,0.0006864666938781738,1450,26.64432716369629,45.21842191020648,-0.0003355144872330129,9989.0,229.12907227
147,752,1806336,2399,-1.006534290437897,0.0003,0.041365559895833334,0.2,0.0049455264,0.39829739928245544,-0.0012055635452270508,1460,23.315217971801758,45.24711179236571,-0.0012849568844103486,9989.0,259.59131115
148,753,1818624,2413,-0.9982182761343817,0.0003,0.03784993489583333,0.2,0.0039210506,0.40056556463241577,-0.00033915042877197266,1470,21.260210037231445,43.485551343361536,-0.0012058080816738463,9989.0,259.59131115
149,753,1830912,2428,-0.9997725809613863,0.0003,0.05298665364583333,0.2,0.004957728,0.39875471591949463,-0.0007892847061157227,1480,27.01030731201172,47.37322161793709,-0.0009369697597624812,9989.0,259.59131115
150,754,1843200,2443,-0.9732476041341821,0.0003,0.0449951171875,0.2,0.0048928927,0.39217156171798706,0.001182258129119873,1490,23.314064025878906,44.13577589293321,-0.0008754588990996127,9989.0,259.59131115
151,754,1855488,2457,-0.9393417381681501,0.0003,0.037272135416666664,0.2,0.004954429,0.3873468339443207,0.0011196136474609375,1500,26.468429565429688,46.85884537994862,-0.0008395511261672558,9989.0,259.59131115
152,755,1867776,2472,-0.9303102349862457,0.0003,0.03960774739583333,0.2,0.00402743,0.38589006662368774,0.0013439059257507324,1510,19.182361602783203,41.640131988128026,-0.0009709258515310164,9989.0,312.26497224
153,755,1880064,2487,-0.8971329979598522,0.0003,0.039990234375,0.2,0.004144356,0.3785399794578552,0.006077229976654053,1520,19.053808212280273,41.982230281829835,-0.0014910658113270376,9989.0,312.26497224
154,756,1892352,2501,-0.8681616465871532,0.0003,0.04144694010416667,0.2,0.0041372185,0.3760848939418793,-0.0001888275146484375,1530,20.491743087768555,37.05252539217472,-0.0007035979529367371,9989.0,312.26497224
155,756,1904640,2516,-0.8701916301312546,0.0003,0.04071451822916667,0.2,0.004516531,0.375781774520874,-0.0010040998458862305,1540,15.688819885253906,38.270165670911474,-0.001027593762531372,9989.0,312.26497224
156,757,1916928,2530,-0.8380547856291135,0.0003,0.0404296875,0.2,0.004491225,0.3709498643875122,-0.0008807182312011719,1550,21.192705154418945,40.12451926767826,-0.001594088887941325,9989.0,312.26497224
157,758,1929216,2544,-0.8197389900684356,0.0003,0.05103352864583333,0.2,0.004848814,0.3677162826061249,0.0002846717834472656,1560,20.167224884033203,38.75147886077563,-0.0022903918909529847,9989.0,393.2169889
158,758,1941504,2559,-0.7901036948896945,0.0003,0.047347005208333334,0.2,0.005123221,0.3637778162956238,-0.0002580881118774414,1570,16.98375701904297,38.00383233229319,-0.002467730601953614,9989.0,393.2169889
159,758,1953792,2577,-0.7571338324186703,0.0003,0.0423095703125,0.2,0.0049569122,0.35821399092674255,-0.0025284290313720703,1580,17.019289016723633,37.919857327143355,-0.0011359543106664205,9989.0,393.2169889
160,758,1966080,2591,-0.7198068471625447,0.0003,0.04785970052083333,0.2,0.0057714377,0.3519905209541321,0.00026482343673706055,1590,15.93771743774414,33.25971510608991,-0.00235029271110155,9989.0,393.2169889
161,758,1978368,2609,-0.6834670546464622,0.0003,0.04312337239583333,0.2,0.0051366417,0.3484528064727783,-0.0020329952239990234,1600,15.801547050476074,34.45440165003141,-0.0011920603562127023,9989.0,497.74707778000004
162,757,1990656,2626,-0.6553223656490446,0.0003,0.04632975260416667,0.2,0.005421432,0.34273213148117065,-0.0011255741119384766,1610,13.445496559143066,26.788476956884065,-0.0011245364947778094,9989.0,497.74707778000004
163,758,2002944,2641,-0.625943454944839,0.0003,0.04564615885416667,0.2,0.0045709778,0.33905768394470215,-0.0012874603271484375,1620,17.405160903930664,26.08407966593901,-0.0015733217535550163,9989.0,497.74707778000004
164,757,2015232,2658,-0.605602004006505,0.0003,0.04568684895833333,0.2,0.0053510056,0.3388817310333252,-0.0005621910095214844,1630,12.154741287231445,25.00519779920578,-0.001605938488258592,9989.0,497.74707778000004
165,758,2027520,2672,-0.5986019124276936,0.0003,0.04351399739583333,0.2,0.004381463,0.33859288692474365,-0.0008745193481445312,1640,14.659271240234375,23.54992759426435,-0.0009079043692812168,9989.0,497.74707778000004
166,758,2039808,2690,-0.5673387801274657,0.0003,0.050919596354166666,0.2,0.005470378,0.3344002068042755,0.00031620264053344727,1650,11.1559476852417,21.51302087008953,-0.0018221441949814712,9989.0,639.9024389
167,758,2052096,2704,-0.5392440060464044,0.0003,0.05223795572916667,0.2,0.0060077924,0.33035197854042053,-0.0001068115234375,1660,12.046371459960938,19.30008032768965,-0.0006986267454825186,9989.0,639.9024389
168,758,2064384,2722,-0.49694321577747663,0.0003,0.047412109375,0.2,0.00539686,0.32376474142074585,0.0023723244667053223,1670,13.464971542358398,20.676702138781547,-0.0018729341450428667,9989.0,639.9024389
169,758,2076672,2739,-0.4639180804292361,0.0003,0.040690104166666664,0.2,0.0036989457,0.3209698796272278,-0.0012089014053344727,1680,10.364469528198242,19.422615700463453,-0.0016965365034896725,9989.0,639.9024389
170,757,2088960,2757,-0.43270664679196974,0.0003,0.04476725260416667,0.2,0.004718182,0.31712695956230164,0.0001410841941833496,1690,8.912104606628418,16.726311619083088,-0.0016002558539184974,9989.0,639.9024389
171,758,2101248,2771,-0.386003262642771,0.0003,0.050187174479166666,0.2,0.0062606945,0.3092578649520874,-0.0037751197814941406,1700,7.2420549392700195,13.805084256082774,-0.0018103641500298788,9989.0,825.45358891
172,758,2113536,2785,-0.35865039587952197,0.0003,0.04969075520833333,0.2,0.0053169443,0.30739331245422363,-0.001139998435974121,1710,5.277853965759277,12.760719057296713,-0.0006207445859521006,9989.0,825.45358891
173,759,2125824,2799,-0.3213887607678771,0.0003,0.05785319010416667,0.2,0.0059399977,0.2997196912765503,-0.00014925003051757812,1720,4.855862140655518,12.239693346371253,-0.0018098352498176003,9989.0,825.45358891
174,760,2138112,2813,-0.2870800544818242,0.0003,0.04532063802083333,0.2,0.005130293,0.2970745861530304,0.0001698136329650879,1730,5.572159767150879,9.043132211764654,-0.0015850271549425088,9989.0,825.45358891
175,760,2150400,2826,-0.26547227003611623,0.0003,0.053914388020833336,0.2,0.005469976,0.2970016896724701,-0.0016434192657470703,1740,4.429472923278809,7.273834758500258,-0.0010756248877441977,9989.0,825.45358891
176,761,2162688,2840,-0.2531278883572668,0.0003,0.059716796875,0.2,0.0068227327,0.2960776090621948,0.0012442469596862793,1750,3.7402734756469727,7.242432821231584,-0.0015944653009986117,9989.0,1065.5237944599999
177,760,2174976,2858,-0.23502285530169806,0.0003,0.0647216796875,0.2,0.006330687,0.29355984926223755,-0.0026094913482666016,1760,9.651083946228027,11.346829322166741,-0.0010145447045943,9989.0,1065.5237944599999
178,760,2187264,2874,-0.21307479796620707,0.0003,0.06802571614583333,0.2,0.005862349,0.29325488209724426,0.00045096874237060547,1770,3.451352119445801,5.513529742167642,-0.0003188954141175297,9989.0,1065.5237944599999
179,760,2199552,2892,-0.19834622129177054,0.0003,0.04583333333333333,0.2,0.0048570405,0.2907871603965759,-0.0010551214218139648,1780,2.152604103088379,5.198413389486571,-0.0009536470099798559,9989.0,1065.5237944599999
180,760,2211840,2909,-0.16591486589362223,0.0003,0.06866048177083334,0.2,0.006400634,0.2858777642250061,0.00026279687881469727,1790,3.042452812194824,3.8078205616989482,-0.0014669325292440286,9989.0,1065.5237944599999
181,760,2224128,2923,-0.14096256550401448,0.0003,0.06648763020833333,0.2,0.0070833615,0.2824888825416565,-0.0034911632537841797,1800,2.863751173019409,3.6864336077589543,6.451775916502812e-05,9989.0,1327.10187224
182,760,2236416,2940,-0.12474392394845685,0.0003,0.08851725260416667,0.2,0.0066257003,0.282122939825058,-7.3909759521484375e-06,1810,0.817296028137207,10.057421114575117,-0.002479598223726498,9989.0,1327.10187224
183,761,2248704,2954,-0.13193859305853645,0.0003,0.08573404947916667,0.2,0.0069997613,0.2830953299999237,-0.0002086162567138672,1820,1.601392388343811,2.682097433748034,0.0003027945745998295,9989.0,1327.10187224
184,760,2260992,2971,-0.14462444266925256,0.0003,0.057291666666666664,0.2,0.0049369307,0.2876017093658447,-1.1086463928222656e-05,1830,1.6870052814483643,2.7034229492535813,-0.00013546880436479113,9989.0,1327.10187224
185,761,2273280,2985,-0.15425860440979403,0.0003,0.06006673177083333,0.2,0.0049268226,0.28893914818763733,3.653764724731445e-05,1840,0.875978410243988,2.8870554060442375,0.0006016420091327745,9989.0,1327.10187224
186,761,2285568,2999,-0.1545828809030354,0.0003,0.09232584635416667,0.2,0.0074343584,0.2906849682331085,0.0005912184715270996,1850,0.8189225196838379,2.3555386416303614,-0.000976699140786271,9989.0,1601.57950557
187,762,2297856,3013,-0.16557136351863544,0.0003,0.06756998697916666,0.2,0.007309223,0.29269173741340637,0.0011567473411560059,1860,1.2776464223861694,10.852431229595094,0.00011500053296913393,9989.0,1601.57950557
188,762,2310144,3031,-0.16594782344376047,0.0003,0.09038899739583334,0.2,0.006013714,0.29227766394615173,-0.0056580305099487305,1870,0.05468440800905228,2.035349577172504,-0.0003105850933934562,9989.0,1601.57950557
189,762,2322432,3044,-0.1570299234551688,0.0003,0.079931640625,0.2,0.006278015,0.29263561964035034,0.0009378194808959961,1880,2.8277673721313477,2.2623101787331206,-0.0016335677017195848,9989.0,1601.57950557
190,763,2334720,3058,-0.1832260529510677,0.0003,0.07892252604166666,0.2,0.008750961,0.29731661081314087,0.00012934207916259766,1890,0.9808909296989441,2.2743646423021953,2.4380073955398985e-05,9989.0,1601.57950557
191,763,2347008,3072,-0.20417443678403893,0.0003,0.08997395833333334,0.2,0.0065316097,0.29969316720962524,-0.0021104812622070312,1900,2.019320011138916,1.8888733189242581,0.0004999438651187422,9989.0,1875.66958335
192,764,2359296,3086,-0.20007404886807004,0.0003,0.06975911458333334,0.2,0.0059453584,0.2966104745864868,0.00023949146270751953,1910,18.165029525756836,10.649422041575114,-1.4610750925688383e-05,9989.0,1875.66958335
193,764,2371584,3103,-0.18797847932825487,0.0003,0.07437337239583333,0.2,0.0066238292,0.296787828207016,-0.0006389617919921875,1920,1.1337841749191284,3.255981411614145,-0.0005127802019463464,9989.0,1875.66958335
194,763,2383872,3121,-0.19692794357736906,0.0003,0.060994466145833336,0.2,0.0050801,0.29865533113479614,-0.0004603862762451172,1930,0.6604172587394714,2.341338175756391,0.0008792700158664956,9989.0,1875.66958335
195,763,2396160,3138,-0.20500799822621046,0.0003,0.06246744791666667,0.2,0.004904647,0.3019251823425293,0.000133514404296875,1940,0.806922435760498,3.10919660567306,-0.0008884484547403796,9989.0,1875.66958335
196,764,2408448,3152,-0.2579120533230404,0.0003,0.100244140625,0.2,0.010583227,0.3128500282764435,-0.00025153160095214844,1950,0.9132558703422546,1.7699371884635184,-0.0004040413606162474,9989.0,2145.89010557
197,763,2420736,3169,-0.2934102776926011,0.0003,0.0659912109375,0.2,0.0061830147,0.3145753741264343,0.0001569986343383789,1960,1.8217300176620483,11.50943337578016,-0.0008023209983851605,9989.0,2145.89010557
198,764,2433024,3183,-0.2915049407010277,0.0003,0.0503173828125,0.2,0.0046239444,0.31358802318573,-0.0021381378173828125,1970,1.4181756973266602,4.229763236874715,-0.00011466231062513543,9989.0,2145.89010557
199,764,2445312,3197,-0.32763994272487856,0.0003,0.07798665364583333,0.2,0.006993517,0.322065532207489,-7.700920104980469e-05,1980,1.5217679738998413,3.0559302184032275,-0.0006988263631986532,9989.0,2145.89010557
200,764,2457600,3213,-0.34752642653572063,0.0003,0.0522705078125,0.2,0.004954647,0.3250275254249573,-0.00026166439056396484,1990,2.1879446506500244,4.759985633815329,-0.000829477827452744,9989.0,2409.6887389099998
201,765,2469888,3227,-0.33420353654461604,0.0003,0.06918131510416667,0.2,0.007026762,0.3231077194213867,1.6570091247558594e-05,2000,3.502429962158203,13.227913936848442,0.0009227018446836155,9989.0,2409.6887389099998
202,765,2482176,3241,-0.3229623372821758,0.0003,0.061629231770833334,0.2,0.005077274,0.32221490144729614,-0.0005102157592773438,2010,0.6445779800415039,3.788365938623125,-9.48314582274179e-05,9989.0,2409.6887389099998
203,766,2494464,3255,-0.31948778697599967,0.0003,0.049601236979166664,0.2,0.0045898724,0.32172891497612,-0.0001533031463623047,2020,2.5666775703430176,4.094281607074663,-0.00141030212592644,9989.0,2409.6887389099998
204,766,2506752,3268,-0.31438766519228617,0.0003,0.051652018229166666,0.2,0.0041127442,0.3217434287071228,-1.0967254638671875e-05,2030,1.2531074285507202,3.473499484748269,-0.00042743070735014045,9989.0,2409.6887389099998
205,767,2519040,3282,-0.3032496461334328,0.0003,0.064111328125,0.2,0.005187357,0.3217240571975708,-0.0003161430358886719,2040,1.8550394773483276,3.9091093160832924,-0.00160988114742698,9989.0,2671.78695557
206,767,2531328,3296,-0.2988600737415254,0.0003,0.06559244791666667,0.2,0.006761553,0.32221341133117676,5.1915645599365234e-05,2050,2.6356472969055176,11.556720724546661,-0.0007322854178103929,9989.0,2671.78695557
207,768,2543616,3310,-0.2802960670242707,0.0003,0.06879069010416666,0.2,0.0065564737,0.31622231006622314,-0.0013823509216308594,2060,2.842890501022339,2.581574336835183,-0.0006049200356452882,9989.0,2671.78695557
208,768,2555904,3324,-0.28934369382138053,0.0003,0.0786865234375,0.2,0.0075684227,0.3225345015525818,4.547834396362305e-05,2070,2.0247676372528076,2.0254490851055986,-0.00025592534766474275,9989.0,2671.78695557
209,769,2568192,3338,-0.29984313836321236,0.0003,0.05645345052083333,0.2,0.00602714,0.3240109086036682,-0.00022876262664794922,2080,0.6700202822685242,2.450805076560937,0.00034023210646410006,9989.0,2671.78695557
210,769,2580480,3355,-0.28647216224732497,0.0003,0.04560546875,0.2,0.0039630146,0.32180148363113403,0.0003362894058227539,2090,2.9413228034973145,2.6413040376345935,-0.0007198729112133151,9989.0,2935.9465222399995
211,769,2592768,3369,-0.28488724773439267,0.0003,0.0670654296875,0.2,0.005276987,0.32243162393569946,0.00035446882247924805,2100,7.873267650604248,11.004647504615908,-0.0007622547527716961,9989.0,2935.9465222399995
212,770,2605056,3383,-0.28164532968463996,0.0003,0.05150553385416667,0.2,0.0047439276,0.322934091091156,-0.0009043216705322266,2110,1.568581461906433,2.803711751258622,-0.0005325769034243422,9989.0,2935.9465222399995
213,770,2617344,3396,-0.33341400272523364,0.0003,0.0658935546875,0.2,0.007169822,0.33604204654693604,0.0002187490463256836,2120,0.5472943186759949,1.963349466045232,0.0005077106616226956,9989.0,2935.9465222399995
214,770,2629632,3410,-0.3460899662226439,0.0003,0.05660807291666667,0.2,0.005416984,0.33320415019989014,-0.0005010366439819336,2130,0.51884526014328,2.5162265714180347,0.0002875418952802041,9989.0,2935.9465222399995
215,770,2641920,3428,-0.33679246028574805,0.0003,0.06800944010416667,0.2,0.0061752605,0.3310486972332001,-0.0007957220077514648,2140,3.3657450675964355,2.2692032932303845,-0.00018383947972324676,9989.0,3189.1680389
216,770,2654208,3445,-0.31501505003931624,0.0003,0.0558837890625,0.2,0.005274016,0.32714399695396423,-4.6372413635253906e-05,2150,2.5082411766052246,12.278366999172915,-0.0006035655542897682,9989.0,3189.1680389
217,770,2666496,3459,-0.2976957725826651,0.0003,0.0631591796875,0.2,0.0061917766,0.3228536546230316,-0.0005568265914916992,2160,1.3118085861206055,3.0103463599613556,-0.0010900855912041151,9989.0,3189.1680389
218,771,2678784,3473,-0.28446951022682093,0.0003,0.036279296875,0.2,0.0036560528,0.3239278495311737,-0.00011408329010009766,2170,0.26435261964797974,2.7347156889969484,-0.00034216336413616467,9989.0,3189.1680389
219,771,2691072,3487,-0.28397699353906014,0.0003,0.068994140625,0.2,0.0053520724,0.3244846761226654,-0.0002887248992919922,2180,1.0171992778778076,1.5078334565972908,0.0008639659770778962,9989.0,3189.1680389
220,772,2703360,3501,-0.26610295760134856,0.0003,0.07110188802083334,0.2,0.006741486,0.3187863230705261,-5.5789947509765625e-05,2190,1.1476434469223022,3.8102777549841753,-0.0004201053447710971,9989.0,3432.7839389
221,772,2715648,3515,-0.2675465393035362,0.0003,0.07476399739583334,0.2,0.0068558776,0.3205755949020386,5.0187110900878906e-05,2200,8.147994995117188,11.025681772253787,-0.00041699257114184246,9989.0,3432.7839389
222,773,2727936,3528,-0.27070487177309893,0.0003,0.05962727864583333,0.2,0.0055150674,0.3206348121166229,-0.0020183324813842773,2210,0.6622982621192932,2.64113301410495,9.452900073180596e-05,9989.0,3432.7839389
223,772,2740224,3546,-0.2745702610661586,0.0003,0.06378580729166666,0.2,0.0055564125,0.3201005756855011,1.3649463653564453e-05,2220,0.6324008107185364,2.275796754685386,-0.0003855720885136786,9989.0,3432.7839389
224,772,2752512,3563,-0.28952036566721895,0.0003,0.09307454427083334,0.2,0.0077391616,0.32295891642570496,0.00010073184967041016,2230,0.05722774565219879,1.4607594002067343,-0.00015387765797640894,9989.0,3432.7839389
225,772,2764800,3577,-0.31196071482263504,0.0003,0.06827799479166667,0.2,0.0055321716,0.32922831177711487,0.00015056133270263672,2240,0.570932149887085,3.038781792220349,-0.0012088985638304924,9989.0,3688.1343166799993
226,773,2777088,3591,-0.3143396120052785,0.0003,0.06795247395833333,0.2,0.0060858317,0.33103904128074646,0.0008539557456970215,2250,2.016636848449707,11.555114216761043,-0.0007471030217857333,9989.0,3688.1343166799993
227,773,2789376,3605,-0.31528148835835357,0.0003,0.07078450520833333,0.2,0.006017864,0.3301936686038971,-0.004073977470397949,2260,1.203155517578125,2.2005291698539318,-0.0003405240297676452,9989.0,3688.1343166799993
228,774,2801664,3618,-0.3075264252256602,0.0003,0.0568115234375,0.2,0.003909877,0.3299570083618164,1.1920928955078125e-07,2270,1.8990811109542847,2.230544228362851,-0.0001776790617441293,9989.0,3688.1343166799993
229,773,2813952,3636,-0.31927718739025296,0.0003,0.06370442708333333,0.2,0.0056065167,0.33355218172073364,0.00011175870895385742,2280,2.747074842453003,2.6204310769758496,-6.888522148074117e-05,9989.0,3688.1343166799993
230,774,2826240,3650,-0.37564119103675087,0.0003,0.12222493489583333,0.2,0.011856568,0.3486642837524414,-0.0036581754684448242,2290,0.23000651597976685,0.8676538747073209,-0.0005823127943585859,9989.0,3937.01820002
231,774,2838528,3663,-0.40204240403448543,0.0003,0.061279296875,0.2,0.0058633904,0.350668340921402,0.00017088651657104492,2300,10.758447647094727,12.744029168287913,-0.0007017769463952087,9989.0,3937.01820002
232,774,2850816,3681,-0.3959041310008615,0.0003,0.06660970052083333,0.2,0.0065130466,0.3491505980491638,-0.0025273561477661133,2310,1.429890513420105,3.3875616998101274,-0.0009439253049398151,9989.0,3937.01820002
233,774,2863104,3695,-0.4012910593456278,0.0003,0.073388671875,0.2,0.0074792258,0.3500354290008545,0.0006927847862243652,2320,1.2453393936157227,2.0746838914308077,0.0004841006240894785,9989.0,3937.01820002
234,775,2875392,3709,-0.39342183091988164,0.0003,0.059423828125,0.2,0.0054535996,0.35079312324523926,-0.0011049509048461914,2330,1.5779751539230347,3.9864391976967455,-0.001128973729040202,9989.0,3937.01820002
235,775,2887680,3723,-0.38894243037017684,0.0003,0.07701822916666666,0.2,0.0062499125,0.3518727123737335,-0.0011568069458007812,2340,1.2895655632019043,2.523278318772403,0.00017567724644322879,9989.0,4153.6924944600005
236,775,2899968,3737,-0.3881581526094427,0.0003,0.054606119791666664,0.2,0.0047032973,0.348039448261261,0.0003789663314819336,2350,1.0953086614608765,11.377961496620749,0.0005032783719798317,9989.0,4153.6924944600005
237,776,2912256,3751,-0.39262874859074753,0.0003,0.056689453125,0.2,0.005211746,0.35245126485824585,-0.0022945404052734375,2360,1.0170949697494507,2.5695866535650564,1.1549948855342033e-05,9989.0,4153.6924944600005
238,776,2924544,3765,-0.4078500686834256,0.0003,0.07723795572916667,0.2,0.006077841,0.3539923429489136,4.6312808990478516e-05,2370,0.8249591588973999,2.4780925920349546,-0.0002770713403151603,9989.0,4153.6924944600005
239,776,2936832,3782,-0.40798647520132364,0.0003,0.06603190104166666,0.2,0.0058918465,0.35518497228622437,-8.416175842285156e-05,2380,3.0804288387298584,3.600592094970246,-6.795358494855463e-05,9989.0,4346.78421112
240,776,2949120,3799,-0.4022822218326231,0.0003,0.07499186197916667,0.2,0.007980123,0.35434380173683167,0.00031626224517822266,2390,12.897250175476074,11.527760179759934,-0.0007299850417136137,9989.0,4346.78421112
241,776,2961408,3813,-0.4285969538303713,0.0003,0.07081705729166667,0.2,0.0066869445,0.362820565700531,-0.0013751983642578125,2400,2.791074275970459,2.0573658634365226,0.0004659082130577493,9989.0,4346.78421112
242,776,2973696,3827,-0.47656612905363244,0.0003,0.06543782552083334,0.2,0.0072807088,0.3715726137161255,-9.775161743164062e-06,2410,0.894058883190155,1.362792344384555,0.0010099311749703097,9989.0,4346.78421112
243,777,2985984,3841,-0.5031565682962537,0.0003,0.072314453125,0.2,0.0066536204,0.3790637254714966,-3.2186508178710938e-06,2420,0.9880943298339844,2.4367170181746283,-0.0014769192947521029,9989.0,4346.78421112
244,777,2998272,3855,-0.5081864772985379,0.0003,0.0500732421875,0.2,0.003875735,0.38085412979125977,0.00035566091537475586,2430,1.9157332181930542,3.5663625501096248,-0.0005559382632782217,9989.0,4512.95314445
245,778,3010560,3868,-0.5067833212204278,0.0003,0.06630859375,0.2,0.005683972,0.38420286774635315,0.0010954737663269043,2440,0.6863333582878113,11.184113405474152,-0.0009315603138626709,9989.0,4512.95314445
246,778,3022848,3882,-0.5287529559805989,0.0003,0.0775634765625,0.2,0.0072227977,0.3869813084602356,-0.0021744966506958008,2450,1.2509056329727173,1.8084131580467024,-0.00027089681170764377,9989.0,4512.95314445
247,778,3035136,3896,-0.546714325559636,0.0003,0.0619140625,0.2,0.0046418835,0.39543789625167847,-5.459785461425781e-05,2460,1.2706438302993774,2.6563921061732496,-0.00022238637235811137,9989.0,4512.95314445
248,779,3047424,3910,-0.571862490195781,0.0003,0.06133626302083333,0.2,0.0054078083,0.3969395160675049,4.70280647277832e-05,2470,2.284090518951416,2.5529781275118393,-0.00040038562923048934,9989.0,4512.95314445
249,779,3059712,3924,-0.569743043774118,0.0003,0.05048828125,0.2,0.003963923,0.39452117681503296,3.266334533691406e-05,2480,1.505788803100586,2.965540186106227,-0.00021851606009780274,9989.0,4622.7662611099995
250,780,3072000,3938,-0.5717841266964873,0.0003,0.059830729166666666,0.2,0.0053057093,0.3977181613445282,0.0007505416870117188,2490,17.140031814575195,12.886275145877153,-0.0013774052128913657,9989.0,4622.7662611099995
251,780,3084288,3953,-0.5726837249783178,0.0003,0.08001302083333334,0.2,0.0063743163,0.3976033926010132,-0.001628279685974121,2500,1.755497694015503,3.1206148655774695,-0.0013796535823833742,9989.0,4622.7662611099995
252,780,3096576,3967,-0.5772798211003344,0.0003,0.08233235677083334,0.2,0.007296706,0.3984752297401428,-0.0001283884048461914,2510,1.9782884120941162,2.2812551755690946,-0.00031735086849948857,9989.0,4622.7662611099995
253,780,3108864,3981,-0.5837139686880012,0.0003,0.06529134114583333,0.2,0.0058625415,0.398980051279068,-2.849102020263672e-05,2520,1.0094234943389893,3.7750627785610655,-0.0012943239777087,9989.0,4622.7662611099995
254,780,3121152,3998,-0.59859466344739,0.0003,0.06507161458333334,0.2,0.005639456,0.4052523672580719,-1.621246337890625e-05,2530,2.4280688762664795,3.1150632399134337,-0.0006986291853536386,9989.0,4681.719238889999
255,780,3133440,4016,-0.5841856923575203,0.0003,0.06771647135416667,0.2,0.006491099,0.39942410588264465,0.0006115436553955078,2540,11.07412338256836,11.641828043293208,-0.0009870716528287934,9989.0,4681.719238889999
256,780,3145728,4029,-0.5822526573203504,0.0003,0.06446940104166667,0.2,0.006450524,0.3983493447303772,-0.001137852668762207,2550,1.7764506340026855,2.3764249145596597,0.00050796255733682,9989.0,4681.719238889999
257,780,3158016,4043,-0.6047029873356223,0.0003,0.04312337239583333,0.2,0.0038726006,0.4055359661579132,-0.00020706653594970703,2560,0.28171804547309875,2.405474522562387,0.001098311642999761,9989.0,4681.719238889999
258,781,3170304,4057,-0.6015492013655603,0.0003,0.057275390625,0.2,0.005843327,0.4004693031311035,-4.6253204345703125e-05,2570,3.3820009231567383,4.550382912127922,-0.0013588280528589773,9989.0,4681.719238889999
259,780,3182592,4075,-0.5889522633204858,0.0003,0.06487630208333334,0.2,0.0063182437,0.39887791872024536,-0.0001480579376220703,2580,1.4120969772338867,3.2913208757682395,-0.0015615485059242928,9989.0,4707.3949
260,780,3194880,4092,-0.6022871434688568,0.0003,0.0498779296875,0.2,0.005493421,0.4017728865146637,0.00014388561248779297,2590,3.179028272628784,11.905353756994009,-0.0006417769630691813,9989.0,4707.3949
261,780,3207168,4109,-0.6071066764493783,0.0003,0.06664225260416666,0.2,0.006610838,0.4059084355831146,-0.0014431476593017578,2600,4.3848419189453125,3.9067837703352173,-0.002258261870035009,9989.0,4707.3949
262,780,3219456,4123,-0.6166999769707521,0.0003,0.05138346354166667,0.2,0.0050097615,0.40356531739234924,-1.2159347534179688e-05,2610,2.0584912300109863,2.6933222738172238,-0.00043941687896828323,9989.0,4707.3949
263,781,3231744,4137,-0.6125024698674679,0.0003,0.05545247395833333,0.2,0.0047464445,0.40362662076950073,5.364418029785156e-05,2620,3.1562299728393555,3.021476176404394,-0.0005445286905645237,9989.0,4707.3949
264,781,3244032,4151,-0.623415134071062,0.0003,0.057112630208333334,0.2,0.0067668348,0.4067077934741974,0.0010611414909362793,2630,2.8237833976745605,2.844256122619845,-0.0015734575915606305,9989.0,4710.7099
265,781,3256320,4164,-0.6331396796119709,0.0003,0.0372802734375,0.2,0.0040381993,0.4085676074028015,0.0010941028594970703,2640,2.9897663593292236,11.965533849674587,9.353728091809899e-05,9989.0,4710.7099
266,782,3268608,4178,-0.6289524134248495,0.0003,0.04956868489583333,0.2,0.004243936,0.41270801424980164,-0.002087831497192383,2650,0.4007781744003296,2.6622784996172415,3.37508429462711e-05,9989.0,4710.7099
267,782,3280896,4192,-0.6399628951835136,0.0003,0.054239908854166664,0.2,0.0055481195,0.4128812253475189,0.00010532140731811523,2660,1.2361910343170166,1.9111788096061597,0.0010373478544655275,9989.0,4710.7099
268,782,3293184,4209,-0.6525630534316103,0.0003,0.036604817708333334,0.2,0.0037933637,0.4158768355846405,-0.00026035308837890625,2670,2.3430469036102295,3.294973950460553,0.00023223342116883335,9989.0,4710.7099
269,781,3305472,4227,-0.6551893716367583,0.0003,0.0611572265625,0.2,0.0057490864,0.4156593680381775,0.00012379884719848633,2680,0.8916088342666626,2.892110708891414,-0.00093350138971194,9989.0,4708.8949
270,782,3317760,4241,-0.6357262110958497,0.0003,0.040877278645833334,0.2,0.004212965,0.4102104902267456,0.0012444257736206055,2690,15.03988265991211,11.663894196382413,-0.0004249074708544261,9989.0,4708.8949
271,782,3330048,4255,-0.6254852376257379,0.0003,0.04763997395833333,0.2,0.00414953,0.41214725375175476,-0.002520918846130371,2700,0.7492828369140625,2.9743101691128686,0.0007256263044837397,9989.0,4708.8949
272,782,3342336,4268,-0.6363184507936239,0.0003,0.05716145833333333,0.2,0.004861376,0.4129546284675598,2.6941299438476562e-05,2710,1.1819088459014893,2.4092965048504995,-0.0013898881614295532,9989.0,4708.8949
273,783,3354624,4282,-0.6553367534652352,0.0003,0.05164388020833333,0.2,0.004995928,0.4204866290092468,-6.318092346191406e-05,2720,2.208566904067993,2.9970881982551267,0.0004221099080799225,9989.0,4708.8949
274,783,3366912,4296,-0.6640856615578135,0.0003,0.06420084635416666,0.2,0.0074729943,0.41830748319625854,-0.0004711151123046875,2730,1.4343280792236328,3.835178806213662,-0.0016036400299829741,9989.0,4704.75495
275,783,3379200,4314,-0.6637026758554081,0.0003,0.053629557291666664,0.2,0.0045900336,0.4217153787612915,0.0009121298789978027,2740,2.8016228675842285,11.519577568086484,-1.618620929851507e-05,9989.0,4704.75495
276,783,3391488,4327,-0.6825585778802633,0.0003,0.04527994791666667,0.2,0.004179818,0.42894309759140015,-0.0023688077926635742,2750,3.576202630996704,3.862460101318235,0.0006459249439406752,9989.0,4704.75495
277,783,3403776,4341,-0.6988870254096885,0.0003,0.05694173177083333,0.2,0.005698371,0.4366610050201416,-6.42538070678711e-05,2760,1.030882716178894,2.4849673489962396,-0.00022435796490754,9989.0,4704.75495
278,784,3416064,4355,-0.6993035547745724,0.0003,0.04973958333333333,0.2,0.0051181666,0.4327567517757416,-4.947185516357422e-05,2770,1.3078155517578125,3.669461524905637,-0.00040761577402008696,9989.0,4704.75495
279,784,3428352,4369,-0.6978788679465652,0.0003,0.06803385416666667,0.2,0.006264264,0.4345439672470093,-6.842613220214844e-05,2780,0.11026190221309662,2.5507914402444536,-0.00013477183844467315,9989.0,4702.1
280,784,3440640,4383,-0.6989734119735658,0.0003,0.059586588541666666,0.2,0.0055682696,0.4348119795322418,4.112720489501953e-06,2790,17.179828643798828,12.425139556530242,-0.00045739642349265826,9989.0,4702.1
281,785,3452928,4397,-0.6982180028222501,0.0003,0.04852701822916667,0.2,0.0044891597,0.43869882822036743,0.0008400082588195801,2800,0.14595180749893188,2.3123248728496644,-0.00045834496698565395,9989.0,4702.1
282,785,3465216,4410,-0.7046446067281067,0.0003,0.06575520833333333,0.2,0.0070229727,0.43972891569137573,-0.0009748935699462891,2810,1.2102171182632446,2.121172311318029,-0.0009337646777566988,9989.0,4702.1
283,785,3477504,4428,-0.7107930119149387,0.0003,0.052286783854166664,0.2,0.005409941,0.4484834671020508,-1.621246337890625e-05,2820,0.9217503666877747,2.685814688478907,-0.0008140909650440638,9989.0,4708.595
284,785,3489792,4442,-0.7152737641086181,0.0003,0.05108235677083333,0.2,0.0050900327,0.4480864703655243,0.00011080503463745117,2830,1.6359161138534546,12.271522824093699,-0.0005378957178133229,9989.0,4708.595
285,785,3502080,4459,-0.7127408215155204,0.0003,0.0650634765625,0.2,0.0052314433,0.4512886106967926,-0.0018090009689331055,2840,1.648165225982666,2.7361049817176535,-0.0007920455757509141,9989.0,4708.595
286,785,3514368,4476,-0.7220047641855974,0.0003,0.0384033203125,0.2,0.0045373444,0.45798730850219727,-8.475780487060547e-05,2850,1.5394878387451172,2.928752492197479,-0.0004429969745009051,9989.0,4708.595
287,784,3526656,4493,-0.740154090275367,0.0003,0.062093098958333336,0.2,0.004978344,0.4642738401889801,4.076957702636719e-05,2860,0.15278202295303345,1.6982360276432398,-0.0002440127062679191,9989.0,4708.595
288,785,3538944,4507,-0.7474945042592783,0.0003,0.06830240885416666,0.2,0.005983796,0.4593192934989929,2.9742717742919922e-05,2870,0.17791888117790222,1.385265143995639,-0.0003544699206637839,9989.0,4715.78
289,785,3551232,4521,-0.7262476938776672,0.0003,0.059798177083333334,0.2,0.0042054015,0.4570327699184418,0.0006226897239685059,2880,4.0150532722473145,12.209133004397154,-0.0007041641741428369,9989.0,4715.78
290,785,3563520,4535,-0.7230978381199141,0.0003,0.0790283203125,0.2,0.007009504,0.4550560414791107,-0.0021010637283325195,2890,0.739949107170105,1.6638284687961762,0.00027836361647738764,9989.0,4715.78
291,786,3575808,4548,-0.7415066692667703,0.0003,0.035302734375,0.2,0.0058320886,0.4631596803665161,1.6033649444580078e-05,2900,1.7508186101913452,1.8315536328057835,0.000843511511872445,9989.0,4715.78
292,786,3588096,4562,-0.7428536027049025,0.0003,0.0538818359375,0.2,0.006146384,0.45866432785987854,0.0002442002296447754,2910,2.096665382385254,3.182854762075779,-0.0008786458739147444,9989.0,4715.78
293,786,3600384,4576,-0.7071999786421657,0.0003,0.052042643229166664,0.2,0.004715478,0.4501945376396179,-0.0013108253479003906,2920,1.4443989992141724,2.4208318858601463,-0.000372985457094425,9989.0,4716.515
294,787,3612672,4590,-0.6883934707380831,0.0003,0.062109375,0.2,0.005266648,0.4505465626716614,0.0014067292213439941,2930,1.4679086208343506,11.65508573629583,-0.0013025488216953818,9989.0,4716.515
295,787,3624960,4604,-0.7051869631124039,0.0003,0.058634440104166664,0.2,0.0051445877,0.4539223909378052,-0.003201007843017578,2940,1.5265344381332397,1.8828504001294883,-0.0003039081257156795,9989.0,4716.515
296,787,3637248,4617,-0.7190546916176875,0.0003,0.04324544270833333,0.2,0.0047676885,0.4524693191051483,5.4836273193359375e-05,2950,0.6841263175010681,1.736625388835091,0.0010184761932274947,9989.0,4716.515
297,787,3649536,4631,-0.7524464022989075,0.0003,0.06475423177083334,0.2,0.006501276,0.46544620394706726,-0.0002695322036743164,2960,1.098860502243042,2.0433341836498586,0.00041136146404217774,9989.0,4716.515
298,788,3661824,4645,-0.7559058733594914,0.0003,0.065771484375,0.2,0.0075291414,0.46073442697525024,-0.0024603605270385742,2970,0.8265091776847839,1.742191188155751,-0.00043255536365904845,9989.0,4720.01
299,788,3674112,4659,-0.7389063383452594,0.0003,0.05319010416666667,0.2,0.004097927,0.45789021253585815,0.0012317299842834473,2980,25.5272159576416,12.319855022865037,-0.0007176222907825529,9989.0,4720.01
300,788,3686400,4673,-0.7706445613565545,0.0003,0.07227376302083334,0.2,0.0067062103,0.47767120599746704,-0.0017265081405639648,2990,0.5631117224693298,1.7554833559396987,-0.0004744845380628249,9989.0,4720.01
301,789,3698688,4687,-0.768690204123656,0.0003,0.0479736328125,0.2,0.0048226467,0.47420668601989746,5.4836273193359375e-06,3000,2.076401710510254,2.428880274714902,-0.0014895379042476028,9989.0,4720.01
302,788,3710976,4704,-0.7722676856443286,0.0003,0.051025390625,0.2,0.0054394086,0.479766845703125,2.682209014892578e-06,3010,2.5190529823303223,2.3304249350330792,0.00036866800437564964,9989.0,4720.01
303,788,3723264,4721,-0.7961838457422952,0.0003,0.05890299479166667,0.2,0.0036407828,0.4841653108596802,-0.00039124488830566406,3020,1.5191552639007568,2.1774181910053207,0.0004023947452272599,9989.0,4722.005
304,788,3735552,4735,-0.8057214892158906,0.0003,0.05077311197916667,0.2,0.00413357,0.4875792860984802,0.0009422898292541504,3030,2.8165252208709717,11.354957958326365,-0.00013021338891121558,9989.0,4722.005
305,789,3747840,4749,-0.8182413564684491,0.0003,0.04418131510416667,0.2,0.0034269448,0.48869651556015015,-0.005002021789550781,3040,1.902253270149231,2.2669359035401917,0.0006463759886779978,9989.0,4722.005
306,789,3760128,4763,-0.8084965377114713,0.0003,0.0489501953125,0.2,0.0038455434,0.4829072654247284,-2.1576881408691406e-05,3050,1.5482946634292603,2.240322690041891,-0.0004926257791036429,9989.0,4722.005
307,789,3772416,4777,-0.8086444693307082,0.0003,0.06978352864583333,0.2,0.007750346,0.4866107106208801,-2.3126602172851562e-05,3060,0.44187426567077637,1.8553174889762887,-0.00022660235639098875,9989.0,4722.005
308,789,3784704,4794,-0.8131085664654771,0.0003,0.05130208333333333,0.2,0.0053652325,0.4913180470466614,-2.6226043701171875e-05,3070,1.7298940420150757,3.356330192166691,-0.0011716675201265995,9989.0,4719.26
309,789,3796992,4808,-0.8457091575178007,0.0003,0.07271321614583333,0.2,0.0071958764,0.4971953332424164,0.000969231128692627,3080,8.210522651672363,10.54815908743379,-0.00044434246786598426,9989.0,4719.26
310,789,3809280,4822,-0.8637524164281786,0.0003,0.04822591145833333,0.2,0.0031685454,0.5005865693092346,-0.0046977996826171875,3090,1.214898705482483,2.125567376955102,0.00070689277308702,9989.0,4719.26
311,790,3821568,4836,-0.872305663364629,0.0003,0.05091145833333333,0.2,0.0058771893,0.5073203444480896,-4.1604042053222656e-05,3100,1.574379324913025,2.5271884503851956,-0.0002977075317782389,9989.0,4719.26
312,790,3833856,4849,-0.8884977877760927,0.0003,0.058146158854166664,0.2,0.004434792,0.5134411454200745,3.49879264831543e-05,3110,1.976166009902954,2.5504710269044155,-0.0006410659212027288,9989.0,4719.26
313,790,3846144,4863,-0.8947264012259741,0.0003,0.06727701822916667,0.2,0.0072612516,0.5120611786842346,-0.0010747909545898438,3120,0.7216418385505676,2.64180974966536,-0.0011176313505226669,9989.0,4720.63
314,790,3858432,4881,-0.8834816892631352,0.0003,0.052596028645833334,0.2,0.0049140053,0.5107942223548889,0.0010918378829956055,3130,2.342329740524292,11.822150710659722,-0.00053001334987736,9989.0,4720.63
315,790,3870720,4894,-0.877796878758818,0.0003,0.0470947265625,0.2,0.0047092685,0.5086271166801453,-0.0030624866485595703,3140,0.3752326965332031,2.425031213031616,5.7277525775134565e-05,9989.0,4720.63
316,791,3883008,4908,-0.8858090288626651,0.0003,0.056746419270833334,0.2,0.0051903822,0.5091158151626587,6.318092346191406e-06,3150,0.26254335045814514,2.9198288642490904,-0.0005577878836144616,9989.0,4720.63
317,791,3895296,4922,-0.8669780627513926,0.0003,0.053141276041666664,0.2,0.0053529604,0.5027528405189514,-0.00013208389282226562,3160,1.3024426698684692,3.032076785659107,-0.0007241329812435045,9989.0,4720.63
318,791,3907584,4936,-0.8780393938533961,0.0003,0.07848307291666666,0.2,0.010015798,0.5047128200531006,-4.565715789794922e-05,3170,1.300299882888794,2.3823608728591354,-0.0006433704062753046,9989.0,4723.795
319,791,3919872,4950,-0.8561142940384646,0.0003,0.04891764322916667,0.2,0.0058039874,0.4976656436920166,0.0022971630096435547,3180,0.47601914405822754,11.97090251504754,-0.0007275512474734569,9989.0,4723.795
320,792,3932160,4964,-0.8274690809349219,0.0003,0.05274251302083333,0.2,0.0041295653,0.4948264956474304,-0.0011889934539794922,3190,1.7783026695251465,3.5305174390785394,-0.0010411840140780745,9989.0,4723.795
321,791,3944448,4981,-0.8036388129927218,0.0003,0.0579345703125,0.2,0.00511327,0.48350805044174194,-0.00016808509826660156,3200,1.1968802213668823,2.5137336544459687,-0.0006321426303960227,9989.0,4723.795
322,792,3956736,4995,-0.7777690855165322,0.0003,0.05517578125,0.2,0.005283754,0.4750533103942871,0.0009171962738037109,3210,0.3810999393463135,2.9743452600591507,-0.0012842722281978544,9989.0,4720.06
323,792,3969024,5009,-0.8039321407365302,0.0003,0.06383463541666666,0.2,0.00478464,0.48860669136047363,0.0017904043197631836,3220,0.6102928519248962,10.932834065007047,-0.0002857145067537203,9989.0,4720.06
324,792,3981312,5023,-0.7959327359994253,0.0003,0.06232096354166667,0.2,0.0058183237,0.4807404577732086,-0.001784205436706543,3230,1.0427924394607544,2.7371631691309934,-0.000729209417719782,9989.0,4720.06
325,792,3993600,5037,-0.7906116482801735,0.0003,0.03838704427083333,0.2,0.0037640391,0.4866006374359131,-5.030632019042969e-05,3240,1.0604640245437622,2.8419843438779937,-5.4649687929971456e-05,9989.0,4720.06
326,793,4005888,5050,-0.8103825073999663,0.0003,0.066943359375,0.2,0.0055716,0.48619717359542847,4.5299530029296875e-05,3250,0.6869128942489624,2.1808244117923703,-0.00022042410710128025,9989.0,4720.06
327,793,4018176,5064,-0.8292051331140101,0.0003,0.06189778645833333,0.2,0.0059284945,0.49379763007164,-1.33514404296875e-05,3260,0.15528789162635803,2.2835964638235358,-0.00027458326179233457,9989.0,4718.035
328,793,4030464,5078,-0.8400965547189116,0.0003,0.06454264322916667,0.2,0.0039751213,0.4907355308532715,0.0018177032470703125,3270,1.0276778936386108,12.183018806592251,-0.0002179259499826003,9989.0,4718.035
329,793,4042752,5092,-0.8412656577614447,0.0003,0.07096354166666667,0.2,0.0052933767,0.4968467056751251,-0.0022580623626708984,3280,1.7300825119018555,2.5313305718280996,-0.001100323404292188,9989.0,4718.035
330,794,4055040,5106,-0.8403842140610019,0.0003,0.0533203125,0.2,0.004796468,0.4972463548183441,7.361173629760742e-05,3290,0.6002871990203857,2.2913362658970677,-0.00019398199304608473,9989.0,4718.035
331,794,4067328,5120,-0.8389964800017575,0.0003,0.06580403645833334,0.2,0.0052158884,0.4988948702812195,0.00023216009140014648,3300,0.6710986495018005,2.82515068622306,-0.0009830144565057708,9989.0,4718.035
332,794,4079616,5134,-0.8412875006596248,0.0003,0.0498291015625,0.2,0.0040243813,0.5056155920028687,-0.0003428459167480469,3310,0.8456708788871765,2.90722677075925,-0.000950406745444828,9989.0,4721.44
333,794,4091904,5147,-0.8216022902168334,0.0003,0.0516845703125,0.2,0.0047384077,0.49584242701530457,0.001874387264251709,3320,10.62336540222168,11.222654274354378,-0.00048163820356421637,9989.0,4721.44
334,795,4104192,5161,-0.83199577704072,0.0003,0.07422688802083334,0.2,0.006717244,0.5027616620063782,-0.006999969482421875,3330,0.09840121865272522,1.4536030335361525,0.0010661121261364315,9989.0,4721.44
335,795,4116480,5175,-0.8726322347919147,0.0003,0.0437255859375,0.2,0.004599279,0.5154105424880981,-2.5033950805664062e-06,3340,0.841613233089447,1.962574427186822,0.000958516198140084,9989.0,4721.44
336,795,4128768,5189,-0.8833818322978914,0.0003,0.056412760416666666,0.2,0.0043329406,0.5127561092376709,1.3113021850585938e-06,3350,1.4149720668792725,2.9097816384242225,-0.000977701201676003,9989.0,4721.44
337,795,4141056,5203,-0.8764013052918017,0.0003,0.06122233072916667,0.2,0.0051595876,0.5119196772575378,0.00010716915130615234,3360,2.6006522178649902,3.4654954915866254,-0.000700551093177637,9989.0,4726.51
338,796,4153344,5217,-0.8721909509971738,0.0003,0.05728352864583333,0.2,0.0067996862,0.5123286843299866,0.0018259882926940918,3370,2.069291591644287,11.325102465118592,-0.00015561804975732229,9989.0,4726.51
339,796,4165632,5231,-0.8559914633010824,0.0003,0.07164713541666666,0.2,0.006899959,0.5046218037605286,-0.0022591352462768555,3380,0.4916442632675171,2.4463509483844974,-0.0014055596841596222,9989.0,4726.51
340,796,4177920,5244,-0.8725517294059197,0.0003,0.0511962890625,0.2,0.0036852912,0.5167635679244995,5.9723854064941406e-05,3390,0.6853026747703552,1.177474033557519,0.001935601634553071,9989.0,4726.51
341,796,4190208,5258,-0.9003806305117905,0.0003,0.06829427083333334,0.2,0.00677235,0.5170561671257019,-3.540515899658203e-05,3400,0.2173437774181366,2.006961448160776,0.00045625289591650167,9989.0,4726.51
342,797,4202496,5272,-0.9116924970721205,0.0003,0.0740966796875,0.2,0.0060990225,0.5210849046707153,0.0002332925796508789,3410,0.7569307684898376,2.9450232360123967,-0.0012211753559919695,9989.0,4731.46
343,796,4214784,5290,-0.9278468745139737,0.0003,0.049178059895833334,0.2,0.006350141,0.5315999388694763,0.0027648210525512695,3420,1.9167261123657227,11.695927559367071,-0.0006422645083754712,9989.0,4731.46
344,796,4227072,5303,-0.8981427919119597,0.0003,0.061018880208333334,0.2,0.005819416,0.5183752179145813,-0.003939270973205566,3430,3.2522621154785156,2.7123458065247785,-0.001117321930360049,9989.0,4731.46
345,797,4239360,5317,-0.8942953634075821,0.0003,0.042521158854166664,0.2,0.0037571236,0.5163729190826416,-7.450580596923828e-05,3440,0.11650121957063675,2.0400653474149295,0.0015663994342200265,9989.0,4731.46
346,797,4251648,5331,-0.897279488388449,0.0003,0.056396484375,0.2,0.0059722993,0.5156973600387573,-3.0279159545898438e-05,3450,0.7866402268409729,3.051044628761398,0.00032858898399960407,9989.0,4731.46
347,797,4263936,5345,-0.8949683252101143,0.0003,0.06643880208333333,0.2,0.005904019,0.5174959897994995,-5.4836273193359375e-06,3460,1.7765159606933594,3.150617296784185,-3.436802095772388e-05,9989.0,4733.725
348,797,4276224,5360,-0.8867938737074534,0.0003,0.05489908854166667,0.2,0.0056939437,0.5127847194671631,0.0016518235206604004,3470,1.581536054611206,12.014695800623546,-0.0010187416041541534,9989.0,4733.725
349,797,4288512,5374,-0.8784212256471317,0.0003,0.059122721354166664,0.2,0.005098948,0.5076116919517517,-0.007106304168701172,3480,0.35172292590141296,1.6950354814490614,0.0009999937108356486,9989.0,4733.725
350,798,4300800,5388,-0.8974227706280847,0.0003,0.04608561197916667,0.2,0.0038659472,0.519743025302887,2.6285648345947266e-05,3490,1.464238166809082,3.3006010220386086,-0.00014429415714403148,9989.0,4733.725
351,798,4313088,5401,-0.904749216325581,0.0003,0.051310221354166664,0.2,0.0042199423,0.5234276056289673,4.488229751586914e-05,3500,0.3547695279121399,3.625148205365986,-0.0009148906445868003,9989.0,4733.725
352,798,4325376,5415,-0.889806131987522,0.0003,0.06486002604166667,0.2,0.006426813,0.5233492851257324,-0.0002846717834472656,3510,2.2258098125457764,3.2767170583984506,-0.0011775832060569277,9989.0,4732.3
353,798,4337664,5429,-0.89647257020697,0.0003,0.06338704427083333,0.2,0.005039451,0.5268793106079102,0.0023058056831359863,3520,3.441352367401123,11.228271387595063,-0.00022851356892109227,9989.0,4732.3
354,799,4349952,5443,-0.8864879540167749,0.0003,0.059407552083333336,0.2,0.006736769,0.5256785154342651,-0.0037461519241333008,3530,2.310433864593506,2.44324058664497,-0.0004014209514328589,9989.0,4732.3
355,799,4362240,5457,-0.8742063668556511,0.0003,0.049723307291666664,0.2,0.004155466,0.5224669575691223,0.00010353326797485352,3540,3.4549272060394287,2.336868982440016,0.0006457874482293846,9989.0,4732.3
356,799,4374528,5471,-0.8618147864316901,0.0003,0.0647216796875,0.2,0.0053590727,0.5187659859657288,-0.00010097026824951172,3550,0.6435109376907349,1.6738216105479902,-1.8739333851650977e-05,9989.0,4732.3
357,799,4386816,5485,-0.8607924353952209,0.0003,0.07405598958333333,0.2,0.006666331,0.5163156390190125,6.914138793945312e-05,3560,1.0860116481781006,1.7394797611321944,0.0003077403550075057,9989.0,4739.455
358,799,4399104,5502,-0.8666549066081644,0.0003,0.061873372395833334,0.2,0.0048832945,0.5144267082214355,0.0020003914833068848,3570,1.0380300283432007,11.111488757003098,0.0002774687078878439,9989.0,4739.455
359,799,4411392,5516,-0.8941591481057306,0.0003,0.08016764322916667,0.2,0.008031384,0.5303310751914978,-0.0032243728637695312,3580,1.1904054880142212,1.6663800042452446,-0.00013799350078140074,9989.0,4739.455
360,799,4423680,5530,-0.9218387293318907,0.0003,0.07300618489583334,0.2,0.0075401105,0.5307931303977966,-0.00023627281188964844,3590,0.5196306705474854,1.8899924509537718,0.00018025342287728563,9989.0,4739.455
361,799,4435968,5548,-0.8948361817126472,0.0003,0.06285807291666666,0.2,0.007887473,0.517242431640625,-0.0001081228256225586,3600,1.9582279920578003,3.0203084538535525,-0.0018476300065231044,9989.0,4741.15
362,799,4448256,5562,-0.8765880556466679,0.0003,0.05392252604166667,0.2,0.0055480674,0.519637942314148,0.0018451809883117676,3610,14.523423194885254,12.34995164508,-0.00020618389595862633,9989.0,4741.15
363,799,4460544,5579,-0.8987088853182892,0.0003,0.063427734375,0.2,0.005003163,0.5308096408843994,-0.0014251470565795898,3620,1.7895132303237915,2.6082267592583475,0.0005551770048138375,9989.0,4741.15
364,799,4472832,5593,-0.923319945173959,0.0003,0.041975911458333334,0.2,0.0031973484,0.5380039811134338,-0.00016355514526367188,3630,1.017488956451416,3.196477677929215,0.0007830215397310288,9989.0,4741.15
365,799,4485120,5607,-0.9631801441932718,0.0003,0.05594075520833333,0.2,0.0050512524,0.549233078956604,-3.2782554626464844e-05,3640,1.3154561519622803,2.4265693401684985,0.000379020690646333,9989.0,4741.15
366,800,4497408,5621,-0.9614631609680752,0.0003,0.048787434895833336,0.2,0.0040175314,0.5402224659919739,0.00018417835235595703,3650,0.47855159640312195,2.924141062004492,-0.0006832220231444807,9989.0,4741.07612778
367,800,4509696,5635,-0.9468098193096618,0.0003,0.06580403645833334,0.2,0.007370995,0.5396786332130432,0.0018697381019592285,3660,1.0365781784057617,11.636704902971784,-0.0009719054243760184,9989.0,4741.07612778
368,800,4521984,5649,-0.9551716625690461,0.0003,0.05087076822916667,0.2,0.0053962707,0.5440672039985657,-0.0033479928970336914,3670,0.7691807746887207,2.8778494915381696,-0.00027814103583902275,9989.0,4741.07612778
369,800,4534272,5663,-0.9657905080045263,0.0003,0.0542724609375,0.2,0.0057366877,0.5515730381011963,-2.110004425048828e-05,3680,2.172102928161621,3.5048098707571627,-0.001181272365162537,9989.0,4741.07612778
370,800,4546560,5677,-0.9728105681637923,0.0003,0.05996907552083333,0.2,0.006321383,0.5503414869308472,-7.62939453125e-05,3690,0.9583668112754822,1.8968031204887665,-8.628121261911777e-05,9989.0,4741.07612778
371,801,4558848,5691,-0.9757746308731536,0.0003,0.04702962239583333,0.2,0.0054212622,0.553943932056427,-0.0007408857345581055,3700,1.004267692565918,3.5146394537917027,-0.0008455632286010465,9989.0,4736.0061277800005
372,801,4571136,5705,-0.9578052836780747,0.0003,0.05182291666666667,0.2,0.0054840855,0.5524337291717529,0.0023822784423828125,3710,2.1920268535614014,11.104631177677463,-0.00029674225406779443,9989.0,4736.0061277800005
373,801,4583424,5719,-0.9525075358649094,0.0003,0.05166015625,0.2,0.005729133,0.5515924692153931,-0.004258632659912109,3720,0.8098940849304199,1.885369071785438,0.000284414866488684,9989.0,4736.0061277800005
374,801,4595712,5732,-0.9806091190005343,0.0003,0.05266927083333333,0.2,0.0052196854,0.5647145509719849,9.047985076904297e-05,3730,0.6747172474861145,2.315480447250108,-7.665159088598254e-05,9989.0,4736.0061277800005
375,801,4608000,5746,-0.9999821469187736,0.0003,0.08585611979166667,0.2,0.0057660392,0.5624406933784485,-0.00044476985931396484,3740,0.11722808331251144,1.6859103024898408,0.0006873836620798102,9989.0,4736.0061277800005
376,802,4620288,5760,-1.0026928340705732,0.0003,0.05463053385416667,0.2,0.004917763,0.5670281648635864,-8.404254913330078e-05,3750,1.0948175191879272,3.567263151317214,-0.001141288545234905,9989.0,4734.6711277800005
377,802,4632576,5774,-0.9961826643596093,0.0003,0.0482666015625,0.2,0.004690029,0.5738570690155029,0.0015731453895568848,3760,1.980778455734253,12.852046316613754,-0.0009805314704863122,9989.0,4734.6711277800005
378,802,4644864,5788,-1.0207542553854485,0.0003,0.07876790364583333,0.2,0.0072841994,0.5809513926506042,-0.00433504581451416,3770,0.5177301168441772,1.958513402620641,0.0004919768415372043,9989.0,4734.6711277800005
379,802,4657152,5802,-1.0385453103731075,0.0003,0.05859375,0.2,0.005677243,0.5810777544975281,8.541345596313477e-05,3780,0.15699997544288635,2.4615074171102607,-0.000401648276601918,9989.0,4734.6711277800005
380,802,4669440,5816,-1.0414709525182844,0.0003,0.0847412109375,0.2,0.006751627,0.5779262185096741,-0.00022339820861816406,3790,0.3416641652584076,1.4952457364440004,0.0006714131953534282,9989.0,4734.6711277800005
381,803,4681728,5830,-1.0355227318281928,0.0003,0.05614420572916667,0.2,0.0063107335,0.5756206512451172,6.41942024230957e-05,3800,1.6322232484817505,3.9036545118161787,-0.0013282309344504028,9989.0,4731.6711277800005
382,803,4694016,5844,-1.0332974268123507,0.0003,0.050374348958333336,0.2,0.006445708,0.5838748216629028,0.002102792263031006,3810,4.341719627380371,11.610119405699272,-0.00011115390819516809,9989.0,4731.6711277800005
383,803,4706304,5857,-1.0385165167351564,0.0003,0.06735026041666667,0.2,0.006347619,0.5807192921638489,-0.005280017852783203,3820,0.8582634329795837,2.3100800173318325,-0.00011589026362344157,9989.0,4731.6711277800005
384,803,4718592,5875,-0.9985089002177119,0.0003,0.03827311197916667,0.2,0.0058077103,0.5696836113929749,-1.1920928955078125e-07,3830,2.640834093093872,4.428095939196647,-0.0014610912670226146,9989.0,4731.6711277800005
385,803,4730880,5889,-0.9791610989409189,0.0003,0.05595703125,0.2,0.0049077887,0.5684024691581726,-0.00026917457580566406,3840,1.1169942617416382,3.071412971941754,-0.0007210357885924168,9989.0,4731.6711277800005
386,803,4743168,5906,-1.0009408227478465,0.0003,0.08514811197916666,0.2,0.008290109,0.582751452922821,-0.0004298686981201172,3850,1.5243419408798218,1.6425184484338389,-0.0004886144618164205,9989.0,4729.06112778
387,803,4755456,5920,-1.0338709842413665,0.0003,0.05194498697916667,0.2,0.0054082074,0.585837185382843,0.00219571590423584,3860,21.298442840576172,10.196226384669233,0.0008366668138478417,9989.0,4729.06112778
388,802,4767744,5937,-1.053775750969847,0.0003,0.05687662760416667,0.2,0.005133579,0.5908154249191284,-0.005298495292663574,3870,1.1491214036941528,2.74720998511184,-0.0006618769769071756,9989.0,4729.06112778
389,803,4780032,5952,-1.058308799006045,0.0003,0.04869791666666667,0.2,0.006573666,0.6005117297172546,2.3365020751953125e-05,3880,1.6803193092346191,2.951639333545851,-0.0015191944638597002,9989.0,4729.06112778
390,802,4792320,5969,-1.0405704188471039,0.0003,0.0476806640625,0.2,0.004310075,0.5913236737251282,-0.0001266002655029297,3890,2.321646213531494,3.5581191778726255,-0.0008939532604320751,9989.0,4729.06112778
391,802,4804608,5986,-1.0385180606817206,0.0003,0.067822265625,0.2,0.006348532,0.5899320244789124,-0.00027501583099365234,3900,0.3124559819698334,1.8574247520281157,0.0002086934655380901,9989.0,4728.91112778
392,802,4816896,6000,-1.0510751875738302,0.0003,0.0465087890625,0.2,0.005935257,0.6017342805862427,0.001784205436706543,3910,3.9242289066314697,11.33575733389395,-5.683318401376406e-07,9989.0,4728.91112778
393,802,4829184,6014,-1.068127410672605,0.0003,0.05638834635416667,0.2,0.0046395934,0.6003468632698059,-0.008904337882995605,3920,0.22077322006225586,1.5421998098521725,0.001506861665499552,9989.0,4728.91112778
394,803,4841472,6028,-1.0656214262048402,0.0003,0.05508626302083333,0.2,0.006117653,0.5998679995536804,-0.00027954578399658203,3930,1.1707289218902588,2.7306061146703238,-0.0009215849483249864,9989.0,4728.91112778
395,803,4853760,6042,-1.064574695378542,0.0003,0.05797526041666667,0.2,0.005122628,0.5914473533630371,7.987022399902344e-05,3940,2.691054344177246,2.1935522065497937,-0.0005358948976208922,9989.0,4728.91112778
396,803,4866048,6056,-1.0737767077361544,0.0003,0.062890625,0.2,0.0061243013,0.5968471765518188,-0.0005615949630737305,3950,1.3604257106781006,2.5997013638649755,0.0005942990923358593,9989.0,4730.47112778
397,803,4878336,6070,-1.0840965117017427,0.0003,0.05341796875,0.2,0.007427392,0.6018769145011902,0.001646876335144043,3960,3.1784043312072754,11.29494270090945,-0.00045516840291384144,9989.0,4730.47112778
398,803,4890624,6084,-1.1052451722944776,0.0003,0.0556884765625,0.2,0.004854025,0.6087299585342407,-0.0018711090087890625,3970,1.2583364248275757,3.0806994940775136,-0.0002707581207990491,9989.0,4730.47112778
399,804,4902912,6098,-1.0915068474287788,0.0003,0.043196614583333334,0.2,0.003937099,0.6033765077590942,0.00021642446517944336,3980,2.4256997108459473,4.218159367609769,-0.001142076976975659,9989.0,4730.47112778
400,804,4915200,6111,-1.0693839202324549,0.0003,0.0427490234375,0.2,0.005375672,0.5988581776618958,-0.001863241195678711,3990,0.8715430498123169,2.708780183650864,-0.0010650429051262714,9989.0,4729.08862778
401,804,4927488,6125,-1.057304554618895,0.0003,0.049519856770833336,0.2,0.006129839,0.5985655784606934,0.0020899176597595215,4000,0.8841449618339539,11.227014008599022,-0.00018925991498690563,9989.0,4729.08862778
402,804,4939776,6139,-1.0552578235665957,0.0003,0.06171875,0.2,0.0049019805,0.598244845867157,-0.001934647560119629,4010,2.8507702350616455,3.087403540794427,-0.00207445516413524,9989.0,4729.08862778
403,804,4952064,6153,-1.075632092729211,0.0003,0.06012369791666667,0.2,0.0045380997,0.6068727970123291,-0.00023281574249267578,4020,1.87704598903656,1.1087228236994027,0.00044674027903965905,9989.0,4729.08862778
404,804,4964352,6168,-1.0717679424832265,0.0003,0.048111979166666666,0.2,0.003954608,0.6054384708404541,0.0001176595687866211,4030,1.7577205896377563,4.070378557840983,-0.0013813954613093907,9989.0,4729.08862778
405,805,4976640,6181,-1.0758140485733747,0.0003,0.053385416666666664,0.2,0.00603327,0.6118339896202087,-0.0003612041473388672,4040,0.819777250289917,3.081040356300461,-0.0005048644929047441,9989.0,4728.54862778
406,805,4988928,6196,-1.069714542540411,0.0003,0.05628255208333333,0.2,0.0054350174,0.6086392402648926,0.00186079740524292,4050,21.486446380615234,11.79745966202269,-0.0003416048235521885,9989.0,4728.54862778
407,805,5001216,6209,-1.063980563916266,0.0003,0.07012532552083334,0.2,0.0060458877,0.6083105206489563,-0.003043651580810547,4060,1.2358986139297485,2.0333916955976745,-0.0003363758192184226,9989.0,4728.54862778
