time/fps,time/iterations,rollout/ep_rew_mean,rollout/ep_len_mean,time/total_timesteps,time/time_elapsed,train/loss,train/clip_range,train/explained_variance,train/n_updates,train/entropy_loss,train/learning_rate,train/approx_kl,train/policy_gradient_loss,train/clip_fraction,train/value_loss,train/std
1941,1,0.01562584999999999,989.0,20480,10,,,,,,,,,,,
1666,2,0.02896700000000001,989.0,40960,24,-0.01303787250071764,0.2,-37.89417266845703,10,-2.855887585878372,0.0003,0.0039634267,-0.0019360321304702666,0.0388037109375,0.008462974147878412,1.0103185176849365
1593,3,0.06455113333333334,989.0,61440,38,-0.0058060274459421635,0.2,-0.9938418865203857,20,-2.840490773320198,0.0003,0.004901158,-0.001104465118551161,0.04189453125,0.002033858530830912,0.9998830556869507
1556,4,0.034118675,989.0,81920,52,0.004347892478108406,0.2,-0.01600480079650879,30,-2.8195561219751837,0.0003,0.005666525,-0.0008685111861268524,0.054716796875,0.0015055966963518587,0.9888681769371033
1537,5,0.01636126,989.0,102400,66,-0.004288674332201481,0.2,0.04931461811065674,40,-2.795630915239453,0.0003,0.005660307,-0.001065128260088386,0.0495654296875,0.001171463905902783,0.9764312505722046
1519,6,0.03624379999999999,989.0,122880,80,-0.009124726988375187,0.2,0.007477939128875732,50,-2.7785563128441573,0.0003,0.005584736,-0.001689570929884212,0.0550537109375,0.0011092882901539269,0.9702646732330322
1508,7,0.08602369,989.0,143360,95,-0.011887510307133198,0.2,0.04097205400466919,60,-2.7702992805093527,0.0003,0.0069895983,-0.0021375597892620136,0.0602099609375,0.0011340448426471995,0.9654104113578796
1499,8,0.08493487999999999,989.0,163840,109,-0.009371069259941578,0.2,0.04348945617675781,70,-2.7358795814216137,0.0003,0.0080347685,8.01709943334572e-05,0.0717041015625,0.000955577656004607,0.9480411410331726
1493,9,0.14921500999999998,989.0,184320,123,0.02849651128053665,0.2,-0.01952052116394043,80,-2.7247524561733005,0.0003,0.00799537,0.0006615035238792189,0.087587890625,0.0009311957338104548,0.9438958168029785
1488,10,0.23552096,989.0,204800,137,0.0203462615609169,0.2,0.005640149116516113,90,-2.710427128970623,0.0003,0.006395067,-0.0015804878767812624,0.0599853515625,0.0008979419402930943,0.9359095096588135
1485,11,0.27229036,989.0,225280,151,0.022909903898835182,0.2,0.024411320686340332,100,-2.713495086655021,0.0003,0.009075687,-0.000819855544687016,0.0800634765625,0.0009357141227337707,0.9442976713180542
1482,12,0.25783006,989.0,245760,165,-0.0018402583664283156,0.2,0.019049406051635742,110,-2.7005857623368503,0.0003,0.009520025,-0.00013971963213407434,0.0930078125,0.0008957263351294386,0.9327940940856934
1479,13,0.26721082,989.0,266240,179,0.025189680978655815,0.2,0.01419895887374878,120,-2.6842339481413364,0.0003,0.008704856,-0.0013306266909057741,0.07328125,0.0008774795722365524,0.926044225692749
1480,14,0.29714396,989.0,286720,193,0.012664432637393475,0.2,0.02769988775253296,130,-2.6577868733555077,0.0003,0.008283222,-0.0009721407067263499,0.087490234375,0.0009319885695731501,0.9107121229171753
1478,15,0.35311121000000006,989.0,307200,207,-0.0028447681106626987,0.2,0.06340444087982178,140,-2.6306178168952465,0.0003,0.007905582,-0.0017312251385010313,0.0890087890625,0.0008602321328726247,0.8994372487068176
1476,16,0.37332216000000007,989.0,327680,221,0.0032516559585928917,0.2,0.05766165256500244,150,-2.603173332363367,0.0003,0.007880089,-0.0010273554459854495,0.08130859375,0.0009672409644463187,0.8907937407493591
1474,17,0.40951002000000003,989.0,348160,236,0.020068513229489326,0.2,0.024983763694763184,160,-2.582341457903385,0.0003,0.006502199,-0.0012045895188930445,0.0674365234375,0.0008561989609825104,0.8766674399375916
1475,18,0.47673096000000004,989.0,368640,249,0.004159728065133095,0.2,0.026176810264587402,170,-2.5450946731120347,0.0003,0.009061221,-0.0019676030820119195,0.0949609375,0.0008046323840517289,0.8623567819595337
1474,19,0.5131734099999999,989.0,389120,263,-0.0163742545992136,0.2,0.049436867237091064,180,-2.518533947393298,0.0003,0.006347157,-0.0011815074348123745,0.068486328125,0.0008161580219348253,0.8495876789093018
1474,20,0.53120698,989.0,409600,277,-0.0069532617926597595,0.2,0.04551166296005249,190,-2.4878509196639063,0.0003,0.01027268,0.0009106727260223124,0.0902880859375,0.0008976951035401725,0.8405735492706299
1473,21,0.5769048800000001,989.0,430080,291,-0.026488950476050377,0.2,0.06988614797592163,200,-2.4753432822972536,0.0003,0.008301409,0.0008811426757165463,0.0801953125,0.0008997757940778684,0.8329300284385681
1473,22,0.61515653,989.0,450560,305,-0.004241470713168383,0.2,0.062108397483825684,210,-2.454527229145169,0.0003,0.007930974,0.0009612214937806129,0.090791015625,0.0009573485757573508,0.8271857500076294
1472,23,0.63363348,989.0,471040,319,-0.00040984590305015445,0.2,0.055831730365753174,220,-2.433935398310423,0.0003,0.007998982,-4.462530807359144e-05,0.0897021484375,0.0008306052621173876,0.8167116641998291
1472,24,0.62987215,989.0,491520,333,0.01524033397436142,0.2,0.08580148220062256,230,-2.4081337808072565,0.0003,0.0074281828,0.00022908965227543375,0.0859912109375,0.0009047016583008372,0.8087120056152344
1471,25,0.64767148,989.0,512000,348,0.006655069999396801,0.2,0.07335764169692993,240,-2.4029453326016665,0.0003,0.0066089593,-0.0011302703486580868,0.081630859375,0.0010163009282769054,0.8071238994598389
1470,26,0.6835431100000001,989.0,532480,362,0.01958075724542141,0.2,0.1075509786605835,250,-2.377038441002369,0.0003,0.0074091638,0.0006023317704966758,0.0892236328125,0.0008725685358149348,0.7962632179260254
1469,27,0.7356358900000001,989.0,552960,376,-0.019484061747789383,0.2,0.16395306587219238,260,-2.365195336937904,0.0003,0.008465035,-0.0013693613634677604,0.0840185546875,0.0009614630501346255,0.7902579307556152
1469,28,0.7530804799999998,989.0,573440,390,-0.003751129377633333,0.2,0.12114888429641724,270,-2.346756842061877,0.0003,0.0061943987,-0.0003597534190339502,0.0768359375,0.0009465331194769533,0.7820150852203369
1468,29,0.7840321599999999,989.0,593920,404,-0.006000114139169455,0.2,0.1274348497390747,280,-2.3291515123099087,0.0003,0.0066059427,1.5731554012745618e-05,0.0786083984375,0.00099505567016422,0.7760968208312988
1468,30,0.8127024500000002,989.0,614400,418,0.022487835958600044,0.2,0.12635016441345215,290,-2.3202347726374866,0.0003,0.008135568,-0.000855001362360781,0.0776025390625,0.0009140128993294638,0.7754040956497192
1468,31,0.8288209199999998,989.0,634880,432,0.002764964709058404,0.2,0.1451762318611145,300,-2.3076022078096865,0.0003,0.0065422417,-0.0007208738298504614,0.0871728515625,0.0009759120618400629,0.7697466611862183
1468,32,0.8598526999999998,989.0,655360,446,0.0030392289627343416,0.2,0.1583690643310547,310,-2.2998477348685267,0.0003,0.008871963,0.0012543879965960514,0.07591796875,0.001029672234890313,0.7669551372528076
1468,33,0.9053226999999999,989.0,675840,460,-0.010981143452227116,0.2,0.1588832139968872,320,-2.2770638497173787,0.0003,0.012289273,0.0029138618275464977,0.12662109375,0.0010574385696600075,0.7595239877700806
1468,34,0.9489004499999999,989.0,696320,474,0.003458901774138212,0.2,0.13783365488052368,330,-2.263709532469511,0.0003,0.0066701397,0.000173098121304065,0.088271484375,0.000933739344100104,0.7525676488876343
1469,35,0.9714985299999997,989.0,716800,487,-0.009378232061862946,0.2,0.1545005440711975,340,-2.244049474298954,0.0003,0.027177483,0.0050132724808645435,0.113271484375,0.0009940019315308746,0.7485760450363159
1469,36,1.0093690499999999,989.0,737280,501,0.0009627584367990494,0.2,0.17069542407989502,350,-2.2443322849273684,0.0003,0.0074506477,0.0020845499348070007,0.097060546875,0.0009538339711798471,0.7449676990509033
1469,37,1.01168403,989.0,757760,515,-0.0007804313790984452,0.2,0.1660967469215393,360,-2.2191090774536133,0.0003,0.01319945,-0.00010546816469286568,0.0848095703125,0.001048068771860926,0.7376347780227661
1469,38,1.0220348499999998,989.0,778240,529,-0.013491993770003319,0.2,0.14839500188827515,370,-2.2051158017665147,0.0003,0.0094727855,0.00041310136133688503,0.0922265625,0.0009699164971971186,0.7299498915672302
1469,39,1.02711179,989.0,798720,543,0.011165213771164417,0.2,0.1635977029800415,380,-2.1910484860092403,0.0003,0.009224616,0.0005962137224560138,0.100302734375,0.0010272507732770463,0.7284950017929077
1469,40,1.03330821,989.0,819200,557,-0.022918427363038063,0.2,0.1649988889694214,390,-2.187776368930936,0.0003,0.007808788,0.0005726302275434137,0.08888671875,0.0010261737272412575,0.7265820503234863
1469,41,0.9971444700000001,989.0,839680,571,-0.014642572961747646,0.2,0.17217177152633667,400,-2.1693570137023928,0.0003,0.008508935,0.00023563505412312223,0.0992529296875,0.0009576717777872545,0.7190641164779663
1469,42,1.0206357099999999,989.0,860160,585,0.002977863186970353,0.2,0.12105613946914673,410,-2.1558388022333386,0.0003,0.012039439,0.003955838987021707,0.1218896484375,0.0009713873422242614,0.7175790071487427
1469,43,1.0257598900000002,989.0,880640,599,0.0011860595550388098,0.2,0.1586790680885315,420,-2.150898164510727,0.0003,0.00663362,0.0006181819616176654,0.0878173828125,0.0009204972002225986,0.711472749710083
1468,44,1.02830075,989.0,901120,613,0.007811949588358402,0.2,0.1553073525428772,430,-2.1283307395130397,0.0003,0.008273556,-0.00019222146656829863,0.1045556640625,0.0009712173064963281,0.7043842077255249
1469,45,1.05170468,989.0,921600,627,0.009736377745866776,0.2,0.12885630130767822,440,-2.102598849311471,0.0003,0.008552844,-0.00037543415804975667,0.0902587890625,0.0008535984682202979,0.6959164142608643
1469,46,1.0588719400000002,989.0,942080,641,0.0034723898861557245,0.2,0.1428423523902893,450,-2.0783970180898903,0.0003,0.0077757435,8.252305095084011e-05,0.0884765625,0.0009171837164012686,0.6860289573669434
1469,47,1.0287282500000001,989.0,962560,655,0.009283454157412052,0.2,0.1522112488746643,460,-2.04977982647717,0.0003,0.010217578,0.0025615665594523307,0.107412109375,0.0009136134875825519,0.6794323921203613
1469,48,1.0541042999999999,989.0,983040,669,0.01211739331483841,0.2,0.13626456260681152,470,-2.040308292359114,0.0003,0.008384788,0.0013922237827500793,0.097939453125,0.0008805783797015465,0.6742871999740601
1468,49,1.0737322900000001,989.0,1003520,683,0.026728816330432892,0.2,0.17124366760253906,480,-2.008222627229989,0.0003,0.007909933,-0.0001718874034122564,0.0880322265625,0.000980040334561636,0.6627664566040039
1469,50,1.0513440000000003,989.0,1024000,696,0.02627388946712017,0.2,0.09180599451065063,490,-1.988594673871994,0.0003,0.01178682,-0.00013186261232476682,0.1078564453125,0.0008763270664076117,0.6601301431655884
1469,51,1.0713564299999998,989.0,1044480,710,-0.005333693698048592,0.2,0.13323074579238892,500,-1.982729965634644,0.0003,0.0068914117,-7.092939442372881e-05,0.0932177734375,0.0009022895163525391,0.6593250036239624
1468,52,1.1155045600000002,989.0,1064960,725,-0.002415865194052458,0.2,0.14839255809783936,510,-1.9634218996763229,0.0003,0.008361338,-0.0006999109048047103,0.0963818359375,0.0008800665235503402,0.6507422924041748
1468,53,1.13825267,989.0,1085440,739,0.008628718554973602,0.2,0.15915995836257935,520,-1.9415688218548894,0.0003,0.011322023,0.0019994930073153226,0.1165673828125,0.0008830854316602199,0.6431002020835876
1468,54,1.15865037,989.0,1105920,752,-0.013920550234615803,0.2,0.1936267614364624,530,-1.9307255233824252,0.0003,0.0066654966,0.00028349071704724337,0.08642578125,0.0009006991584374191,0.6389370560646057
1468,55,1.22705377,989.0,1126400,767,0.021176554262638092,0.2,0.19580096006393433,540,-1.9187408531084658,0.0003,0.008936504,-0.0007894895829667803,0.0990576171875,0.001018125090513422,0.6355483531951904
1467,56,1.2529320499999999,989.0,1146880,781,0.03152411803603172,0.2,0.21056091785430908,550,-1.8992369154468178,0.0003,0.0140237715,0.003250404551217798,0.1345263671875,0.0009871214744907775,0.6311496496200562
1467,57,1.3122926000000001,989.0,1167360,795,0.00934684369713068,0.2,0.23014074563980103,560,-1.8763127590343356,0.0003,0.009887563,0.0012291508278576657,0.1041845703125,0.0010226923699792679,0.6212795972824097
1467,58,1.3505466999999998,989.0,1187840,809,-0.018147949129343033,0.2,0.24872761964797974,570,-1.8536196663230657,0.0003,0.007488355,0.0007640045837615616,0.0980224609375,0.0010452517221619928,0.6168872117996216
1467,59,1.3789695600000003,989.0,1208320,823,-0.005677743349224329,0.2,0.22394222021102905,580,-1.8396546828746796,0.0003,0.008033467,0.0004331046060542576,0.0985791015625,0.001039767270658558,0.6121026277542114
1467,60,1.3835623000000001,989.0,1228800,837,0.004133367910981178,0.2,0.2342771291732788,590,-1.820118766464293,0.0003,0.008156503,-2.24155854084529e-05,0.1021728515625,0.001034574823352159,0.605781078338623
1467,61,1.40102292,989.0,1249280,851,-0.017191503196954727,0.2,0.227303147315979,600,-1.8144980084896087,0.0003,0.0085730525,0.00047210714488755913,0.10287109375,0.0009634094789453229,0.6045305132865906
1467,62,1.4095026400000001,989.0,1269760,865,0.002360118320211768,0.2,0.2054803967475891,610,-1.7997949148342014,0.0003,0.008286627,0.0008948638493893668,0.0963232421875,0.0010428226464955514,0.5983899831771851
1467,63,1.4377213199999996,989.0,1290240,879,0.02033480815589428,0.2,0.2709912061691284,620,-1.7721875436976553,0.0003,0.008661247,0.00044206315564224494,0.10416015625,0.0010753900149302353,0.5906116962432861
1467,64,1.4475990700000003,989.0,1310720,893,-0.01173986867070198,0.2,0.23299944400787354,630,-1.7373431051895023,0.0003,0.008114634,0.0008405191723431926,0.10466796875,0.0010178409501986607,0.5816308259963989
1466,65,1.46002969,989.0,1331200,907,0.013563288375735283,0.2,0.2477250099182129,640,-1.7133241774141788,0.0003,0.008522355,0.0009199419476499316,0.1065185546875,0.0009946849931020553,0.5738322734832764
1466,66,1.466418,989.0,1351680,921,0.002474148292094469,0.2,0.25623881816864014,650,-1.6881024970859289,0.0003,0.007870078,0.000919113538984675,0.102470703125,0.0010515417564784001,0.5673137903213501
1466,67,1.4873575699999997,989.0,1372160,935,-0.008259720169007778,0.2,0.23748236894607544,660,-1.6723867826908827,0.0003,0.008760338,0.0008823853336798492,0.1094384765625,0.001095707070790013,0.5641294121742249
1466,68,1.4943850799999998,989.0,1392640,949,-0.0015531164826825261,0.2,0.22452276945114136,670,-1.6459069738909602,0.0003,0.01033734,-3.058602305827662e-06,0.1116015625,0.0010205591826343153,0.5569254159927368
1466,69,1.48071994,989.0,1413120,963,-0.0003628321283031255,0.2,0.25511640310287476,680,-1.6284272028133273,0.0003,0.008685413,0.0009101899873348884,0.1112841796875,0.0010832039091656044,0.5522604584693909
1465,70,1.4952799299999997,989.0,1433600,977,0.013654458336532116,0.2,0.2446778416633606,690,-1.621340900696814,0.0003,0.009870939,0.0010515217477222905,0.1110888671875,0.0011149454170572427,0.5487488508224487
1465,71,1.4989378500000001,989.0,1454080,992,0.00917421467602253,0.2,0.24754810333251953,700,-1.6124128418043255,0.0003,0.009873534,0.0009800999678554944,0.10568359375,0.001099263581500054,0.5479783415794373
1465,72,1.51736524,989.0,1474560,1006,0.015300416387617588,0.2,0.231070876121521,710,-1.5946939181163906,0.0003,0.009787823,0.0009520209142647218,0.1052978515625,0.001090175242125042,0.5443671941757202
1465,73,1.5363541400000003,989.0,1495040,1020,-0.0027014967054128647,0.2,0.25701904296875,720,-1.595701628178358,0.0003,0.00889169,0.0008888685287092812,0.1125244140625,0.0010262351844630758,0.5453870296478271
1465,74,1.57323466,989.0,1515520,1034,0.012792855501174927,0.2,0.2586899995803833,730,-1.5941313546523452,0.0003,0.010065282,0.0004314105343655683,0.1098974609375,0.0010681582492270535,0.5435734987258911
1465,75,1.58996133,989.0,1536000,1048,-0.004940413869917393,0.2,0.2602044343948364,740,-1.574382297359407,0.0003,0.008509539,0.0007458072571898811,0.109072265625,0.0010839692990157346,0.5395217537879944
1465,76,1.6078728100000004,989.0,1556480,1062,0.013087314553558826,0.2,0.268796443939209,750,-1.5499623560532927,0.0003,0.010791338,0.0007056750463380013,0.1151025390625,0.0010564374065506854,0.5323330163955688
1465,77,1.6128787400000002,989.0,1576960,1076,-0.004127173218876123,0.2,0.2554473876953125,760,-1.5354496965929867,0.0003,0.009814558,0.0012715222741826438,0.1123046875,0.0012177393019373994,0.5295776724815369
1465,78,1.6194069899999997,989.0,1597440,1090,-0.018474139273166656,0.2,0.27334433794021606,770,-1.5277656434476377,0.0003,0.00985581,0.0017332023225026206,0.111435546875,0.0010602024233958218,0.5295302867889404
1465,79,1.6224581799999998,989.0,1617920,1104,-0.024032840505242348,0.2,0.2560585141181946,780,-1.5166776741296053,0.0003,0.011357414,0.0013137244235258548,0.114619140625,0.001091520468116869,0.5270141363143921
1465,80,1.6242524299999999,989.0,1638400,1118,-0.013024996034801006,0.2,0.2639042139053345,790,-1.5055266126990319,0.0003,0.008073528,0.0007930329821829218,0.11537109375,0.001052616980368839,0.5215991139411926
1465,81,1.6339700600000002,989.0,1658880,1132,-0.015329021029174328,0.2,0.26122772693634033,800,-1.4793409165367484,0.0003,0.009035862,0.0015376721111533698,0.113017578125,0.0011238141817375435,0.5167208909988403
1465,82,1.65164538,989.0,1679360,1146,0.017495248466730118,0.2,0.26945698261260986,810,-1.4711343536898494,0.0003,0.009118354,0.0015665537817403674,0.10951171875,0.0010782599873073195,0.5147675275802612
1465,83,1.65542652,989.0,1699840,1160,-0.003364579752087593,0.2,0.258950412273407,820,-1.4475127114355564,0.0003,0.009117611,0.0007973227136244532,0.1137646484375,0.0010937041865963692,0.5069884061813354
1465,84,1.6625417399999998,989.0,1720320,1174,-0.011385252699255943,0.2,0.26836663484573364,830,-1.4236424747109413,0.0003,0.008759597,0.0010578400813392363,0.1111669921875,0.001101535098550812,0.5005347728729248
1465,85,1.67013596,989.0,1740800,1187,-0.023817148059606552,0.2,0.24540746212005615,840,-1.3956116143614055,0.0003,0.0098830545,0.001058651854546042,0.113134765625,0.0011162730379328423,0.49478083848953247
1465,86,1.6782589599999997,989.0,1761280,1201,0.009108315221965313,0.2,0.23645329475402832,850,-1.3825187675654889,0.0003,0.009317143,0.0017508774661109782,0.1123046875,0.0011676317772707989,0.49277442693710327
1465,87,1.6760876699999998,989.0,1781760,1215,0.0286091361194849,0.2,0.2684975862503052,860,-1.3645995447412134,0.0003,0.009361707,0.0016143837187701138,0.1147265625,0.001080482341485549,0.48732733726501465
1465,88,1.68276331,989.0,1802240,1230,0.020139357075095177,0.2,0.26320356130599976,870,-1.3526333674043416,0.0003,0.00991196,0.0013276790306554177,0.1139111328125,0.0010695087154999783,0.48521196842193604
1465,89,1.70215995,989.0,1822720,1244,0.05899111554026604,0.2,0.2630186080932617,880,-1.3297541789337992,0.0003,0.010605042,0.0017358802670787554,0.118466796875,0.0010610380374691886,0.47906428575515747
1464,90,1.7152665499999997,989.0,1843200,1258,-0.001219415571540594,0.2,0.24266278743743896,890,-1.31207119487226,0.0003,0.01012579,0.00209999808575958,0.113701171875,0.0011613247789864544,0.47723978757858276
1464,91,1.701022,989.0,1863680,1272,0.00990702211856842,0.2,0.24731439352035522,900,-1.3019021903723478,0.0003,0.008355957,0.0018433776126767043,0.113916015625,0.0011686459047359676,0.4741891026496887
1465,92,1.7227684499999996,989.0,1884160,1286,-0.009341809898614883,0.2,0.286670982837677,910,-1.2853896310180426,0.0003,0.009766033,0.0014002934223390185,0.112080078125,0.0012565859612641362,0.4709513485431671
1465,93,1.71835658,989.0,1904640,1299,-0.0033095418475568295,0.2,0.2529301643371582,920,-1.2834038168936968,0.0003,0.0106101325,0.0015922506667266135,0.1124755859375,0.0011841380853911687,0.46950095891952515
1465,94,1.7104337200000006,989.0,1925120,1313,-0.0010989784495905042,0.2,0.25487321615219116,930,-1.2679025142639875,0.0003,0.009692107,0.0016429266099294182,0.1115185546875,0.001144213384059185,0.46486586332321167
1465,95,1.73501396,989.0,1945600,1327,-0.008625024929642677,0.2,0.25488197803497314,940,-1.2412210939824582,0.0003,0.009944951,0.0016883069372852332,0.1210498046875,0.0011476116497033217,0.4604855179786682
1465,96,1.7574292900000004,989.0,1966080,1341,-0.006963707040995359,0.2,0.23146969079971313,950,-1.235740722194314,0.0003,0.010446338,0.0018884345765400213,0.1248388671875,0.0011366341899883992,0.45847973227500916
1465,97,1.76028027,989.0,1986560,1355,-0.0010908690746873617,0.2,0.2544584274291992,960,-1.2272918308526277,0.0003,0.010853745,0.0022928945459716487,0.1169482421875,0.0011443204553597752,0.45707908272743225
1465,98,1.7798683199999996,989.0,2007040,1369,0.009007015265524387,0.2,0.25222259759902954,970,-1.2084629643335938,0.0003,0.010048958,0.0011840395312174223,0.1205224609375,0.0011783859623847094,0.4530014395713806
1466,99,1.7789183,989.0,2027520,1382,0.0055755265057086945,0.2,0.24767756462097168,980,-1.1983229932188988,0.0003,0.010092406,0.0019624816956638823,0.119150390625,0.0011688621004213929,0.45014578104019165
1466,100,1.7750111300000002,989.0,2048000,1396,-0.0016671419143676758,0.2,0.24656027555465698,990,-1.1884471105784178,0.0003,0.009511039,0.002826610785559751,0.126044921875,0.0012720911368342058,0.4485114812850952
1466,101,1.7690354300000004,989.0,2068480,1410,-0.018225567415356636,0.2,0.2541589140892029,1000,-1.1731710867211222,0.0003,0.010347558,0.0017205336151528171,0.1293212890625,0.001238598216277751,0.445672869682312
1466,102,1.7741097199999998,989.0,2088960,1424,0.010436482727527618,0.2,0.25113213062286377,1010,-1.1552554219588638,0.0003,0.008899985,0.0018721878522774205,0.1217431640625,0.0012120195125226018,0.4401310682296753
1466,103,1.77797263,989.0,2109440,1438,0.033277515321969986,0.2,0.25606846809387207,1020,-1.1319690214842557,0.0003,0.009889051,0.00203119174882886,0.1232861328125,0.0012099282115741517,0.43589168787002563
1466,104,1.7668635899999998,989.0,2129920,1452,-0.007107745856046677,0.2,0.264957070350647,1030,-1.1230396652594208,0.0003,0.010618282,0.0024741792006534526,0.1235205078125,0.001201857133428348,0.4343048334121704
1466,105,1.7737985099999998,989.0,2150400,1466,-0.002191347535699606,0.2,0.25792914628982544,1040,-1.1079579081758857,0.0003,0.008395666,0.002130721552821342,0.118310546875,0.001230081225558024,0.43127208948135376
1466,106,1.7752942900000002,989.0,2170880,1480,-0.0035403103101998568,0.2,0.29544806480407715,1050,-1.0932080776244402,0.0003,0.009844931,0.0019400110533752013,0.115517578125,0.001237406620712136,0.4291090965270996
1466,107,1.7966638000000001,989.0,2191360,1494,-0.004623784683644772,0.2,0.2608155608177185,1060,-1.1014946346729995,0.0003,0.010088259,0.001957470870547695,0.11958984375,0.0011316827480732173,0.4322800636291504
1466,108,1.79540198,989.0,2211840,1507,0.000652038084808737,0.2,0.2629520893096924,1070,-1.0900703490152954,0.0003,0.010540843,0.0014852839428931475,0.1284033203125,0.001147342288368236,0.42754119634628296
1466,109,1.8043843599999996,989.0,2232320,1521,-0.017651965841650963,0.2,0.2596657872200012,1080,-1.0827006105333568,0.0003,0.00933818,0.0020410640370391777,0.120048828125,0.0011898664619729971,0.42667633295059204
1466,110,1.7861761900000002,989.0,2252800,1535,0.009981396608054638,0.2,0.24995404481887817,1090,-1.066745306327939,0.0003,0.010386752,0.001427218369935872,0.1279541015625,0.001258146416330419,0.4238986372947693
1466,111,1.7845990400000002,989.0,2273280,1549,-0.006172545254230499,0.2,0.2635783553123474,1100,-1.061741142421961,0.0003,0.010417354,0.002269265923241619,0.11861328125,0.001279832553354936,0.4239020347595215
1467,112,1.7516882699999998,989.0,2293760,1563,0.03353037312626839,0.2,0.25850582122802734,1110,-1.0651467863470316,0.0003,0.01047474,0.0031627629237482324,0.1177294921875,0.0012638264752058604,0.42585617303848267
1467,113,1.74388041,989.0,2314240,1577,0.01253478042781353,0.2,0.25720399618148804,1120,-1.0509034176170826,0.0003,0.010551184,0.0018840920906222892,0.1267626953125,0.001296267863617686,0.4204291105270386
1467,114,1.73470762,989.0,2334720,1591,0.001513184979557991,0.2,0.23590117692947388,1130,-1.0459320025146008,0.0003,0.010746857,0.0025808956813125404,0.123828125,0.0013787195882287051,0.4195321798324585
1467,115,1.7353664499999997,989.0,2355200,1605,0.02147122099995613,0.2,0.25163644552230835,1140,-1.0363627327233553,0.0003,0.010846252,0.0019782806679722854,0.126494140625,0.0012632576477517431,0.41802340745925903
1467,116,1.7294033799999997,989.0,2375680,1618,0.0034616654738783836,0.2,0.25513458251953125,1150,-1.032189528606832,0.0003,0.0105364965,0.001890358652017312,0.1281982421875,0.0012820093794653077,0.41799384355545044
1467,117,1.7538349000000002,989.0,2396160,1632,0.06827174127101898,0.2,0.2544640302658081,1160,-1.0280082380399107,0.0003,0.010608162,0.0023656367443618364,0.125966796875,0.0012978706544527086,0.4156109690666199
1468,118,1.76162726,989.0,2416640,1646,-0.034568555653095245,0.2,0.2530200481414795,1170,-1.0031033925339579,0.0003,0.010772409,0.0024711635810672305,0.1276953125,0.0012746491212601541,0.41048792004585266
1468,119,1.7746269700000001,989.0,2437120,1659,0.012023938819766045,0.2,0.2580397129058838,1180,-0.9956923278048635,0.0003,0.011095151,0.0022849701243103484,0.125732421875,0.0012172651920627686,0.4112488627433777
1468,120,1.7896383300000003,989.0,2457600,1673,-0.014852671884000301,0.2,0.2928256392478943,1190,-0.9919911786727608,0.0003,0.010660586,0.002327812218136387,0.12134765625,0.0013571040076658391,0.4080129861831665
1468,121,1.8007925200000003,989.0,2478080,1687,0.025963028892874718,0.2,0.26745355129241943,1200,-0.9778869564644992,0.0003,0.010518572,0.0025141146713576743,0.128173828125,0.001220817826124403,0.40717220306396484
1468,122,1.81942125,989.0,2498560,1700,0.01463952474296093,0.2,0.2659330368041992,1210,-0.9497964060679078,0.0003,0.010972631,0.0022520716463623105,0.128349609375,0.0011417853979673964,0.4013293385505676
1469,123,1.8430439799999996,989.0,2519040,1714,0.04066057503223419,0.2,0.27246373891830444,1220,-0.9502067052386701,0.0003,0.011264267,0.0023205203100224027,0.1255029296875,0.0011276523963624642,0.40125876665115356
1469,124,1.8667664099999999,989.0,2539520,1728,-0.015074631199240685,0.2,0.2524028420448303,1230,-0.9316937319748103,0.0003,0.010508738,0.002234880680043716,0.1272900390625,0.0011095893099172826,0.3977724015712738
1469,125,1.8752566299999995,989.0,2560000,1742,0.0066786278039216995,0.2,0.25914323329925537,1240,-0.9162340098246932,0.0003,0.01321963,0.0019981970309163443,0.13458984375,0.0011413138926855027,0.39291703701019287
1469,126,1.8862844799999998,989.0,2580480,1755,0.009556295350193977,0.2,0.2664583921432495,1250,-0.8954757784307003,0.0003,0.011193401,0.0028175197466043756,0.1264794921875,0.0011255260998041194,0.39116963744163513
1469,127,1.88748984,989.0,2600960,1769,-0.02305331826210022,0.2,0.2614617943763733,1260,-0.8826811392791569,0.0003,0.011079366,0.0023083946078259034,0.1378759765625,0.0011530941651471949,0.38795456290245056
1469,128,1.90378679,989.0,2621440,1783,-0.005458240397274494,0.2,0.24916231632232666,1270,-0.8641715441457927,0.0003,0.010318038,0.0031102622974140104,0.1368505859375,0.0011547636673276429,0.38453245162963867
1470,129,1.90639383,989.0,2641920,1797,0.006858505308628082,0.2,0.26117706298828125,1280,-0.8575442264787853,0.0003,0.011640269,0.0018738328148901928,0.1410888671875,0.0012132631205349752,0.3838120698928833
1470,130,1.9103099200000002,989.0,2662400,1810,0.02766779437661171,0.2,0.259871244430542,1290,-0.8403880894184113,0.0003,0.012318651,0.0021526429538062074,0.1298193359375,0.0011298813720077305,0.3804149031639099
1470,131,1.9121112499999997,989.0,2682880,1824,0.01548023521900177,0.2,0.2694680690765381,1300,-0.8338636341877281,0.0003,0.011097908,0.002422704313066788,0.1336181640625,0.0011303996884544176,0.3790477514266968
1470,132,1.9216453000000002,989.0,2703360,1838,0.0016229995526373386,0.2,0.2699424624443054,1310,-0.8279852232523263,0.0003,0.011060819,0.003059370711634983,0.1294384765625,0.0011152942569060541,0.38005179166793823
1470,133,1.9100138400000004,989.0,2723840,1852,0.003356305416673422,0.2,0.26903921365737915,1320,-0.8322610095702112,0.0003,0.013467898,0.0027436541923088953,0.1385498046875,0.0011723345715108735,0.37919676303863525
1470,134,1.9044591599999998,989.0,2744320,1865,0.014360502362251282,0.2,0.30160462856292725,1330,-0.8259009023196995,0.0003,0.012254411,0.0022209963157365565,0.13021484375,0.001227164345455094,0.3773401379585266
1471,135,1.91451031,989.0,2764800,1879,0.01963030733168125,0.2,0.2731959819793701,1340,-0.8008980774693191,0.0003,0.011265026,0.003168975854059681,0.1329638671875,0.001114041179744163,0.3713926076889038
1471,136,1.9212607000000004,989.0,2785280,1893,-0.004235539585351944,0.2,0.2650644779205322,1350,-0.7886027437448502,0.0003,0.011458913,0.0027735889643372503,0.130927734375,0.0011019853394827806,0.3708468973636627
1471,137,1.9268396900000002,989.0,2805760,1907,0.015320788137614727,0.2,0.2652168273925781,1360,-0.7739171585813165,0.0003,0.0110695185,0.002638769984332612,0.135908203125,0.0011390161154304225,0.3684614896774292
1471,138,1.93722656,989.0,2826240,1920,0.016784418374300003,0.2,0.27117109298706055,1370,-0.7633878671936691,0.0003,0.011733884,0.00289318236784311,0.1360009765625,0.001131089135124057,0.36580824851989746
1471,139,1.9375900799999999,989.0,2846720,1934,-0.005797292571514845,0.2,0.2792547941207886,1380,-0.7400821194797754,0.0003,0.012346005,0.002710442514216993,0.1328662109375,0.0011842209363840085,0.3612942099571228
1471,140,1.93158005,989.0,2867200,1948,0.008751942776143551,0.2,0.2734873294830322,1390,-0.7299226996302605,0.0003,0.011714311,0.002722262837924063,0.136728515625,0.0011811539677091787,0.36147522926330566
1471,141,1.94084766,989.0,2887680,1962,-0.005200298503041267,0.2,0.26721394062042236,1400,-0.7250408519431949,0.0003,0.0130025055,0.0029389597468252758,0.1431884765625,0.0012120310817954306,0.359619140625
1471,142,1.9258828599999998,989.0,2908160,1976,0.006823151372373104,0.2,0.27440381050109863,1410,-0.6981736178882421,0.0003,0.011871528,0.0026443147227109874,0.1373779296875,0.0011754988964003132,0.35406458377838135
1471,143,1.9337047900000002,989.0,2928640,1990,0.0065237688831985,0.2,0.2621280550956726,1420,-0.6830296208150685,0.0003,0.01194456,0.0027680987140047365,0.1408251953125,0.0012959528390638297,0.35096991062164307
1471,144,1.9449251399999996,989.0,2949120,2004,-0.007315493654459715,0.2,0.2610442042350769,1430,-0.6685646567493677,0.0003,0.012149253,0.0026064144671545364,0.1412939453125,0.0011793885410224902,0.34894371032714844
1471,145,1.9482524799999996,989.0,2969600,2018,0.007233570329844952,0.2,0.2719566822052002,1440,-0.6602967054396868,0.0003,0.011662788,0.0030345546308672058,0.1363525390625,0.0011460853964308626,0.3489025831222534
1471,146,1.9354724300000001,989.0,2990080,2032,0.0028191152960062027,0.2,0.2684217095375061,1450,-0.6553536732122303,0.0003,0.012489425,0.0026896170013060326,0.141767578125,0.0010998344428935524,0.34752166271209717
1471,147,1.93905312,989.0,3010560,2046,0.028712240979075432,0.2,0.2693973183631897,1460,-0.6358685247600079,0.0003,0.01334134,0.0026938588707707822,0.1395361328125,0.0011446394523682102,0.3443862199783325
1471,148,1.9279761399999997,989.0,3031040,2060,0.011326172389090061,0.2,0.29723864793777466,1470,-0.6216681173630059,0.0003,0.0139633,0.0032018557348055766,0.143037109375,0.0012076501260889928,0.34275880455970764
1470,149,1.9343902899999998,989.0,3051520,2074,0.021898308768868446,0.2,0.2671886086463928,1480,-0.6136164640635252,0.0003,0.012130715,0.0028908345727541016,0.144775390625,0.0011435800368144555,0.34086382389068604
1470,150,1.9393176199999997,989.0,3072000,2088,0.008949577808380127,0.2,0.27558064460754395,1490,-0.6086840825900436,0.0003,0.012276935,0.003894670632871566,0.136708984375,0.0011035808131146041,0.33914339542388916
1470,151,1.95178705,989.0,3092480,2102,0.00048043159767985344,0.2,0.2658899426460266,1500,-0.6090367591194809,0.0003,0.013639113,0.0027478061310830526,0.1370703125,0.0011473949599894696,0.33926820755004883
1470,152,1.9593168499999998,989.0,3112960,2116,0.031378086656332016,0.2,0.26986294984817505,1510,-0.5885052248090505,0.0003,0.0116406195,0.002956063935998827,0.135068359375,0.0011165257093762194,0.33589786291122437
1470,153,1.9703773,989.0,3133440,2130,-0.009793669916689396,0.2,0.2415790557861328,1520,-0.5902787123806774,0.0003,0.0147931,0.003467259565804852,0.14505859375,0.0011226433221509069,0.33775594830513
1470,154,1.95020223,989.0,3153920,2144,-0.01980099454522133,0.2,0.24013173580169678,1530,-0.5892871001549065,0.0003,0.01278387,0.0036602514213882388,0.14109375,0.0010841038951912197,0.3370707035064697
1470,155,1.9531536900000004,989.0,3174400,2158,0.024018948897719383,0.2,0.2610422968864441,1540,-0.5775342099741101,0.0003,0.011309715,0.003310680258582579,0.1382958984375,0.0010791738183343115,0.33617860078811646
1470,156,1.94892821,989.0,3194880,2172,0.013937505893409252,0.2,0.2605147957801819,1550,-0.5774292329326272,0.0003,0.0132765155,0.0028029202041216193,0.136416015625,0.0010739815571105282,0.33602842688560486
1470,157,1.9549262200000002,989.0,3215360,2186,-0.0011315321316942573,0.2,0.24829477071762085,1560,-0.5562211345508694,0.0003,0.012816036,0.003661709843727294,0.135791015625,0.0011768518856206357,0.3308814764022827
1470,158,1.96497947,989.0,3235840,2200,0.0038662762381136417,0.2,0.24003159999847412,1570,-0.5487747720815241,0.0003,0.011102708,0.0035849086158850694,0.13279296875,0.001114706415519322,0.3306078016757965
1470,159,1.95608716,989.0,3256320,2214,0.020800160244107246,0.2,0.2503355145454407,1580,-0.5335056092217565,0.0003,0.012937923,0.003201999882730888,0.1450048828125,0.0011365446772560973,0.3268597722053528
1470,160,1.99053798,989.0,3276800,2228,0.037381306290626526,0.2,0.26050853729248047,1590,-0.5168072625435889,0.0003,0.012870836,0.002839370421716012,0.1384814453125,0.0010518402395609883,0.32427871227264404
1470,161,1.9980144500000003,989.0,3297280,2242,0.024125417694449425,0.2,0.26826149225234985,1600,-0.4870601937919855,0.0003,0.0122828595,0.0033488238684367387,0.1411376953125,0.0010816647038609517,0.3186621069908142
1470,162,1.9945484199999999,989.0,3317760,2256,0.011283968575298786,0.2,0.2908128499984741,1610,-0.47174377471208573,0.0003,0.013620459,0.0027717566529463513,0.14677734375,0.0011916514218319207,0.31726887822151184
1470,163,1.9986922800000002,989.0,3338240,2270,-0.004732142668217421,0.2,0.2619718313217163,1620,-0.4567104055918753,0.0003,0.011888541,0.003374998684448656,0.1483984375,0.0010992818642716884,0.3149592876434326
1470,164,1.99728522,989.0,3358720,2284,-0.006979610770940781,0.2,0.2686086893081665,1630,-0.44515133334323764,0.0003,0.014370908,0.0029694566008402036,0.1458203125,0.0011151002561564382,0.31375962495803833
1470,165,1.9762082300000003,989.0,3379200,2298,-0.021145377308130264,0.2,0.25074315071105957,1640,-0.43512378331273793,0.0003,0.012186637,0.0037416439279331828,0.145595703125,0.001055311927711955,0.3117983341217041
1470,166,1.97501832,989.0,3399680,2312,-0.004332137759774923,0.2,0.2585814595222473,1650,-0.423342219889164,0.0003,0.013164687,0.0034654961703927257,0.14771484375,0.0010913175078258064,0.3106748163700104
1470,167,1.99015119,989.0,3420160,2326,0.015850132331252098,0.2,0.2729398012161255,1660,-0.40233103916049,0.0003,0.013860529,0.003487311109493021,0.1476220703125,0.0010605873932490796,0.3066518306732178
1470,168,1.9876591300000002,989.0,3440640,2340,0.0010539692593738437,0.2,0.2796359062194824,1670,-0.3900794583000243,0.0003,0.013121836,0.0038342203486536166,0.1499755859375,0.0010978503309524968,0.30553925037384033
1470,169,1.99728018,989.0,3461120,2354,-0.015882989391684532,0.2,0.2764238119125366,1680,-0.3568499317020178,0.0003,0.014557911,0.0031277446399326438,0.1570654296875,0.001108288841878675,0.301452100276947
1470,170,2.01669448,989.0,3481600,2368,-0.00995965301990509,0.2,0.2770910859107971,1690,-0.34463183853775264,0.0003,0.013142402,0.004141767595283455,0.1557763671875,0.0011047037055413966,0.299443781375885
1470,171,2.0020842599999997,989.0,3502080,2381,-0.009945055469870567,0.2,0.26646435260772705,1700,-0.3381704880483449,0.0003,0.013550458,0.0036773692264978307,0.1550048828125,0.0012135570405007456,0.2989981174468994
1470,172,2.01485949,989.0,3522560,2395,-0.01153656654059887,0.2,0.28429168462753296,1710,-0.3241206972301006,0.0003,0.015230322,0.00325617672453518,0.15619140625,0.0010999225629257125,0.2977486550807953
1470,173,2.01106326,989.0,3543040,2409,0.008877311833202839,0.2,0.2769779562950134,1720,-0.3178864152170718,0.0003,0.0151056815,0.004350633921276313,0.158291015625,0.0010796889408720744,0.29643356800079346
1470,174,2.01340966,989.0,3563520,2423,0.0035779511090368032,0.2,0.2763820290565491,1730,-0.30829435421153906,0.0003,0.013266506,0.004786942413047655,0.149765625,0.0010732573786390277,0.295052170753479
1470,175,2.00961457,989.0,3584000,2437,-0.01896066591143608,0.2,0.2728557586669922,1740,-0.31364957824349404,0.0003,0.0142172,0.0034486878175812308,0.1503515625,0.0010797947390437912,0.29479438066482544
1470,176,2.0176000000000003,989.0,3604480,2450,0.012095637619495392,0.2,0.30556172132492065,1750,-0.29556086234748363,0.0003,0.013176499,0.003422013548843097,0.155107421875,0.0011915094151481753,0.29357245564460754
1470,177,2.01291081,989.0,3624960,2464,-0.005382286850363016,0.2,0.27947622537612915,1760,-0.3021519610285759,0.0003,0.013457565,0.004156101320841116,0.150634765625,0.0010482078784207261,0.2942686975002289
1470,178,2.02968132,989.0,3645440,2478,-0.01023791078478098,0.2,0.2716625928878784,1770,-0.3139001097716391,0.0003,0.012737842,0.003627469579951139,0.149501953125,0.0011173099329425894,0.29677218198776245
1471,179,2.04077243,989.0,3665920,2492,0.0012132324045524001,0.2,0.28082597255706787,1780,-0.3034095187857747,0.0003,0.014797943,0.0042910166339424904,0.14853515625,0.001057398851535254,0.29497432708740234
1470,180,2.04242043,989.0,3686400,2506,0.031807370483875275,0.2,0.27624350786209106,1790,-0.30389723448082806,0.0003,0.014222769,0.004091369896705146,0.1549365234375,0.0010810826201122837,0.2941867411136627
1470,181,2.05056011,989.0,3706880,2520,0.004844130948185921,0.2,0.27647626399993896,1800,-0.30277446294203403,0.0003,0.013320682,0.003865407549747033,0.15005859375,0.0010608847575895198,0.29564180970191956
1470,182,2.0537004000000003,989.0,3727360,2534,-0.016050178557634354,0.2,0.2757374048233032,1810,-0.3058206477761269,0.0003,0.013355054,0.003965386837953702,0.1530517578125,0.001082135476408439,0.2955654263496399
1470,183,2.04174624,989.0,3747840,2548,-0.0034330058842897415,0.2,0.26634836196899414,1820,-0.28590998755767943,0.0003,0.014096287,0.003723702704301104,0.1479052734375,0.0010681070940063363,0.2912275791168213
1470,184,2.0546171099999997,989.0,3768320,2562,0.013403660617768764,0.2,0.2667226791381836,1830,-0.2695884993672371,0.0003,0.013655916,0.0038407274904602674,0.1568603515625,0.0011119243508528598,0.2905040681362152
1470,185,2.0485333900000002,989.0,3788800,2576,-0.020192008465528488,0.2,0.2669949531555176,1840,-0.27133719842880966,0.0003,0.013975692,0.004604969719366636,0.15650390625,0.0011164214152813655,0.2910226285457611
1470,186,2.0486699099999996,989.0,3809280,2590,0.015807263553142548,0.2,0.286456823348999,1850,-0.2522605440020561,0.0003,0.0139986,0.003850289066758705,0.14955078125,0.0010889415354540688,0.28815966844558716
1470,187,2.06449779,989.0,3829760,2604,-0.011668479070067406,0.2,0.27291715145111084,1860,-0.25243238857015965,0.0003,0.012611739,0.0035624643189657943,0.1502490234375,0.0010833410648046992,0.2882440686225891
1470,188,2.0578744500000004,989.0,3850240,2617,0.007519175764173269,0.2,0.2803336977958679,1870,-0.24115309027954937,0.0003,0.014755634,0.004441240421583643,0.1580078125,0.0010616414958712994,0.2857252061367035
1470,189,2.0715082700000003,989.0,3870720,2631,0.012947547249495983,0.2,0.27540069818496704,1880,-0.21853692745789885,0.0003,0.013645709,0.003823659754852997,0.1624658203125,0.001092663105828251,0.2834029793739319
1470,190,2.1009293499999995,989.0,3891200,2645,-0.023049117997288704,0.2,0.2767447829246521,1890,-0.2036502585373819,0.0003,0.015135959,0.0034176498543820343,0.15919921875,0.0011618568514404615,0.28180599212646484
1471,191,2.1205781199999993,989.0,3911680,2659,-0.006566167809069157,0.2,0.3061593174934387,1900,-0.20558610858395696,0.0003,0.014984639,0.004024601053388323,0.1536962890625,0.0010957319044428003,0.28177064657211304
1471,192,2.1457740700000003,989.0,3932160,2672,-0.008193203248083591,0.2,0.2781792879104614,1910,-0.1913075165823102,0.0003,0.014179155,0.003820503085735254,0.1578466796875,0.0010895637781140977,0.2798033654689789
1471,193,2.17362913,989.0,3952640,2686,-0.012044004164636135,0.2,0.2767152190208435,1920,-0.16871997393667698,0.0003,0.01511474,0.00406596848188201,0.1548046875,0.0011012289558766496,0.27809634804725647
1471,194,2.1693820400000003,989.0,3973120,2700,0.013665968552231789,0.2,0.2808827757835388,1930,-0.14937226735055448,0.0003,0.015426973,0.004329434763058089,0.158818359375,0.0011299112229153252,0.2749614119529724
1471,195,2.16572265,989.0,3993600,2714,0.007576004136353731,0.2,0.2742212414741516,1940,-0.13364311646670102,0.0003,0.014594811,0.004555044672451913,0.163095703125,0.0011650105317676208,0.27263742685317993
1471,196,2.16091238,989.0,4014080,2728,0.022459276020526886,0.2,0.2798239588737488,1950,-0.11762868348509073,0.0003,0.016006237,0.004168439443019451,0.1689453125,0.0011576325332407578,0.2702364921569824
1471,197,2.15043244,989.0,4034560,2742,0.003226787317544222,0.2,0.2738521099090576,1960,-0.11951653134077787,0.0003,0.015684199,0.00437135467727785,0.159658203125,0.0011158272960983596,0.2705717384815216
1471,198,2.1541586400000003,989.0,4055040,2755,-0.008925290778279305,0.2,0.27848756313323975,1970,-0.11583803251385688,0.0003,0.015516594,0.004657250647433102,0.1634326171875,0.001169292578670138,0.26966235041618347
1471,199,2.15643216,989.0,4075520,2769,0.021099040284752846,0.2,0.26176393032073975,1980,-0.11766855001449585,0.0003,0.015895266,0.004304127847717609,0.160810546875,0.0012586854059281904,0.2701210379600525
1471,200,2.1576017,989.0,4096000,2783,0.004443194717168808,0.2,0.28735774755477905,1990,-0.12197751391679049,0.0003,0.01636089,0.004728268847829895,0.1704931640625,0.0011472373806554969,0.2709687352180481
1471,201,2.16243687,989.0,4116480,2796,-0.008945295587182045,0.2,0.2760269045829773,2000,-0.11621322188526392,0.0003,0.015278004,0.0038624166253430304,0.1593310546875,0.001176768023206023,0.26972293853759766
1471,202,2.15562356,989.0,4136960,2810,-0.022011734545230865,0.2,0.2719160318374634,2010,-0.11250314313918353,0.0003,0.01735856,0.004321512454480398,0.1558056640625,0.0011562805457560898,0.2686184346675873
1471,203,2.14694978,989.0,4157440,2824,0.00015802495181560516,0.2,0.2715614438056946,2020,-0.09601808931678533,0.0003,0.014137322,0.004390672197332606,0.15580078125,0.001147403753711842,0.26538360118865967
1471,204,2.14091509,989.0,4177920,2838,0.006938367150723934,0.2,0.2785465717315674,2030,-0.08251405969262122,0.0003,0.0125445705,0.0038657945617160292,0.1532861328125,0.001154372363944276,0.2634042501449585
1472,205,2.13847421,989.0,4198400,2852,0.024727873504161835,0.2,0.3161006569862366,2040,-0.06418800324201585,0.0003,0.014244539,0.004489667191664921,0.1572998046875,0.001196877537195178,0.2620271146297455
1472,206,2.1417669699999995,989.0,4218880,2865,-0.01176109816879034,0.2,0.2783515453338623,2050,-0.06252150487154723,0.0003,0.01227227,0.004499096181534696,0.157421875,0.0011338834404705266,0.2628532648086548
1472,207,2.1402949,989.0,4239360,2879,-0.013897957280278206,0.2,0.2775651812553406,2060,-0.06559672430157662,0.0003,0.013761178,0.005559059659717604,0.1584619140625,0.001113758632727695,0.262224018573761
1472,208,2.1453385500000004,989.0,4259840,2893,0.019429584965109825,0.2,0.2785837650299072,2070,-0.0700562208890915,0.0003,0.014682938,0.004207148791028886,0.159501953125,0.0011198375275762373,0.26198023557662964
1472,209,2.15290859,989.0,4280320,2907,0.01913873478770256,0.2,0.27988189458847046,2080,-0.05348633196204901,0.0003,0.013889889,0.004102990301471436,0.15513671875,0.0011222477975752555,0.2591630220413208
1472,210,2.1601843300000003,989.0,4300800,2920,-0.007331365253776312,0.2,0.28318560123443604,2090,-0.04500972680747509,0.0003,0.014464383,0.0036614365443529097,0.1534619140625,0.0011104644766419369,0.25999313592910767
1472,211,2.1681445200000002,989.0,4321280,2934,0.0004381636390462518,0.2,0.2820552587509155,2100,-0.05579203967005014,0.0003,0.014275134,0.004287300525757019,0.1614697265625,0.001124112465276994,0.26079297065734863
1472,212,2.1806208700000003,989.0,4341760,2948,0.006934378296136856,0.2,0.28011053800582886,2110,-0.04839472141116857,0.0003,0.014459139,0.0033509821849293077,0.16033203125,0.0011623293894353992,0.25944918394088745
1472,213,2.18550545,989.0,4362240,2962,0.004457517992705107,0.2,0.27621519565582275,2120,-0.05241246566176414,0.0003,0.013749769,0.004902952804986854,0.16048828125,0.0012520075033262401,0.2607436180114746
1472,214,2.18242779,989.0,4382720,2976,0.0024121433962136507,0.2,0.28201377391815186,2130,-0.05030940804630518,0.0003,0.012443585,0.004030583962157834,0.1558837890625,0.0011454315710761876,0.25996342301368713
1472,215,2.17650106,989.0,4403200,2989,-0.007819524966180325,0.2,0.2757331132888794,2140,-0.04768944539129734,0.0003,0.015037969,0.0038359755398414564,0.1586767578125,0.0011495069062402762,0.2595435082912445
1472,216,2.1721196400000005,989.0,4423680,3003,-0.006016461178660393,0.2,0.28142404556274414,2150,-0.027636371552944183,0.0003,0.01751575,0.003984308426588541,0.1650732421875,0.0011589558866580774,0.2576983869075775
1472,217,2.15795665,989.0,4444160,3017,-0.016123149544000626,0.2,0.2757558822631836,2160,-0.02291383158415556,0.0003,0.014516318,0.0046398806081560905,0.1572265625,0.0011519935268461269,0.2567093074321747
1472,218,2.1568792900000004,989.0,4464640,3031,0.015212226659059525,0.2,0.2836674451828003,2170,-0.020888803116977214,0.0003,0.017059231,0.004138484939030605,0.16306640625,0.0010794896253264595,0.25624483823776245
1472,219,2.15269905,989.0,4485120,3045,-0.025009693577885628,0.2,0.3024928569793701,2180,-0.005290693715214729,0.0003,0.014322323,0.003659516420593718,0.1651513671875,0.0012714559232426836,0.25480377674102783
1472,220,2.1634683299999997,989.0,4505600,3059,0.00472809374332428,0.2,0.27836745977401733,2190,-0.003967601470649242,0.0003,0.015124182,0.0045586851258121895,0.1553369140625,0.0011121033168365103,0.25414416193962097
1473,221,2.14461513,989.0,4526080,3072,-0.012021852657198906,0.2,0.271236777305603,2200,0.0011859426274895668,0.0003,0.0143258665,0.004477612982009304,0.156494140625,0.001148706873145784,0.253101646900177
1473,222,2.1543894100000003,989.0,4546560,3086,-0.005970848724246025,0.2,0.27370744943618774,2210,0.008141532838344574,0.0003,0.014603893,0.004379636569210561,0.1585107421875,0.0011520411643141414,0.25300824642181396
1473,223,2.1515944,989.0,4567040,3100,0.020218949764966965,0.2,0.27814358472824097,2220,0.030631748475134373,0.0003,0.014567438,0.00338644986244617,0.1631201171875,0.001096902196686642,0.2507455050945282
1473,224,2.15454475,989.0,4587520,3114,0.00894361361861229,0.2,0.28548890352249146,2230,0.04674363549798727,0.0003,0.014652649,0.003419223121018149,0.165693359375,0.0011170922782639536,0.24638617038726807
1473,225,2.1492770599999997,989.0,4608000,3127,0.02900637872517109,0.2,0.279898464679718,2240,0.05679007563740015,0.0003,0.016514745,0.00404489902262867,0.1680419921875,0.0011110734591511574,0.24674507975578308
1473,226,2.18282315,989.0,4628480,3141,-0.004939578473567963,0.2,0.27767354249954224,2250,0.06528148494660854,0.0003,0.013318974,0.003813225568155758,0.1661376953125,0.0011630300905017066,0.24512150883674622
1473,227,2.1814216600000003,989.0,4648960,3155,0.012778119184076786,0.2,0.2634083032608032,2260,0.07244689475744963,0.0003,0.015154054,0.0046996419392235115,0.1639013671875,0.0011952681735510852,0.24396023154258728
1473,228,2.20891057,989.0,4669440,3168,-0.007735713850706816,0.2,0.276001513004303,2270,0.08709452100098133,0.0003,0.01506183,0.004300327183300396,0.162666015625,0.0011783147678579554,0.2431798279285431
1473,229,2.2176199800000003,989.0,4689920,3182,0.005158981774002314,0.2,0.28695499897003174,2280,0.10438872031867504,0.0003,0.014963058,0.004834430779592367,0.161455078125,0.0011198632773084683,0.24030806124210358
1473,230,2.20389603,989.0,4710400,3196,0.0008292996790260077,0.2,0.28091031312942505,2290,0.11499016162008047,0.0003,0.014681595,0.00590227182910894,0.167021484375,0.0011346739202053868,0.23902323842048645
1473,231,2.20693953,989.0,4730880,3210,-0.0058465818874537945,0.2,0.2814287543296814,2300,0.12760767996311187,0.0003,0.015783582,0.003956612165638944,0.1732177734375,0.001130445622929983,0.23756465315818787
1473,232,2.23185883,989.0,4751360,3224,-0.01486455462872982,0.2,0.28104454278945923,2310,0.1424056387320161,0.0003,0.014385584,0.004454139077861328,0.1630322265625,0.001106715201440238,0.2363497018814087
1473,233,2.21316102,989.0,4771840,3237,0.01155020296573639,0.2,0.3071005344390869,2320,0.13425715800374746,0.0003,0.017191414,0.00501520964957308,0.16373046875,0.0012669995237592957,0.23646137118339539
1473,234,2.2130241200000005,989.0,4792320,3251,0.008455073460936546,0.2,0.276328980922699,2330,0.13687130685895682,0.0003,0.015224531,0.0048577258274599446,0.162724609375,0.0011115269792298932,0.23547041416168213
1473,235,2.2273802600000003,989.0,4812800,3265,0.01427758764475584,0.2,0.2763410210609436,2340,0.15405101485550404,0.0003,0.016662229,0.0053702944195538295,0.1688671875,0.0011150850833564617,0.23304450511932373
1473,236,2.2322412700000003,989.0,4833280,3279,0.018020518124103546,0.2,0.28266751766204834,2350,0.16556773211807013,0.0003,0.016442757,0.004244372612010921,0.1723583984375,0.001101329903685837,0.23226037621498108
1473,237,2.23277608,989.0,4853760,3293,0.03757463023066521,0.2,0.27807390689849854,2360,0.16967912279069425,0.0003,0.015795836,0.004393185650696978,0.162314453125,0.0011086678477659007,0.23157444596290588
1473,238,2.25560927,989.0,4874240,3307,0.0053771319799125195,0.2,0.2800772786140442,2370,0.1801258647441864,0.0003,0.016068725,0.004127369733032538,0.170439453125,0.0011274915201374823,0.23112653195858002
1473,239,2.2596742400000003,989.0,4894720,3320,0.007764496840536594,0.2,0.2853955626487732,2380,0.18042651500552892,0.0003,0.01582922,0.004745181076577865,0.1686279296875,0.0010959797094164969,0.23065194487571716
1473,240,2.2685939200000003,989.0,4915200,3334,-0.004949397873133421,0.2,0.2739030718803406,2390,0.1902133809030056,0.0003,0.014452482,0.004387483397003962,0.1625537109375,0.0011745992831492913,0.22965440154075623
1474,241,2.27760654,989.0,4935680,3348,0.01111543271690607,0.2,0.2775418162345886,2400,0.20527570839971304,0.0003,0.017023971,0.0047435653085995,0.1669677734375,0.0011220258172852482,0.22683405876159668
1474,242,2.26937519,989.0,4956160,3362,-0.006747594568878412,0.2,0.27991044521331787,2410,0.2048939171805978,0.0003,0.016988065,0.004021376291348133,0.171728515625,0.0012344376311193628,0.227426677942276
1474,243,2.25992172,989.0,4976640,3376,0.008718058466911316,0.2,0.2774682641029358,2420,0.21030402444303037,0.0003,0.015916124,0.00452674210362602,0.177607421875,0.00111654005575474,0.22642892599105835
1474,244,2.26207127,989.0,4997120,3389,-0.005604259204119444,0.2,0.2802537679672241,2430,0.20327400613576174,0.0003,0.014370832,0.005121249656367581,0.1648681640625,0.0011611830231595377,0.22791777551174164
1474,245,2.26636542,989.0,5017600,3403,-0.0026132427155971527,0.2,0.2789614796638489,2440,0.19895963806658984,0.0003,0.015815567,0.004253123155067442,0.1672021484375,0.001151161443312958,0.22709479928016663
