rollout/ep_rew_mean,time/time_elapsed,time/total_timesteps,time/fps,rollout/ep_len_mean,time/iterations,train/clip_fraction,train/explained_variance,train/learning_rate,train/loss,train/entropy_loss,train/value_loss,train/approx_kl,train/policy_gradient_loss,train/std,train/clip_range,train/n_updates
0.25098,1,2048,1308,1070.0,1,,,,,,,,,,,
0.08731833333333332,3,4096,1148,1070.0,2,0.024560546875,-12.183270454406738,0.0003,0.033306632190942764,-2.830828307569027,0.024548608290206175,0.0062462157,-0.004773459081479814,0.9923988580703735,0.2,10
0.1587362,5,6144,1136,1070.0,3,0.03564453125,-2.052863121032715,0.0003,-0.009078532457351685,-2.8284995295107365,0.005502395554503892,0.0052103545,-0.0070360469755542,0.9976007342338562,0.2,20
0.09844357142857142,7,8192,1131,1070.0,4,0.027099609375,-1.0516808032989502,0.0003,-0.008398388512432575,-2.8242877915501596,0.0031016926128359045,0.004700032,-0.004478032975748647,0.990739643573761,0.2,30
0.01831622222222222,9,10240,1128,1070.0,5,0.084619140625,-0.6000814437866211,0.0003,0.007122146897017956,-2.807038168609142,0.0025705315892992076,0.008813277,-0.00898986101092305,0.9806588292121887,0.2,40
0.11685736363636363,11,12288,1089,1070.0,6,0.05703125,-0.4406707286834717,0.0003,-0.03176366910338402,-2.802518606185913,0.0023004143200523685,0.0052933563,-0.008159601247461979,0.9822733402252197,0.2,50
0.12414169230769231,13,14336,1059,1070.0,7,0.039501953125,-0.3564518690109253,0.0003,-0.029227634891867638,-2.799069032073021,0.0017819909913669107,0.0048895394,-0.006326542804890778,0.9777264595031738,0.2,60
0.07193853333333333,15,16384,1065,1070.0,8,0.0400390625,-0.22498416900634766,0.0003,-0.008222290314733982,-2.7805634424090386,0.0017142496322776423,0.006357328,-0.005435110129474197,0.9660771489143372,0.2,70
0.03307905882352941,17,18432,1070,1070.0,9,0.07529296875,-0.3558591604232788,0.0003,-8.241826435551047e-05,-2.748409952968359,0.001573149704563548,0.0073398612,-0.008685772454191465,0.948671817779541,0.2,80
0.054754000000000004,19,20480,1075,1070.0,10,0.0462890625,-0.15725994110107422,0.0003,-0.015086437575519085,-2.7138495475053785,0.0015116049746211502,0.0054112193,-0.006452265361440368,0.9326815605163574,0.2,90
0.052761190476190475,21,22528,1059,1070.0,11,0.041259765625,-0.14206528663635254,0.0003,-0.012628024443984032,-2.698226848989725,0.0012288194893699256,0.0042541157,-0.004963719872466754,0.931941032409668,0.2,100
0.06382259090909091,23,24576,1045,1070.0,12,0.047705078125,-0.17045271396636963,0.0003,-0.015702564269304276,-2.7075461491942407,0.0013337073711227275,0.0062300824,-0.0069579674091073684,0.939684271812439,0.2,110
0.07982854166666667,25,26624,1035,1070.0,13,0.06640625,-0.1768399477005005,0.0003,-0.01696401834487915,-2.6979873523116114,0.0011055622690037126,0.008225413,-0.0067253388595418075,0.9271429777145386,0.2,120
0.11124926923076923,27,28672,1041,1070.0,14,0.05615234375,-0.18655180931091309,0.0003,-0.015153162181377411,-2.681210258603096,0.0013936317760453675,0.00638377,-0.007080338863306679,0.9215851426124573,0.2,130
0.1377745,29,30720,1046,1070.0,15,0.04287109375,-0.1096581220626831,0.0003,-0.014856765046715736,-2.6715083450078962,0.0015124096069484949,0.0047648624,-0.0053330445676692765,0.9183075428009033,0.2,140
0.14436206666666665,31,32768,1050,1070.0,16,0.0595703125,-0.11660826206207275,0.0003,-0.0037045590579509735,-2.6572871252894403,0.0011041874731745338,0.0071014427,-0.006972891328769037,0.9096372127532959,0.2,150
0.16067553125,33,34816,1039,1070.0,17,0.0625,-0.08964681625366211,0.0003,-0.001505936263129115,-2.639837122708559,0.0009499260475422488,0.005692319,-0.008817640825145644,0.9030083417892456,0.2,160
0.16370876470588236,35,36864,1030,1070.0,18,0.070361328125,-0.08880198001861572,0.0003,0.004446431063115597,-2.6276148311793803,0.001126729823408823,0.006242191,-0.0073879827541531995,0.8992840647697449,0.2,170
0.15848561111111112,38,38912,1023,1070.0,19,0.07197265625,-0.04662954807281494,0.0003,-0.007564489729702473,-2.6294710583984853,0.0010516775415453593,0.0084536355,-0.008641647297190502,0.9009336233139038,0.2,180
0.1736333157894737,40,40960,1016,1070.0,20,0.074462890625,-0.06287860870361328,0.0003,-0.016720835119485855,-2.6048749879002573,0.000933531901682727,0.007785142,-0.007627313902776223,0.8804548978805542,0.2,190
0.18114385,42,43008,1010,1070.0,21,0.061376953125,-0.049488186836242676,0.0003,-0.007452104240655899,-2.57590172290802,0.0009595467667168122,0.0072033033,-0.008489667548565194,0.873468279838562,0.2,200
0.17656721428571429,44,45056,1005,1070.0,22,0.064453125,-0.05592954158782959,0.0003,-0.01576169952750206,-2.5521094225347043,0.0010135768894542706,0.006705331,-0.006169720859907102,0.8615469932556152,0.2,210
0.18982549999999998,47,47104,1000,1070.0,23,0.07080078125,0.005575001239776611,0.0003,-0.01812123693525791,-2.5248214013874533,0.0011523432169269654,0.00908798,-0.0076488094055093825,0.8499373197555542,0.2,220
0.1837944222222222,49,49152,996,1070.0,24,0.05166015625,-0.06061148643493652,0.0003,-0.007933804765343666,-2.511204148828983,0.001081029343913542,0.007096325,-0.003414917220652569,0.8493908643722534,0.2,230
0.19850268085106382,51,51200,992,1070.0,25,0.07353515625,0.017648935317993164,0.0003,-0.026601074263453484,-2.5029105208814144,0.001152401278341131,0.008268749,-0.007088923751143739,0.8428534269332886,0.2,240
0.20711426530612242,53,53248,988,1070.0,26,0.06240234375,0.0501096248626709,0.0003,-0.018713265657424927,-2.4763414695858956,0.0012267129208339612,0.0078078313,-0.0066690415100310926,0.8286317586898804,0.2,250
0.21306860784313725,56,55296,985,1070.0,27,0.08291015625,0.04350310564041138,0.0003,-0.031396012753248215,-2.445400159806013,0.0012043142141919816,0.008761219,-0.007129599330073688,0.8162775039672852,0.2,260
0.21950924528301885,58,57344,982,1070.0,28,0.07236328125,0.0136299729347229,0.0003,-0.03175792843103409,-2.425109162926674,0.0011106635527539765,0.0070121074,-0.008452471527562011,0.8092550039291382,0.2,270
0.21451459999999997,60,59392,986,1070.0,29,0.061083984375,-0.09759151935577393,0.0003,-0.0180143304169178,-2.421226243674755,0.000931698860040342,0.006502534,-0.007922105127363466,0.8133080005645752,0.2,280
0.22628215789473682,62,61440,990,1070.0,30,0.071484375,-0.021382451057434082,0.0003,-0.032614391297101974,-2.4104537017643453,0.00109520237401739,0.00850152,-0.008458851653267629,0.8036617040634155,0.2,290
0.2412115254237288,63,63488,993,1070.0,31,0.080517578125,-0.04802501201629639,0.0003,-0.014490810222923756,-2.3895924352109432,0.0009585082409103052,0.007610579,-0.00769667895292514,0.7956769466400146,0.2,300
0.23098957377049179,66,65536,990,1070.0,32,0.2275390625,-0.0038710832595825195,0.0003,0.0033142752945423126,-2.367744164913893,0.0009000128811749164,0.018505119,0.004422070586588234,0.7857716083526611,0.2,310
0.25367519047619047,68,67584,988,1070.0,33,0.06806640625,0.05373275279998779,0.0003,0.011817795224487782,-2.3445659928023814,0.0011159606434375745,0.008325482,-0.005462103019817732,0.7780877351760864,0.2,320
0.26092659999999995,70,69632,985,1070.0,34,0.05888671875,-0.017466306686401367,0.0003,-0.007172776851803064,-2.3362404845654963,0.0011413335685574566,0.00725393,-0.004971855581970885,0.7781474590301514,0.2,330
0.25913910606060603,72,71680,983,1070.0,35,0.091943359375,0.018418431282043457,0.0003,-0.013085125014185905,-2.3302422791719435,0.0008301212097649113,0.006361575,-0.006551908467372414,0.7759760618209839,0.2,340
0.26833975,75,73728,980,1070.0,36,0.08291015625,0.0017750263214111328,0.0003,-0.03112051822245121,-2.320567559450865,0.0009408205924046342,0.011543091,-0.007409419407485985,0.7698460221290588,0.2,350
0.2790786142857143,76,75776,984,1070.0,37,0.094287109375,0.04221189022064209,0.0003,-0.04040612652897835,-2.306257089227438,0.001154889090321376,0.011263067,-0.007521867547620786,0.7652335166931152,0.2,360
0.29035651388888883,78,77824,987,1070.0,38,0.058984375,-0.003496527671813965,0.0003,-0.009393903426826,-2.3037476018071175,0.0008481390129418287,0.006157107,-0.005738185577502009,0.7665295600891113,0.2,370
0.29594699999999996,80,79872,990,1070.0,39,0.0693359375,0.0600849986076355,0.0003,-0.005893565248697996,-2.298684362322092,0.0012965287560291472,0.0064556873,-0.005205287116405088,0.7611685991287231,0.2,380
0.30903288157894737,82,81920,993,1070.0,40,0.08427734375,-0.0001964569091796875,0.0003,-0.016737084835767746,-2.277609942853451,0.0013546701777158888,0.0069100764,-0.006921033225080464,0.7517642974853516,0.2,390
0.3087065128205128,84,83968,990,1070.0,41,0.07119140625,0.051735758781433105,0.0003,0.029396139085292816,-2.256316592544317,0.001314490518961975,0.005459235,-0.004727941793680657,0.7451848983764648,0.2,400
0.3194099125,87,86016,988,1070.0,42,0.080859375,0.11451166868209839,0.0003,-0.016345400363206863,-2.2496945336461067,0.001039008608495351,0.00671192,-0.005577757644641679,0.745514988899231,0.2,410
0.3256012317073171,89,88064,986,1070.0,43,0.0880859375,0.0782286524772644,0.0003,0.0009112422121688724,-2.2529203690588475,0.001040261636444484,0.0076952386,-0.005496112002583686,0.7475542426109314,0.2,420
0.3331109047619048,91,90112,989,1070.0,44,0.090087890625,0.09086054563522339,0.0003,0.0013083529192954302,-2.234072380512953,0.0010970522518618964,0.008453223,-0.0069106264199945144,0.734798789024353,0.2,430
0.33433294186046514,92,92160,991,1070.0,45,0.0701171875,0.14440631866455078,0.0003,-0.03049083612859249,-2.214968564361334,0.001420105064607924,0.0061531356,-0.004908407161565265,0.7295262813568115,0.2,440
0.34691329545454547,94,94208,994,1070.0,46,0.0775390625,0.08456742763519287,0.0003,0.0002883148845285177,-2.1969500303268434,0.0011133993655676022,0.007060303,-0.006719530712871347,0.7239831686019897,0.2,450
0.34977526966292133,96,96256,996,1070.0,47,0.095849609375,0.11950242519378662,0.0003,-0.014498245902359486,-2.1961116276681425,0.0012257119071364287,0.0082161585,-0.008165065509092528,0.7261534929275513,0.2,460
0.35362440659340655,98,98304,998,1070.0,48,0.1046875,0.06394803524017334,0.0003,0.0019610386807471514,-2.182205241918564,0.0012305313570323052,0.009119469,-0.010889241444237996,0.7149412631988525,0.2,470
0.353943193548387,100,100352,995,1070.0,49,0.076806640625,0.07916688919067383,0.0003,-0.020637398585677147,-2.150943937152624,0.0011163837558342492,0.0076855016,-0.006490160620887764,0.7030230760574341,0.2,480
0.3572604631578946,103,102400,993,1070.0,50,0.09287109375,0.05069530010223389,0.0003,-0.012735484167933464,-2.132496465742588,0.0009665427549407468,0.008474196,-0.006949917097517755,0.7020885348320007,0.2,490
0.36767864948453605,105,104448,991,1070.0,51,0.092333984375,0.11928492784500122,0.0003,-0.02160594053566456,-2.112614356726408,0.0012291939097849535,0.007972535,-0.006172959586547222,0.6904579401016235,0.2,500
0.3727789090909091,107,106496,989,1070.0,52,0.11015625,0.1403963565826416,0.0003,-0.009241116233170033,-2.083470895141363,0.0016312330906657734,0.011313997,-0.009929239674238487,0.6828097701072693,0.2,510
0.3805509800000001,109,108544,988,1070.0,53,0.09130859375,0.08868706226348877,0.0003,-0.03478088974952698,-2.058197585493326,0.0011262613941653398,0.007946502,-0.006593872714438476,0.6730145215988159,0.2,520
0.39443077000000004,112,110592,986,1070.0,54,0.09072265625,0.1292288899421692,0.0003,-0.02329223044216633,-2.0440764971077443,0.0013366658191444002,0.0071727857,-0.006478392770804931,0.6717631816864014,0.2,530
0.3960717899999999,113,112640,988,1070.0,55,0.10078125,0.07714450359344482,0.0003,-0.01831072010099888,-2.04856309145689,0.0009724012488732114,0.0077551715,-0.0068119511139229875,0.6764681339263916,0.2,540
0.41214286,115,114688,990,1070.0,56,0.0853515625,0.06806933879852295,0.0003,-0.022811178117990494,-2.0513226449489594,0.0010259286984364735,0.008144493,-0.006942893806262873,0.6737223863601685,0.2,550
0.43131777,117,116736,992,1070.0,57,0.080859375,0.09385335445404053,0.0003,-0.023788493126630783,-2.0299873620271685,0.0010886929176194826,0.00812659,-0.005577217892277986,0.6623305678367615,0.2,560
0.43807889999999994,119,118784,994,1070.0,58,0.09912109375,0.17176330089569092,0.0003,-0.022377662360668182,-2.01667116060853,0.0012472239795897622,0.0075454405,-0.00707526359037729,0.6647984385490417,0.2,570
0.44247529,121,120832,992,1070.0,59,0.09775390625,0.12847673892974854,0.0003,-0.022702081128954887,-2.008502896502614,0.0010095408075358136,0.007001866,-0.008201667525281665,0.6581454277038574,0.2,580
0.45530786999999995,123,122880,994,1070.0,60,0.100439453125,0.1783907413482666,0.0003,0.007687734439969063,-1.9900253895670175,0.00109645263873972,0.008805605,-0.009150659936130979,0.6530413031578064,0.2,590
0.46767542999999995,125,124928,995,1070.0,61,0.085205078125,0.16347569227218628,0.0003,-0.01091885194182396,-1.9823947329074145,0.0012340354962361744,0.006914961,-0.00602460928785149,0.6522319912910461,0.2,600
0.47654666999999995,127,126976,997,1070.0,62,0.110986328125,0.09278684854507446,0.0003,-0.021514004096388817,-1.990574674680829,0.0010649767813447398,0.008621906,-0.006209052812482696,0.6583783626556396,0.2,610
0.4866099700000001,129,129024,999,1070.0,63,0.097607421875,0.011929929256439209,0.0003,-0.00032659206772223115,-1.9976548910140992,0.0008954968750913394,0.008821783,-0.008241378658567555,0.658903956413269,0.2,620
0.48760855,130,131072,1000,1070.0,64,0.094873046875,0.06967318058013916,0.0003,-0.028312332928180695,-1.9884476065635681,0.0009210006333887577,0.01031073,-0.006919824711803813,0.6530184745788574,0.2,630
0.49767264000000005,132,133120,1002,1070.0,65,0.095458984375,0.07654649019241333,0.0003,0.003077529137954116,-1.9724843721836804,0.0014570479515896295,0.009279834,-0.008989614380698185,0.6484553813934326,0.2,640
0.5038571599999999,134,135168,1003,1070.0,66,0.117431640625,0.0799606442451477,0.0003,-0.02713654190301895,-1.9611098036170005,0.0012473646884245682,0.012315588,-0.00816958821960725,0.6461248397827148,0.2,650
0.5114605,136,137216,1005,1070.0,67,0.0701171875,0.14032554626464844,0.0003,-0.006564914248883724,-1.9576530486345292,0.0011291078300928348,0.0076010134,-0.007243804962490686,0.6453728079795837,0.2,660
0.5177708599999999,138,139264,1006,1070.0,68,0.078515625,0.1927938461303711,0.0003,-0.008659057319164276,-1.9477934964001178,0.0014595115670090308,0.007495957,-0.008538775871420512,0.6416399478912354,0.2,670
0.5318417799999999,140,141312,1008,1070.0,69,0.11513671875,0.1797998547554016,0.0003,-0.029943451285362244,-1.937687274068594,0.0012672277249293983,0.007301993,-0.005064341072284151,0.6411058902740479,0.2,680
0.53805419,142,143360,1009,1070.0,70,0.111962890625,0.17576992511749268,0.0003,-0.03056802973151207,-1.9367258187383414,0.0015015940720331856,0.009397369,-0.009076234242820646,0.6417577266693115,0.2,690
0.55462595,143,145408,1010,1070.0,71,0.1017578125,0.1627088189125061,0.0003,-0.016542969271540642,-1.9375593841075898,0.0009800271569474716,0.009565812,-0.00694544879370369,0.6412285566329956,0.2,700
0.56615679,145,147456,1012,1070.0,72,0.079345703125,0.09429419040679932,0.0003,-0.004098216071724892,-1.9468467831611633,0.0014065059602216933,0.0069102636,-0.00404989722155733,0.6461357474327087,0.2,710
0.57243217,147,149504,1013,1070.0,73,0.098828125,0.16837596893310547,0.0003,-0.010217887349426746,-1.9536363370716572,0.0011352457337125087,0.013605653,-0.0054425689188065006,0.6462970972061157,0.2,720
0.59521013,149,151552,1014,1070.0,74,0.10546875,0.15756016969680786,0.0003,0.019168591126799583,-1.9511862635612487,0.0014518100357236107,0.009901069,-0.007614497815666255,0.6455503702163696,0.2,730
0.60435033,151,153600,1015,1070.0,75,0.098583984375,0.1938861608505249,0.0003,0.0030822018161416054,-1.9293263245373964,0.0011518174329467,0.0089683365,-0.006287984336086083,0.6335222125053406,0.2,740
0.61845901,153,155648,1017,1070.0,76,0.11123046875,0.24245554208755493,0.0003,-0.0222176481038332,-1.912850546091795,0.0015255670527039912,0.0100855315,-0.008406267287500668,0.6331124305725098,0.2,750
0.62636476,155,157696,1015,1070.0,77,0.105029296875,0.22052043676376343,0.0003,0.020134324207901955,-1.9003626927733421,0.0015497058040637058,0.010033975,-0.0060181509135873055,0.6260195374488831,0.2,760
0.6386606800000001,157,159744,1016,1070.0,78,0.110498046875,0.22067564725875854,0.0003,0.005371082108467817,-1.8833236780017615,0.0012183450131487915,0.008932142,-0.006022189489158336,0.6223292350769043,0.2,770
0.64857094,158,161792,1017,1070.0,79,0.12412109375,0.16497540473937988,0.0003,-0.023272885009646416,-1.8726206675171853,0.0014386733382707462,0.009576153,-0.009043124723393702,0.619486927986145,0.2,780
0.6613102099999999,160,163840,1018,1070.0,80,0.10400390625,0.2439475655555725,0.0003,0.008647320792078972,-1.853635861352086,0.0015780098012328381,0.0080501195,-0.005817132061929442,0.6120139360427856,0.2,790
0.6786190999999999,163,165888,1017,1070.0,81,0.09580078125,0.22579050064086914,0.0003,-0.003453897312283516,-1.8442907314747572,0.0014012706180437818,0.00791201,-0.007863296040159184,0.6134501695632935,0.2,800
0.6888925899999999,165,167936,1015,1070.0,82,0.108447265625,0.2644851803779602,0.0003,-0.009967414662241936,-1.8426055315881968,0.0013954242613181123,0.00937046,-0.00532452871411806,0.6111108064651489,0.2,810
0.6963450600000002,167,169984,1017,1070.0,83,0.097509765625,0.2185177206993103,0.0003,-0.007214642129838467,-1.8293150138109922,0.0015274925686753703,0.010990242,-0.006484414538135752,0.6074104309082031,0.2,820
0.7113333000000001,168,172032,1018,1070.0,84,0.112060546875,0.2693721055984497,0.0003,0.012369783595204353,-1.8033665958791971,0.001491762099067273,0.013021134,-0.007977439294336364,0.5985814929008484,0.2,830
0.7179275300000001,170,174080,1019,1070.0,85,0.112255859375,0.23705989122390747,0.0003,-0.0035279940348118544,-1.774116513878107,0.0016659938852171762,0.008225279,-0.00530284684500657,0.5918796062469482,0.2,840
0.7232964599999999,172,176128,1020,1070.0,86,0.116943359375,0.29193490743637085,0.0003,-0.0074327425099909306,-1.7560376737266779,0.0016338185669155791,0.009220149,-0.005546499286720063,0.5881474018096924,0.2,850
0.7434972500000001,174,178176,1021,1070.0,87,0.11142578125,0.2903450131416321,0.0003,-0.022622406482696533,-1.7559225853532552,0.0014165396360112936,0.0082444735,-0.008635962168045807,0.5915508270263672,0.2,860
0.7465046300000001,176,180224,1022,1070.0,88,0.101953125,0.2643476724624634,0.0003,-0.007567905355244875,-1.7588644601404666,0.0014983003360612202,0.010323362,-0.007036381393845659,0.5924432873725891,0.2,870
0.7477867500000001,178,182272,1023,1070.0,89,0.111376953125,0.23079735040664673,0.0003,-0.0019033134449273348,-1.7286051254719497,0.0013922416757850443,0.015800986,-0.007002602123247925,0.5773537158966064,0.2,880
0.75428855,180,184320,1023,1070.0,90,0.144873046875,0.009307563304901123,0.0003,-0.001223445637151599,-1.695229657366872,0.0010693489130062517,0.011872614,-0.007110886223381385,0.5726732611656189,0.2,890
0.7696979500000001,181,186368,1024,1070.0,91,0.11298828125,0.2261330485343933,0.0003,-0.013822687789797783,-1.691194374486804,0.0015144885730478564,0.0070446664,-0.005594003178703133,0.5727449655532837,0.2,900
0.7761081200000001,183,188416,1025,1070.0,92,0.1052734375,0.24653083086013794,0.0003,-0.01798774115741253,-1.6805549066513776,0.0013681201406143372,0.010969928,-0.008690869108249899,0.5672711133956909,0.2,910
0.7862954500000001,185,190464,1026,1070.0,93,0.115234375,0.13710558414459229,0.0003,-0.00656305393204093,-1.6625910609960557,0.001256844709860161,0.010757442,-0.0065050028133555315,0.5650463700294495,0.2,920
0.7865221600000001,187,192512,1027,1070.0,94,0.13017578125,0.18417590856552124,0.0003,-0.024937398731708527,-1.6473317693918943,0.0012288819396417238,0.013714191,-0.004033069354773033,0.5596034526824951,0.2,930
0.79747634,189,194560,1028,1070.0,95,0.122900390625,0.2800220847129822,0.0003,-0.012523853220045567,-1.6350831657648086,0.0013873845080524915,0.0101661235,-0.004825599271862302,0.5593261122703552,0.2,940
0.8069481,191,196608,1026,1070.0,96,0.1265625,0.2828718423843384,0.0003,-0.05512683466076851,-1.6203394334763288,0.0016333748288161587,0.011477827,-0.008142187565681525,0.551576554775238,0.2,950
0.8238618699999999,193,198656,1027,1070.0,97,0.116064453125,0.25107091665267944,0.0003,-0.01447866391390562,-1.590207338705659,0.0013837443313605036,0.010499917,-0.00663432119472418,0.5429258346557617,0.2,960
0.8342779399999999,195,200704,1028,1070.0,98,0.109130859375,0.32155436277389526,0.0003,-0.02514774166047573,-1.5676250711083413,0.0015266228954715188,0.011335865,-0.007230680125940125,0.5397137403488159,0.2,970
0.8490112700000002,196,202752,1029,1070.0,99,0.1044921875,0.3205922245979309,0.0003,0.009373199194669724,-1.5460098035633565,0.0016484857333125547,0.009112719,-0.002927542205725331,0.531731128692627,0.2,980
0.85721384,198,204800,1030,1070.0,100,0.11669921875,0.20824700593948364,0.0003,-0.02833208255469799,-1.530763119086623,0.0014514578719172278,0.011718869,-0.0042151102687057575,0.5310686230659485,0.2,990
0.87113034,200,206848,1031,1070.0,101,0.1337890625,0.2560402750968933,0.0003,-0.02159629575908184,-1.5269445169717073,0.0015617720793670742,0.01090808,-0.0065583531133597715,0.5297431945800781,0.2,1000
0.8817252000000001,202,208896,1032,1070.0,102,0.135400390625,0.26778286695480347,0.0003,-0.0283574890345335,-1.512864075601101,0.0014980492076574591,0.011071534,-0.006628495124459732,0.5252494215965271,0.2,1010
0.8895735000000002,204,210944,1032,1070.0,103,0.133251953125,0.26946330070495605,0.0003,0.0054048411548137665,-1.4963498417288066,0.0013618581480841386,0.009952512,-0.005183440881955903,0.5220954418182373,0.2,1020
0.8977415699999999,206,212992,1033,1070.0,104,0.1287109375,0.28024840354919434,0.0003,-0.009723061695694923,-1.4957832112908362,0.0014965111953642919,0.008768408,-0.004775487346341834,0.5255744457244873,0.2,1030
0.90549375,207,215040,1034,1070.0,105,0.13935546875,0.24423134326934814,0.0003,0.003976961597800255,-1.5121157642453908,0.0010274071908497717,0.012758214,-0.005252665013540536,0.5308991074562073,0.2,1040
0.90818812,209,217088,1035,1070.0,106,0.1341796875,0.232044517993927,0.0003,-0.025835491716861725,-1.5057664141058922,0.0013436575634841574,0.012472479,-0.005140583115280606,0.5229389667510986,0.2,1050
0.9250369400000001,211,219136,1035,1070.0,107,0.11748046875,0.2712289094924927,0.0003,-0.009713899344205856,-1.4843430120497942,0.0015512758913246217,0.014140865,-0.005048918985994533,0.5205694437026978,0.2,1060
0.9423705200000001,213,221184,1036,1070.0,108,0.1267578125,0.22538036108016968,0.0003,-0.024284088984131813,-1.4739931717514991,0.001481977776529675,0.0086667165,-0.003794730521622114,0.5167812705039978,0.2,1070
0.9479719400000001,215,223232,1037,1070.0,109,0.11298828125,0.24996024370193481,0.0003,-0.02032470516860485,-1.4704410701990127,0.0012273225067474414,0.011562095,-0.002512567506346386,0.5184584259986877,0.2,1080
0.95373783,217,225280,1037,1070.0,110,0.13037109375,0.2730739116668701,0.0003,0.005446486175060272,-1.469723492115736,0.0015303783287890838,0.013718017,-0.0033548209044965915,0.5173537135124207,0.2,1090
0.96566236,218,227328,1038,1070.0,111,0.106591796875,0.24999678134918213,0.0003,-0.009091380052268505,-1.4577845990657807,0.001237836437576334,0.0105917305,-0.005881677096476778,0.5134548544883728,0.2,1100
0.97274253,220,229376,1039,1070.0,112,0.12646484375,0.3068649172782898,0.0003,-0.04383428022265434,-1.455368996039033,0.0015115168545889901,0.008991712,-0.0032910343245021066,0.5144370198249817,0.2,1110
0.9844566400000001,222,231424,1039,1070.0,113,0.11181640625,0.3215644955635071,0.0003,-0.0002122002188116312,-1.4466645687818527,0.001596699635956611,0.009885929,-0.005950771873176564,0.5106914043426514,0.2,1120
0.99781571,224,233472,1040,1070.0,114,0.11103515625,0.3285888433456421,0.0003,0.01213756762444973,-1.4381775315850973,0.0013782124889985426,0.009884848,-0.006269838698790409,0.5100280046463013,0.2,1130
1.0069515400000002,226,235520,1041,1070.0,115,0.12587890625,0.3191240429878235,0.0003,-0.002480375114828348,-1.4330618858337403,0.0013900447545893257,0.009806419,-0.005477040022378787,0.5084611177444458,0.2,1140
1.0215789800000001,228,237568,1041,1070.0,116,0.12275390625,0.27201688289642334,0.0003,-0.030370861291885376,-1.424762226268649,0.001327133326776675,0.012687013,-0.008075235215073917,0.5049760341644287,0.2,1150
1.02891229,229,239616,1042,1070.0,117,0.116748046875,0.2749117612838745,0.0003,-0.03587295487523079,-1.4011303503066301,0.0013557357546233107,0.01030704,-0.006445995038666297,0.49687659740448,0.2,1160
1.03296905,231,241664,1043,1070.0,118,0.14091796875,0.33910125494003296,0.0003,0.0023705707862973213,-1.3783834047615529,0.0013372939993132604,0.0107390825,-0.006073034445580561,0.4922596216201782,0.2,1170
1.04114197,233,243712,1043,1070.0,119,0.14423828125,0.30919116735458374,0.0003,0.0029131919145584106,-1.3580350022763015,0.0015481120426557027,0.013892915,-0.01054772315401351,0.48694074153900146,0.2,1180
1.04847041,235,245760,1044,1070.0,120,0.12421875,0.2845355272293091,0.0003,0.02124073915183544,-1.3369727209210396,0.0016279515601127059,0.00793094,-0.0013690727617358788,0.4814772605895996,0.2,1190
1.0569025899999998,237,247808,1044,1070.0,121,0.118994140625,0.35526514053344727,0.0003,-0.004518495872616768,-1.318453437462449,0.0016055290270742262,0.011452746,-0.006393397611100226,0.4772871434688568,0.2,1200
1.06170389,239,249856,1045,1070.0,122,0.112255859375,0.3126612901687622,0.0003,-0.017916051670908928,-1.3072402723133565,0.0015779892630234827,0.01029827,-0.005793191368866246,0.47588813304901123,0.2,1210
1.06177527,240,251904,1045,1070.0,123,0.143212890625,0.3103775382041931,0.0003,-0.00728328013792634,-1.2919373396784066,0.0015794271592312725,0.010764882,-0.006826444284524768,0.4708777070045471,0.2,1220
1.06520686,242,253952,1046,1070.0,124,0.12197265625,0.3573879599571228,0.0003,-0.003594903275370598,-1.2839805644005537,0.0016609310208878015,0.013707591,-0.005793498535058461,0.4719899296760559,0.2,1230
1.07580349,244,256000,1046,1070.0,125,0.144384765625,0.3539833426475525,0.0003,0.012140936218202114,-1.2800123237073422,0.001367884962564858,0.011707159,-0.004798816950642504,0.469515323638916,0.2,1240
1.0810280099999998,246,258048,1047,1070.0,126,0.13662109375,0.3582344055175781,0.0003,-0.01075038593262434,-1.2543750517070293,0.00144542069228919,0.010480363,-0.007949663006002083,0.4609571695327759,0.2,1250
1.0861411300000001,248,260096,1048,1070.0,127,0.1353515625,0.3540465831756592,0.0003,0.0011195996776223183,-1.2351548727601767,0.0015344532845119828,0.010186231,-0.004889885455486365,0.45763954520225525,0.2,1260
1.09102566,250,262144,1048,1070.0,128,0.13369140625,0.36985570192337036,0.0003,-0.004242336377501488,-1.2184588257223368,0.0014124458912192495,0.014859488,-0.0038553792190214155,0.45491209626197815,0.2,1270
1.09492924,251,264192,1049,1070.0,129,0.129052734375,0.30862367153167725,0.0003,-0.012704826891422272,-1.217974394187331,0.0012717408830212663,0.010740925,-0.004729624603351112,0.4575643539428711,0.2,1280
1.09546129,253,266240,1049,1070.0,130,0.114306640625,0.38429510593414307,0.0003,0.0042570666410028934,-1.2134690452367067,0.0015153274183830946,0.012314945,-0.00689100633317139,0.45381081104278564,0.2,1290
1.10344273,255,268288,1048,1070.0,131,0.15068359375,0.3773520588874817,0.0003,-0.02820349484682083,-1.197139984741807,0.0015147358486501616,0.01114586,-0.008290761709213256,0.4504443109035492,0.2,1300
1.10072221,257,270336,1048,1070.0,132,0.1263671875,0.35519635677337646,0.0003,-0.019446101039648056,-1.1934092842042445,0.0015951721017700038,0.013020061,-0.006490957266942132,0.44999802112579346,0.2,1310
1.10485,259,272384,1049,1070.0,133,0.16796875,0.32435673475265503,0.0003,0.0040453216060996056,-1.1800873521715403,0.0013839167231708416,0.020267382,-0.004004779313981998,0.44479233026504517,0.2,1320
1.11173598,261,274432,1049,1070.0,134,0.135205078125,0.37816691398620605,0.0003,0.034645870327949524,-1.18009901791811,0.0016337131854015751,0.011055145,-0.005506866161158541,0.44904571771621704,0.2,1330
1.11778949,263,276480,1050,1070.0,135,0.15126953125,0.4083908200263977,0.0003,0.00667394557967782,-1.172537564113736,0.0016238053145571029,0.013776644,-0.00534976468043169,0.4449769854545593,0.2,1340
1.1285462699999997,265,278528,1050,1070.0,136,0.144091796875,0.34297651052474976,0.0003,-0.022085314616560936,-1.1531940832734109,0.0016846052260007128,0.012478517,-0.008959709136979655,0.4428764581680298,0.2,1350
1.13411171,266,280576,1051,1070.0,137,0.14970703125,0.3820599317550659,0.0003,-0.008707891218364239,-1.1387873377650977,0.0015250805792675238,0.01217201,-0.004806924386502942,0.43970435857772827,0.2,1360
1.13772847,268,282624,1051,1070.0,138,0.14111328125,0.2852025628089905,0.0003,-0.014632205478847027,-1.1208721805363893,0.0014301847551905667,0.012536494,-0.006513610588444863,0.4352044463157654,0.2,1370
1.1379889300000001,270,284672,1052,1070.0,139,0.131591796875,0.3272022604942322,0.0003,-0.005167713388800621,-1.0841629024595023,0.0012843493290347397,0.011719382,-0.0070794364713947285,0.42504003643989563,0.2,1380
1.1387117,272,286720,1052,1070.0,140,0.1458984375,0.34961801767349243,0.0003,-0.029622402042150497,-1.0583599194884301,0.0014432183825192624,0.010514805,-0.00480994203244336,0.4223165810108185,0.2,1390
1.1435718600000002,274,288768,1053,1070.0,141,0.128955078125,0.12863445281982422,0.0003,0.013318389654159546,-1.0512826304882765,0.0013582543906522915,0.008767368,-0.005350945306417998,0.4221033751964569,0.2,1400
1.1583273,275,290816,1053,1070.0,142,0.1298828125,0.32438963651657104,0.0003,0.0017224473413079977,-1.0442536216229201,0.001549840230291011,0.009043407,-0.003949321119580418,0.41966477036476135,0.2,1410
1.1532476,277,292864,1054,1070.0,143,0.13330078125,0.3727233409881592,0.0003,-0.008244258351624012,-1.0324031371623277,0.0016232322785072028,0.009829355,-0.00352089955995325,0.4179877042770386,0.2,1420
1.15095626,279,294912,1054,1070.0,144,0.14638671875,0.34657973051071167,0.0003,0.0019206540891900659,-1.0243897028267384,0.0014743270603503333,0.0149646485,-0.00859010670974385,0.417108416557312,0.2,1430
1.15729078,281,296960,1055,1070.0,145,0.146728515625,0.33445268869400024,0.0003,0.006212121341377497,-1.0089289665222168,0.0013576199185990844,0.011666857,-0.004847484873607755,0.41322237253189087,0.2,1440
1.1663587199999998,283,299008,1055,1070.0,146,0.14765625,0.3168873190879822,0.0003,-0.0036849230527877808,-1.0003296423703432,0.0014924765988325816,0.01164455,-0.005882527416542871,0.41310179233551025,0.2,1450
1.1689767299999998,285,301056,1056,1070.0,147,0.1408203125,0.32377320528030396,0.0003,-0.011229555122554302,-0.9848775608465076,0.0013689540690393187,0.014260634,-0.006989397564029787,0.40547382831573486,0.2,1460
1.1653393799999998,287,303104,1054,1070.0,148,0.14931640625,0.29042452573776245,0.0003,-0.010109840892255306,-0.9720067294314504,0.0013401828060523257,0.011382632,-0.0051411020947853105,0.40665850043296814,0.2,1470
1.1681091299999997,289,305152,1055,1070.0,149,0.14453125,0.3686811327934265,0.0003,-0.02252705581486225,-0.9602308016270399,0.0015012400837804308,0.016141862,-0.003556713856596616,0.40425989031791687,0.2,1480
1.1683173699999998,290,307200,1055,1070.0,150,0.16552734375,0.2903095483779907,0.0003,-0.015179946087300777,-0.954419375024736,0.0014177942784954212,0.012622475,-0.007867752105812541,0.4039860963821411,0.2,1490
1.16967789,292,309248,1056,1070.0,151,0.15,0.3351806402206421,0.0003,-0.01300020981580019,-0.9625795809552073,0.0013117371719999938,0.009867996,-0.006703448791813571,0.4058873951435089,0.2,1500
1.1733133399999998,294,311296,1056,1070.0,152,0.159033203125,0.276080846786499,0.0003,-0.020778831094503403,-0.9473383439704776,0.001050384852442221,0.019754209,-0.00683699821238406,0.39932602643966675,0.2,1510
1.17820945,296,313344,1056,1070.0,153,0.153125,0.35129594802856445,0.0003,0.010355024598538876,-0.9356473602354527,0.001263450829355861,0.0138937235,-0.0029548186736064962,0.40049076080322266,0.2,1520
1.1949026399999998,298,315392,1057,1070.0,154,0.143408203125,0.38671159744262695,0.0003,-0.00022082345094531775,-0.9451547911390662,0.0014675546768557978,0.011840717,-0.003519907093868824,0.40321314334869385,0.2,1530
1.18874254,300,317440,1057,1070.0,155,0.154638671875,0.33471518754959106,0.0003,-0.00758153572678566,-0.9586646007373929,0.0014678780325994012,0.012892859,-0.003895125842245761,0.40535080432891846,0.2,1540
1.1953117,301,319488,1058,1070.0,156,0.15908203125,0.3737804889678955,0.0003,-0.0008514620130881667,-0.9633654903620481,0.0013339831753910402,0.013681525,-0.005035838088588207,0.4062874913215637,0.2,1550
1.19598597,303,321536,1058,1070.0,157,0.148583984375,0.361538290977478,0.0003,-0.017651570960879326,-0.9603761335834861,0.0014087124025536468,0.012984569,-0.005910325856530107,0.40464770793914795,0.2,1560
1.19533685,305,323584,1058,1070.0,158,0.1412109375,0.32231491804122925,0.0003,-0.01606685295701027,-0.9421368598937988,0.0016003545100829798,0.012598241,-0.00602347452804679,0.4008201062679291,0.2,1570
1.19724416,307,325632,1058,1070.0,159,0.1580078125,0.378379225730896,0.0003,-0.009027441963553429,-0.9197722451761365,0.0017033481237376691,0.01584206,-0.00945692083769245,0.3950794041156769,0.2,1580
1.19292759,309,327680,1058,1070.0,160,0.158154296875,0.3064371943473816,0.0003,-0.005715157371014357,-0.8912226915359497,0.001535954360042524,0.017204214,-0.0074025129593792375,0.388668954372406,0.2,1590
1.2021289899999998,311,329728,1059,1070.0,161,0.165185546875,0.34506702423095703,0.0003,-0.033741045743227005,-0.8879556057974696,0.00147890404878126,0.012177473,-0.004620020013680915,0.39195573329925537,0.2,1600
1.20348813,313,331776,1059,1070.0,162,0.163037109375,0.38736796379089355,0.0003,-0.02720450423657894,-0.881727991066873,0.0016502599532032037,0.015871532,-0.008458285579399672,0.3870052695274353,0.2,1610
1.2040266000000002,314,333824,1060,1070.0,163,0.15166015625,0.3594525456428528,0.0003,0.0008297748281620443,-0.8733824329450727,0.0018047244810077245,0.01086391,-0.005076686661050189,0.38820403814315796,0.2,1620
1.2145165100000002,316,335872,1060,1070.0,164,0.139990234375,0.33881837129592896,0.0003,-0.008840424008667469,-0.8707505207508802,0.0013132520018189098,0.0124386465,-0.005757445750350598,0.38652998208999634,0.2,1630
1.21718115,318,337920,1060,1070.0,165,0.16474609375,0.38641923666000366,0.0003,-0.015244772657752037,-0.858691168949008,0.0016886666515347315,0.012162505,-0.007538110110908746,0.38334089517593384,0.2,1640
1.2255629500000003,320,339968,1061,1070.0,166,0.15068359375,0.28693056106567383,0.0003,-0.009503304958343506,-0.8549595914781094,0.0016533989837625995,0.010087382,-0.00414439406740712,0.38436537981033325,0.2,1650
1.2360934500000003,322,342016,1061,1070.0,167,0.170263671875,0.38767313957214355,0.0003,0.016481563448905945,-0.8380314406007529,0.001455908317984722,0.017853217,-0.00417553513252642,0.3801420032978058,0.2,1660
1.23662692,323,344064,1062,1070.0,168,0.17158203125,0.39802438020706177,0.0003,-0.016836922615766525,-0.8108305996283889,0.0016441410802144675,0.012193485,-0.0041684445881401185,0.3755339980125427,0.2,1670
1.24031329,325,346112,1062,1070.0,169,0.153955078125,0.4007115364074707,0.0003,-0.0187393631786108,-0.7933802975341677,0.001936686021872447,0.013139789,-0.004649236726254458,0.3744320273399353,0.2,1680
1.2465583699999998,327,348160,1063,1070.0,170,0.15390625,0.406602144241333,0.0003,-0.01190747320652008,-0.7822413245216012,0.001684314777594409,0.013187708,-0.004515954910311848,0.37206292152404785,0.2,1690
1.25289577,329,350208,1063,1070.0,171,0.20078125,0.39215993881225586,0.0003,0.003924110438674688,-0.7578407725319266,0.0015164228138019099,0.015773479,-0.01026126250071684,0.3666956424713135,0.2,1700
1.2566472499999999,331,352256,1063,1070.0,172,0.1900390625,0.24862366914749146,0.0003,0.03308062627911568,-0.7446927396580577,0.0013403074839516194,0.023077436,-0.004467225028201937,0.36573973298072815,0.2,1710
1.26412572,332,354304,1064,1070.0,173,0.156884765625,0.3750472068786621,0.0003,-0.03195244073867798,-0.7357438106089831,0.0013922498448664556,0.014138173,-0.0027995621916488745,0.3613918423652649,0.2,1720
1.27004742,334,356352,1064,1070.0,174,0.168505859375,0.4122554063796997,0.0003,-0.022429727017879486,-0.7197702027857303,0.0015785642004630062,0.013491209,-0.007061910026823171,0.3585408329963684,0.2,1730
1.2773554100000002,336,358400,1065,1070.0,175,0.158984375,0.3748242259025574,0.0003,-0.011161495000123978,-0.7091333400458097,0.001555079898389522,0.018501688,-0.006449895731930155,0.35792261362075806,0.2,1740
1.2776761200000002,338,360448,1065,1070.0,176,0.164453125,0.3542217016220093,0.0003,-0.02163609303534031,-0.6993170453235507,0.0014332010028738295,0.013870465,-0.006224933698831592,0.35570961236953735,0.2,1750
1.28748893,339,362496,1066,1070.0,177,0.18515625,0.43943679332733154,0.0003,-0.0080568203702569,-0.681408790126443,0.0017679058395515313,0.016499037,-0.007396111359412316,0.3522638976573944,0.2,1760
1.29052928,341,364544,1066,1070.0,178,0.17041015625,0.4657388925552368,0.0003,-0.0029633038211613894,-0.6564426684752107,0.0016022033070839826,0.011710854,-0.004505463549867273,0.34716707468032837,0.2,1770
1.29452973,343,366592,1066,1070.0,179,0.17724609375,0.42647266387939453,0.0003,-0.016026750206947327,-0.6415211876854301,0.0017527131018141517,0.015925232,-0.005597156526346225,0.346956729888916,0.2,1780
1.2969650299999997,345,368640,1067,1070.0,180,0.191552734375,0.334591805934906,0.0003,-0.008770907297730446,-0.6309826798737049,0.0017081530766517971,0.01850631,-0.009202350023406325,0.34247052669525146,0.2,1790
1.30168116,347,370688,1067,1070.0,181,0.18583984375,0.4034629464149475,0.0003,-0.01615005172789097,-0.611737709864974,0.0015425841958858655,0.015485139,-0.003556051971099805,0.33973732590675354,0.2,1800
1.3061890399999998,349,372736,1067,1070.0,182,0.164306640625,0.36622536182403564,0.0003,-0.03008871152997017,-0.5996145201846957,0.0016980161126411986,0.02639139,-0.0031765151463332584,0.3370803892612457,0.2,1810
1.3122873999999998,350,374784,1068,1070.0,183,0.18310546875,0.4131091833114624,0.0003,0.01900326833128929,-0.589377549290657,0.0017236389332538238,0.015667895,-0.005743809169507586,0.33645153045654297,0.2,1820
1.3227957799999999,352,376832,1068,1070.0,184,0.155419921875,0.44013816118240356,0.0003,0.01675262488424778,-0.5874007549136877,0.0014049209439690458,0.014796728,-0.0026660195479053074,0.33783915638923645,0.2,1830
1.3289255199999999,354,378880,1068,1070.0,185,0.169189453125,0.3209573030471802,0.0003,-0.01595594733953476,-0.5788930697366595,0.0012599605097420863,0.015216429,-0.009314567698311293,0.3342415392398834,0.2,1840
1.3256646199999997,356,380928,1069,1070.0,186,0.171044921875,0.3842109441757202,0.0003,-0.00182115170173347,-0.5730822835117578,0.0015193851031654049,0.010436347,-0.0035976393453893253,0.3335053622722626,0.2,1850
1.32309683,358,382976,1069,1070.0,187,0.182666015625,0.347517728805542,0.0003,-0.021346578374505043,-0.5644830102100968,0.0014181498729158193,0.020112272,-0.0026439914741786196,0.33242130279541016,0.2,1860
1.3215085000000002,359,385024,1069,1070.0,188,0.19560546875,0.4230525493621826,0.0003,-0.023988956585526466,-0.5435116283595562,0.0015947976038660273,0.019169405,-0.004872028559475439,0.32774317264556885,0.2,1870
1.3254910599999996,361,387072,1070,1070.0,189,0.211083984375,0.4289805293083191,0.0003,0.014938252978026867,-0.5302129074931144,0.001889328823017422,0.01628445,-0.0003788292873650789,0.32725071907043457,0.2,1880
1.3319973899999997,363,389120,1070,1070.0,190,0.208447265625,0.4590550661087036,0.0003,0.009361181408166885,-0.5175365654751658,0.001440763846221671,0.021750618,-0.0038986346626188606,0.32458463311195374,0.2,1890
1.3355105499999995,365,391168,1070,1070.0,191,0.202490234375,0.3844762444496155,0.0003,-0.015817342326045036,-0.5005260041914881,0.0017236689907804247,0.01857312,-0.003161704461672343,0.3217727541923523,0.2,1900
1.3458521399999999,367,393216,1069,1070.0,192,0.1939453125,0.4209098815917969,0.0003,-0.01771409437060356,-0.48477128660306334,0.0015847433653107146,0.015635554,-0.004213733444339595,0.32010260224342346,0.2,1910
1.3543389300000004,369,395264,1068,1070.0,193,0.19716796875,0.44015592336654663,0.0003,0.022321630269289017,-0.4728363762609661,0.001497157914309355,0.02315027,-0.005204899254022166,0.31896543502807617,0.2,1920
1.3575765900000005,371,397312,1068,1070.0,194,0.197216796875,0.4393240213394165,0.0003,-0.0322372168302536,-0.45720337899401786,0.0014407107282750076,0.01643577,-0.00312687815312529,0.31478187441825867,0.2,1930
1.3654690700000003,373,399360,1069,1070.0,195,0.2255859375,0.3736155033111572,0.0003,-0.02749628759920597,-0.4204000961966813,0.001487858903237793,0.026185352,-0.007883156235038769,0.30859124660491943,0.2,1940
1.3695499100000001,375,401408,1069,1070.0,196,0.186669921875,0.44069957733154297,0.0003,-0.017781587317585945,-0.4117784731090069,0.0013995728359077475,0.021657642,-0.006088138070481364,0.31189271807670593,0.2,1950
1.3822261000000002,377,403456,1069,1070.0,197,0.17333984375,0.4222419857978821,0.0003,-0.005928204860538244,-0.4045645370148122,0.0017656376667218865,0.018294264,-0.0068870130649884235,0.3069852292537689,0.2,1960
1.3807606800000005,378,405504,1070,1070.0,198,0.19794921875,0.4225854277610779,0.0003,-0.011282906867563725,-0.3852824166417122,0.0014127141854260116,0.021818064,-0.0038101179918157866,0.3058004379272461,0.2,1970
1.38753491,380,407552,1070,1070.0,199,0.204833984375,0.36755311489105225,0.0003,-0.013759489171206951,-0.38037935718894006,0.0014153548629110447,0.016211335,-0.007124611520703183,0.30436187982559204,0.2,1980
1.39561847,382,409600,1070,1070.0,200,0.174365234375,0.3871957063674927,0.0003,-0.042480774223804474,-0.3743393622338772,0.0013900089677918003,0.016504554,-0.0026515863632084803,0.3036094903945923,0.2,1990
1.3947923199999999,384,411648,1070,1070.0,201,0.188232421875,0.427229106426239,0.0003,-0.00021416961681097746,-0.3619632010348141,0.0015353388713265303,0.016404316,-0.003803749333746964,0.29986608028411865,0.2,2000
1.4004378699999998,386,413696,1069,1070.0,202,0.17666015625,0.3853389024734497,0.0003,0.018039682880043983,-0.34957612976431846,0.0016049063462560298,0.013778815,-0.0036216798616806045,0.3005618453025818,0.2,2010
1.4028852699999999,388,415744,1069,1070.0,203,0.199609375,0.4151577949523926,0.0003,0.011659674346446991,-0.350260971672833,0.001546903709640901,0.018962028,-0.000905727784265764,0.3002517521381378,0.2,2020
1.4041642599999997,390,417792,1069,1070.0,204,0.2044921875,0.4412376880645752,0.0003,0.019375266507267952,-0.3281771234236658,0.0015423324854054953,0.01535215,-0.0014777491771383211,0.29313743114471436,0.2,2030
1.4067779099999997,392,419840,1070,1070.0,205,0.216015625,0.41627979278564453,0.0003,-0.0054497141391038895,-0.29372862465679644,0.001806683774520934,0.019095913,-0.003761044000566471,0.2909201979637146,0.2,2040
1.4012548999999999,394,421888,1070,1070.0,206,0.203076171875,0.4295141100883484,0.0003,0.006830758880823851,-0.29229493662714956,0.0017827001729529002,0.015538201,-0.00044315073027973996,0.29336225986480713,0.2,2050
1.4042469600000005,395,423936,1070,1070.0,207,0.18798828125,0.39973801374435425,0.0003,-0.01592138409614563,-0.2919268366880715,0.001680436293099774,0.01768364,-0.005311663028260227,0.2901756763458252,0.2,2060
1.4129819900000005,397,425984,1071,1070.0,208,0.196533203125,0.3954482674598694,0.0003,-0.03203814476728439,-0.2668958334252238,0.0015340408646807191,0.018222567,-0.005387246354075614,0.28612545132637024,0.2,2070
1.4175528700000002,399,428032,1071,1070.0,209,0.21787109375,0.40887773036956787,0.0003,-0.008831369690597057,-0.2373898595571518,0.0015978490591805894,0.018752355,-0.0037011980428360404,0.28323057293891907,0.2,2080
1.4230137999999999,401,430080,1071,1070.0,210,0.1953125,0.3882911801338196,0.0003,-0.0023690462112426758,-0.22730023860931398,0.0015434939705301076,0.01898162,-0.004168528295122087,0.2830912172794342,0.2,2090
1.4275422700000002,403,432128,1072,1070.0,211,0.191796875,0.38413316011428833,0.0003,0.016046909615397453,-0.2126631636172533,0.0016513718122951105,0.017463002,-0.004049609406501986,0.27944672107696533,0.2,2100
1.4299530600000003,404,434176,1072,1070.0,212,0.226123046875,0.4127435088157654,0.0003,0.02535950392484665,-0.18573125191032885,0.0018493090219635633,0.019571275,-0.004064804944209755,0.2758299708366394,0.2,2110
1.44242684,406,436224,1072,1070.0,213,0.19384765625,0.44370490312576294,0.0003,-0.04023798555135727,-0.16823861226439477,0.001680711285553116,0.017362125,-0.0045570891990792005,0.27612125873565674,0.2,2120
1.4419452,408,438272,1073,1070.0,214,0.22265625,0.4433891773223877,0.0003,0.004517192952334881,-0.15968945771455764,0.0018764608912533731,0.025318539,-0.004209951186203398,0.27378296852111816,0.2,2130
1.4491579099999998,410,440320,1073,1070.0,215,0.218115234375,0.4302923083305359,0.0003,-0.001492589944973588,-0.15306670106947423,0.0017403168163582449,0.014832604,-0.0026425849544466475,0.2745410203933716,0.2,2140
1.44849631,412,442368,1073,1070.0,216,0.23193359375,0.4483635425567627,0.0003,-0.0038919197395443916,-0.14815463200211526,0.0017014576123983716,0.025449462,-0.002679818859905936,0.27205774188041687,0.2,2150
1.45647259,413,444416,1073,1070.0,217,0.225830078125,0.4247128963470459,0.0003,0.030455373227596283,-0.13601498305797577,0.0018462359636032487,0.02353765,-0.005655553286487702,0.27031970024108887,0.2,2160
1.4548270099999998,415,446464,1074,1070.0,218,0.205615234375,0.3909507393836975,0.0003,0.01882079429924488,-0.13059906847774982,0.0016586613108302117,0.016460147,-0.004677621659357101,0.2699158191680908,0.2,2170
1.4501934399999996,417,448512,1074,1070.0,219,0.212451171875,0.42574846744537354,0.0003,-0.018261605873703957,-0.13211737796664239,0.0017942640391993337,0.014403883,-0.005843361997540342,0.27132394909858704,0.2,2180
1.4604103999999998,419,450560,1074,1070.0,220,0.197265625,0.3538241386413574,0.0003,0.018613142892718315,-0.1443775326013565,0.0014466630593233277,0.022190545,-0.006245242990553379,0.2728099822998047,0.2,2190
1.46173574,421,452608,1074,1070.0,221,0.20859375,0.4169319272041321,0.0003,-0.0053733959794044495,-0.12032964900135994,0.0014598931778891711,0.022582857,-0.004908778813842218,0.26606518030166626,0.2,2200
1.47170533,423,454656,1074,1070.0,222,0.240478515625,0.38638240098953247,0.0003,-0.04111907631158829,-0.08564765118062496,0.0013918044800448116,0.014214908,-0.00020786790264537558,0.26274675130844116,0.2,2210
1.4692009099999999,425,456704,1074,1070.0,223,0.244189453125,0.42897748947143555,0.0003,0.033207833766937256,-0.08607259280979633,0.0016820827633637237,0.029184125,-0.003918325477570761,0.26532208919525146,0.2,2220
1.4721477599999997,426,458752,1074,1070.0,224,0.184033203125,0.4270362854003906,0.0003,-0.02375066466629505,-0.08473172299563884,0.0016610363398285699,0.018613253,-0.005444960319437087,0.26269012689590454,0.2,2230
1.46690022,428,460800,1074,1070.0,225,0.20126953125,0.4357416033744812,0.0003,0.01937318965792656,-0.06095290221273899,0.0018464830493030604,0.014859552,-0.002258260119560873,0.2592250406742096,0.2,2240
1.46880751,430,462848,1075,1070.0,226,0.20224609375,0.43715906143188477,0.0003,-0.00507424958050251,-0.0352829072624445,0.0018788642079016426,0.01844608,-0.005485637136735022,0.2553492784500122,0.2,2250
1.47147288,432,464896,1075,1070.0,227,0.223291015625,0.4497075080871582,0.0003,-0.038468148559331894,-0.008007793501019479,0.0016382713829443674,0.016624989,-0.0017804509523557499,0.25202107429504395,0.2,2260
1.4785270400000001,434,466944,1075,1070.0,228,0.22197265625,0.4724849462509155,0.0003,-0.0022165626287460327,0.013220132514834403,0.001840217246535758,0.027055746,-0.003688542373129167,0.24940937757492065,0.2,2270
1.4782558500000003,435,468992,1075,1070.0,229,0.233154296875,0.432567834854126,0.0003,-0.04598703607916832,0.02487243339419365,0.001916428726144659,0.013530776,-0.001961494226270588,0.248183012008667,0.2,2280
1.4787786699999999,437,471040,1076,1070.0,230,0.215185546875,0.33850812911987305,0.0003,-0.004536008462309837,0.028060782700777054,0.0016753387933931662,0.018157452,-0.0005858001226442866,0.24832679331302643,0.2,2290
1.4800653199999996,439,473088,1076,1070.0,231,0.2296875,0.4442541003227234,0.0003,-0.0005203537875786424,0.025362610816955566,0.0016694955400453182,0.020666476,-0.0023973110553924927,0.24930976331233978,0.2,2300
1.48638562,441,475136,1076,1070.0,232,0.21328125,0.4282497763633728,0.0003,-0.0010547691490501165,0.018660455569624902,0.0017936082851520041,0.01796138,-0.0042153060407144945,0.2507730722427368,0.2,2310
1.4877361500000004,443,477184,1076,1070.0,233,0.2376953125,0.46020400524139404,0.0003,0.02501913718879223,0.006063199043273926,0.0015722007557997131,0.022711435,-0.0007389457590761594,0.2529543340206146,0.2,2320
1.4903773900000004,444,479232,1077,1070.0,234,0.19228515625,0.3818284273147583,0.0003,-0.02751217968761921,-0.00087246373295784,0.0014286352747149068,0.019319134,-0.002920176238694694,0.25186237692832947,0.2,2330
1.4949161100000004,446,481280,1077,1070.0,235,0.229345703125,0.41777485609054565,0.0003,0.0003664495307020843,-0.006014503166079521,0.00173597647153656,0.01871399,-0.000885190416011028,0.2536029815673828,0.2,2340
1.4940007199999998,448,483328,1077,1070.0,236,0.210888671875,0.46327638626098633,0.0003,-0.022289732471108437,-0.005017801374197006,0.0017637836741414502,0.018844083,-0.0054905875738768374,0.2513284683227539,0.2,2350
1.5011204699999998,450,485376,1077,1070.0,237,0.205029296875,0.4201672673225403,0.0003,-0.01693437434732914,0.004828031361103058,0.0017350882166283555,0.015419414,-0.0012837951275287197,0.25193876028060913,0.2,2360
1.5061694000000003,452,487424,1078,1070.0,238,0.257470703125,0.44884222745895386,0.0003,-0.02201772853732109,0.01036200188100338,0.001634525176450552,0.023008455,-0.0009210412536049262,0.24998505413532257,0.2,2370
1.5120186800000002,453,489472,1078,1070.0,239,0.23447265625,0.4492291212081909,0.0003,-0.029659874737262726,0.025413108989596367,0.0017068928933440474,0.023015294,-0.0032726448560424616,0.2482098937034607,0.2,2380
1.5137312699999999,455,491520,1078,1070.0,240,0.198779296875,0.42966514825820923,0.0003,-0.012666194699704647,0.037579663842916486,0.0017722350912663387,0.018668996,-0.002698253368726,0.24697473645210266,0.2,2390
1.5167225299999998,457,493568,1078,1070.0,241,0.2583984375,0.4483356475830078,0.0003,-0.0028880888130515814,0.040432766824960706,0.0018263180219946662,0.034674518,-0.003267269102798309,0.2481052428483963,0.2,2400
1.5150204999999999,459,495616,1079,1070.0,242,0.261181640625,0.466425359249115,0.0003,0.002455575857311487,0.04144628420472145,0.001564038977085147,0.02094408,-0.0005424223745649215,0.2461942732334137,0.2,2410
1.5251935899999998,461,497664,1079,1070.0,243,0.22265625,0.4504028558731079,0.0003,-0.017458131536841393,0.05618893951177597,0.0017653046183113475,0.023181807,-0.002619681464420864,0.24540331959724426,0.2,2420
1.5264032500000002,462,499712,1079,1070.0,244,0.27509765625,0.4646872878074646,0.0003,0.011353730224072933,0.06438986174762248,0.001599868873199739,0.033961788,-0.0028664413861406502,0.24389544129371643,0.2,2430
1.52693508,464,501760,1079,1070.0,245,0.198583984375,0.3667490482330322,0.0003,0.028770308941602707,0.08919167853891849,0.0014352315261930925,0.020021116,-0.004661576780199539,0.2395811676979065,0.2,2440
1.53067498,466,503808,1079,1070.0,246,0.215869140625,0.4705197215080261,0.0003,-0.017402587458491325,0.12272540591657162,0.0014753782716070418,0.024046052,-0.007234180522209499,0.2356274127960205,0.2,2450
1.53476572,468,505856,1080,1070.0,247,0.2099609375,0.43774908781051636,0.0003,-0.015031296759843826,0.13811450004577636,0.001610533072380349,0.015285876,-0.0015755765001813416,0.23469533026218414,0.2,2460
1.5293194499999996,470,507904,1080,1070.0,248,0.25703125,0.41676491498947144,0.0003,0.0240960530936718,0.1433255232870579,0.0016898428826607414,0.029725138,0.0003805274362093769,0.23506510257720947,0.2,2470
1.5341573999999998,471,509952,1080,1070.0,249,0.259375,0.42834120988845825,0.0003,0.03344867751002312,0.14354822784662247,0.0016216133995840209,0.030927695,0.00012915358383907004,0.2350636124610901,0.2,2480
1.5395477499999999,473,512000,1080,1070.0,250,0.242529296875,0.4193119406700134,0.0003,0.023503616452217102,0.14809224866330623,0.0014863184886053204,0.019231828,-0.00421758624870563,0.23406682908535004,0.2,2490
1.5405476999999999,475,514048,1080,1070.0,251,0.24130859375,0.45483189821243286,0.0003,0.010946759022772312,0.15737135708332062,0.0014595898446714273,0.024287755,0.0012978303013369441,0.23200523853302002,0.2,2500
1.54588639,477,516096,1081,1070.0,252,0.235986328125,0.44322025775909424,0.0003,0.01502466481178999,0.16275097168982028,0.001681006407852692,0.0378197,0.0003590626423829235,0.23318451642990112,0.2,2510
1.5533294999999998,479,518144,1081,1070.0,253,0.23095703125,0.4568108320236206,0.0003,-0.010480816476047039,0.16633755564689637,0.001798344925919082,0.01696981,-0.004277190541324671,0.23132747411727905,0.2,2520
1.5537820799999997,480,520192,1081,1070.0,254,0.2076171875,0.40692925453186035,0.0003,0.027329688891768456,0.17354182228446008,0.0018334486254389048,0.019419285,0.00202884512473247,0.23188316822052002,0.2,2530
1.55632049,482,522240,1081,1070.0,255,0.23935546875,0.405351459980011,0.0003,-0.013168013654649258,0.17979001253843307,0.0016237134470429738,0.018132413,-0.0016009094375476706,0.23100143671035767,0.2,2540
1.55601888,484,524288,1081,1070.0,256,0.2642578125,0.45258599519729614,0.0003,-0.020915495231747627,0.18307512998580933,0.0016140697685841587,0.025109954,-0.0018593904445879162,0.23117943108081818,0.2,2550
1.5652503600000003,486,526336,1082,1070.0,257,0.22568359375,0.37980175018310547,0.0003,0.003148454474285245,0.19650357514619826,0.001260544305841904,0.026005082,-0.002675837013521232,0.22944903373718262,0.2,2560
1.5726183100000002,488,528384,1081,1070.0,258,0.241064453125,0.41762280464172363,0.0003,0.02555748261511326,0.19707957245409488,0.0014590593907996662,0.022815973,-0.0009293824401538586,0.2305106818675995,0.2,2570
1.57733662,490,530432,1081,1070.0,259,0.244775390625,0.42967909574508667,0.0003,-0.013131680898368359,0.19848067611455916,0.0017629422665777384,0.028205082,-0.004818870293092914,0.22930502891540527,0.2,2580
1.57993775,492,532480,1082,1070.0,260,0.22060546875,0.45150017738342285,0.0003,0.0032441995572298765,0.21328798346221448,0.0017698256338917417,0.01909184,-0.0038994951391941868,0.22764073312282562,0.2,2590
1.58203097,493,534528,1082,1070.0,261,0.235595703125,0.432434618473053,0.0003,0.005801773630082607,0.2276871871203184,0.001528261694511457,0.0261015,0.002630041245720349,0.22633086144924164,0.2,2600
1.57906218,495,536576,1082,1070.0,262,0.22001953125,0.4821358919143677,0.0003,-0.019943159073591232,0.2407346334308386,0.001589543965201301,0.020038027,-0.0026723082115495344,0.22421935200691223,0.2,2610
1.5869449599999998,497,538624,1082,1070.0,263,0.246875,0.44300752878189087,0.0003,-0.02269408479332924,0.25124493800103664,0.0016275366710033269,0.018006278,-0.004549038573168218,0.22357511520385742,0.2,2620
1.5925588,499,540672,1082,1070.0,264,0.249169921875,0.4434196352958679,0.0003,-0.0019656606018543243,0.24902552366256714,0.0015456043014637545,0.019978935,0.001923140769940801,0.2252890169620514,0.2,2630
1.5976344599999999,501,542720,1082,1070.0,265,0.243017578125,0.47760921716690063,0.0003,-0.0012682527303695679,0.24671062938868998,0.0016294550458042067,0.018277382,0.0002863943765987642,0.2253417670726776,0.2,2640
1.6002348700000002,502,544768,1083,1070.0,266,0.2400390625,0.4659196138381958,0.0003,-0.010189896449446678,0.26009460873901846,0.0014152334068057825,0.022213437,-0.00339757874753559,0.2235332727432251,0.2,2650
1.6087864599999997,504,546816,1083,1070.0,267,0.23427734375,0.4349673390388489,0.0003,0.001894424669444561,0.26935887709259987,0.0016274534924377803,0.020834517,-0.001211731008515926,0.22368204593658447,0.2,2660
1.6096520800000003,506,548864,1083,1070.0,268,0.21787109375,0.4427982568740845,0.0003,-0.027501950040459633,0.27168707773089407,0.0014604668336687609,0.03075526,-0.00308120877307374,0.22324621677398682,0.2,2670
1.61344752,508,550912,1083,1070.0,269,0.235302734375,0.39964014291763306,0.0003,-0.024084556847810745,0.2849366828799248,0.0015154541541051003,0.026740905,0.0018758868733129929,0.22164349257946014,0.2,2680
1.61756158,510,552960,1083,1070.0,270,0.238427734375,0.4292657971382141,0.0003,0.0314064621925354,0.305185404419899,0.0014238109168218215,0.02265833,-0.002690988090762403,0.21904513239860535,0.2,2690
1.6262616599999995,511,555008,1084,1070.0,271,0.229150390625,0.445218563079834,0.0003,-0.020162085071206093,0.3221517462283373,0.0015037854132970096,0.016814334,-0.0031962769266101533,0.21752387285232544,0.2,2700
1.6330621799999998,513,557056,1084,1070.0,272,0.231396484375,0.41208571195602417,0.0003,0.006471285596489906,0.32446329705417154,0.0014048753653696621,0.017652277,-0.0032938042990281247,0.21662896871566772,0.2,2710
1.6404538799999997,515,559104,1084,1070.0,273,0.254345703125,0.4603567123413086,0.0003,0.015387284569442272,0.3344774477183819,0.0014745666685485048,0.024703054,-0.005459471303038299,0.21479231119155884,0.2,2720
1.6420829399999997,517,561152,1084,1070.0,274,0.2025390625,0.46940481662750244,0.0003,0.01317526213824749,0.33824211098253726,0.0014216674713679821,0.018748004,0.0001912988314870745,0.21506844460964203,0.2,2730
1.64722138,519,563200,1084,1070.0,275,0.24091796875,0.4579946994781494,0.0003,-0.02541005238890648,0.3537341523915529,0.0015191768829026842,0.022662718,-0.002761680258845445,0.21196803450584412,0.2,2740
1.6546820500000001,520,565248,1085,1070.0,276,0.240576171875,0.4813510775566101,0.0003,0.01296577975153923,0.37092393040657046,0.0015485080031794496,0.023373485,-0.0005841838690685108,0.21101857721805573,0.2,2750
1.66323382,522,567296,1085,1070.0,277,0.241015625,0.46465450525283813,0.0003,0.036588478833436966,0.38618743866682054,0.0015628345810910105,0.02101691,-0.0008401626313570887,0.20799219608306885,0.2,2760
1.6689185000000006,524,569344,1085,1070.0,278,0.25830078125,0.40829962491989136,0.0003,0.005220856051892042,0.4013810934498906,0.0012839912800700405,0.020141155,-0.000832132637151517,0.20702117681503296,0.2,2770
1.6718262300000004,526,571392,1085,1070.0,279,0.2287109375,0.43459105491638184,0.0003,0.0071381982415914536,0.40378920957446096,0.0014775508618185996,0.034626134,-0.00247316590466653,0.20662268996238708,0.2,2780
1.6744340800000004,528,573440,1085,1070.0,280,0.22451171875,0.28341084718704224,0.0003,0.02948383241891861,0.41017500013113023,0.0011486033556138864,0.025355797,-0.0006228049649507738,0.20504093170166016,0.2,2790
1.6745429200000002,529,575488,1085,1070.0,281,0.236328125,0.4137442111968994,0.0003,0.007884726859629154,0.42505078949034214,0.0013696611611521802,0.022468101,-0.0023043675973895006,0.2038281410932541,0.2,2800
1.6795744199999998,531,577536,1086,1070.0,282,0.23818359375,0.3552246689796448,0.0003,-0.012495010159909725,0.4267332091927528,0.0014384297954165958,0.028415618,-0.007603800424840301,0.20461753010749817,0.2,2810
1.6834576,533,579584,1086,1070.0,283,0.23193359375,0.3116796612739563,0.0003,-0.008471755310893059,0.42719520777463915,0.0013017111514272983,0.02512136,-0.0013028208340983838,0.20367980003356934,0.2,2820
1.68929227,535,581632,1086,1070.0,284,0.248095703125,0.4158998727798462,0.0003,0.0034333474468439817,0.4345890074968338,0.0013162962961359881,0.024861991,0.0003856390387227293,0.203319251537323,0.2,2830
1.68441597,537,583680,1086,1070.0,285,0.232275390625,0.39666318893432617,0.0003,0.0066270180977880955,0.43406265657395127,0.0016184478183276952,0.020328715,-0.003168953553540632,0.20327554643154144,0.2,2840
1.6881144099999998,538,585728,1086,1070.0,286,0.2662109375,0.33980077505111694,0.0003,0.02230614610016346,0.43662891499698164,0.0012999809347093104,0.028414175,-0.0028080387055524625,0.2027873396873474,0.2,2850
1.6934113699999997,540,587776,1086,1070.0,287,0.225048828125,0.40835994482040405,0.0003,-0.03799143806099892,0.42716681193560363,0.00138234312471468,0.023446001,-0.0013009975868044422,0.20406682789325714,0.2,2860
1.69728442,542,589824,1087,1070.0,288,0.229296875,0.41094446182250977,0.0003,-0.00816427730023861,0.4251400217413902,0.0013315995820448734,0.03123747,-0.0027830007529701106,0.20380333065986633,0.2,2870
1.6991732499999999,544,591872,1087,1070.0,289,0.25986328125,0.42434436082839966,0.0003,0.034324098378419876,0.4254952933639288,0.0014422872372961137,0.021845032,-0.0010658666156814433,0.20415371656417847,0.2,2880
1.7034001899999998,546,593920,1087,1070.0,290,0.257666015625,0.4500309228897095,0.0003,-0.020482053980231285,0.4246662508696318,0.0014461356040555984,0.023248015,0.00047074462563614363,0.20399588346481323,0.2,2890
1.70612473,547,595968,1087,1070.0,291,0.234521484375,0.37894773483276367,0.0003,-0.0451325885951519,0.4204930728301406,0.00137381459298922,0.021453168,-0.006193493049067911,0.2038644552230835,0.2,2900
1.7156075900000003,549,598016,1087,1070.0,292,0.272802734375,0.37862515449523926,0.0003,-0.022595394402742386,0.4285652654245496,0.0012673182975049713,0.03491786,-0.0027204403100768103,0.2023542821407318,0.2,2910
1.7230734,551,600064,1087,1070.0,293,0.274365234375,0.465137779712677,0.0003,-0.022202393040060997,0.4363749442622066,0.0014747153998541762,0.01734797,0.0003073697560466826,0.20210227370262146,0.2,2920
1.72564151,553,602112,1088,1070.0,294,0.235400390625,0.44181883335113525,0.0003,-0.037919044494628906,0.43576769419014455,0.0016572727583479719,0.020173643,-0.0012677681312197818,0.20318439602851868,0.2,2930
1.7329151699999996,555,604160,1088,1070.0,295,0.222998046875,0.4387734532356262,0.0003,-0.018320927396416664,0.4345725500956178,0.0016349248977348906,0.017253177,0.0005029144493164494,0.20182374119758606,0.2,2940
1.7280031599999999,556,606208,1088,1070.0,296,0.2384765625,0.4660530090332031,0.0003,0.014386302791535854,0.4554059119895101,0.00156827903319936,0.018824197,-0.0005352343599952291,0.2002093642950058,0.2,2950
1.73642719,558,608256,1088,1070.0,297,0.24677734375,0.4471796751022339,0.0003,-0.04826921597123146,0.46249737571924926,0.0015110537327927887,0.019388638,-0.0006973925104830414,0.1989147961139679,0.2,2960
1.74493864,560,610304,1088,1070.0,298,0.25732421875,0.4497529864311218,0.0003,0.006302977912127972,0.47125955726951363,0.0015430724279212882,0.024532072,0.0019793251733062787,0.19882513582706451,0.2,2970
1.7492013300000002,562,612352,1088,1070.0,299,0.21494140625,0.4368274211883545,0.0003,-0.017205875366926193,0.4825863240286708,0.0017365605837767362,0.023624508,-0.0018019921619270463,0.1970519721508026,0.2,2980
1.7590439200000003,564,614400,1088,1070.0,300,0.2595703125,0.45383405685424805,0.0003,0.045532893389463425,0.4871163036674261,0.0016189558376936476,0.021604417,0.0030353751593793278,0.1975448876619339,0.2,2990
1.7628660299999999,565,616448,1089,1070.0,301,0.228125,0.4450823664665222,0.0003,-0.01831316389143467,0.4877812068909407,0.0015892084447841626,0.021861535,0.0002013708624872379,0.1977844536304474,0.2,3000
1.7651869199999999,567,618496,1089,1070.0,302,0.24248046875,0.44878673553466797,0.0003,-0.01457769051194191,0.48345150146633387,0.0015722809070211952,0.02226802,-0.0033623078823438847,0.19726622104644775,0.2,3010
1.76773968,569,620544,1089,1070.0,303,0.257666015625,0.4346503019332886,0.0003,-0.0018959349254146218,0.4798313945531845,0.001340634129519458,0.022087794,-0.0025212851192918605,0.19821226596832275,0.2,3020
1.7704073100000002,571,622592,1089,1070.0,304,0.2091796875,0.41421186923980713,0.0003,0.03567611426115036,0.47189807053655386,0.0013190556934205232,0.021763943,-0.0023272544392966667,0.19834411144256592,0.2,3030
1.77455033,573,624640,1089,1070.0,305,0.2361328125,0.4360925555229187,0.0003,-0.014713632874190807,0.4823350768536329,0.0014921368319846806,0.022580292,0.002196042938157916,0.19622552394866943,0.2,3040
1.7757755599999998,575,626688,1089,1070.0,306,0.23447265625,0.4491387605667114,0.0003,-0.007527932990342379,0.49440614599734545,0.0014436444360399036,0.020133372,-0.0028063017569365913,0.19574977457523346,0.2,3050
1.77896912,577,628736,1089,1070.0,307,0.247900390625,0.4447552561759949,0.0003,0.004290783312171698,0.5031674353405833,0.0015259581465215887,0.024124077,-0.004206778758089058,0.19418099522590637,0.2,3060
1.7804652599999997,578,630784,1089,1070.0,308,0.25771484375,0.4427655339241028,0.0003,-0.03839177265763283,0.5196025947108864,0.001382804625427525,0.028791146,-0.0009386256635480095,0.1931629627943039,0.2,3070
1.78053577,580,632832,1089,1070.0,309,0.242138671875,0.45363372564315796,0.0003,0.0058728051371872425,0.5226809676736593,0.0015202952521576663,0.02085409,0.0008528021586243995,0.19332608580589294,0.2,3080
1.78486351,582,634880,1089,1070.0,310,0.2662109375,0.4741300344467163,0.0003,0.007164365611970425,0.5253925582394003,0.0014607017556954815,0.022773698,0.0014230066393793096,0.19252923130989075,0.2,3090
1.7916081100000003,584,636928,1090,1070.0,311,0.218310546875,0.4886104464530945,0.0003,0.016469033434987068,0.5290013059973717,0.0014159242991809151,0.02527643,0.0014318696630652994,0.1921013444662094,0.2,3100
1.79556805,586,638976,1090,1070.0,312,0.23046875,0.48131173849105835,0.0003,0.004064101725816727,0.525617148168385,0.0016048850269726246,0.019528573,-0.0007513405769714154,0.19333411753177643,0.2,3110
1.7989292399999997,587,641024,1090,1070.0,313,0.226416015625,0.45824652910232544,0.0003,-0.02876489982008934,0.5187896706163884,0.0015623507146301564,0.026912123,0.002825807922636159,0.19365060329437256,0.2,3120
1.80362059,589,643072,1090,1070.0,314,0.257421875,0.4396663308143616,0.0003,0.002483528107404709,0.5245024608448148,0.001524959213202237,0.01948044,0.0021967444743495436,0.1925956904888153,0.2,3130
1.80181681,591,645120,1090,1070.0,315,0.25078125,0.39360547065734863,0.0003,-0.010346366092562675,0.5263754649087786,0.0012822145825339248,0.024602208,-0.001454309838300105,0.19259923696517944,0.2,3140
1.7986621,593,647168,1090,1070.0,316,0.24443359375,0.4191242456436157,0.0003,0.08890458941459656,0.5338181415572762,0.00130391038092057,0.03147934,-0.0006973081806791015,0.19091668725013733,0.2,3150
1.7971507199999999,595,649216,1091,1070.0,317,0.256982421875,0.39556318521499634,0.0003,-0.015902945771813393,0.5313902847468853,0.0015613668496371248,0.032645766,-0.0019102884267340413,0.1929834932088852,0.2,3160
1.79660972,596,651264,1091,1070.0,318,0.229931640625,0.4315551519393921,0.0003,-0.02789285220205784,0.5146449733525514,0.0015136630141569184,0.027855868,-0.0021111243793711766,0.19397059082984924,0.2,3170
1.8011792100000001,598,653312,1091,1070.0,319,0.242578125,0.45630568265914917,0.0003,-0.019492071121931076,0.5020019752904773,0.0012866231129009976,0.0206879,-0.0025118265217315638,0.19565874338150024,0.2,3180
1.7992750000000002,600,655360,1090,1070.0,320,0.25302734375,0.3958337903022766,0.0003,0.00887725967913866,0.5000090697780252,0.0012629243088667862,0.024318822,-0.0020372304526972583,0.19489839673042297,0.2,3190
1.7986610899999997,602,657408,1090,1070.0,321,0.2443359375,0.44292598962783813,0.0003,-0.000845815462525934,0.5137600822374224,0.0013289379277921399,0.024253923,-0.003496985238598427,0.19301681220531464,0.2,3200
1.7956416699999997,604,659456,1091,1070.0,322,0.2685546875,0.44334399700164795,0.0003,0.00943663902580738,0.5301968839019537,0.0014013449375852361,0.024686757,-0.005535469115420711,0.19241848587989807,0.2,3210
1.79870442,606,661504,1091,1070.0,323,0.255029296875,0.4496437907218933,0.0003,-0.007158583961427212,0.5285452075302601,0.001334918324391765,0.025426416,-0.0029580526490462942,0.1935129165649414,0.2,3220
1.7969043499999997,608,663552,1091,1070.0,324,0.235400390625,0.46071261167526245,0.0003,-0.025217048823833466,0.534518301859498,0.0012463189687878184,0.020611087,-0.0018762123916530981,0.19192390143871307,0.2,3230
1.7912319399999999,610,665600,1091,1070.0,325,0.2654296875,0.4454330801963806,0.0003,0.012217081151902676,0.5397958170622588,0.0014952788218579372,0.025400802,-0.0034405881167913323,0.19137290120124817,0.2,3240
1.79046051,611,667648,1091,1070.0,326,0.256640625,0.3974231481552124,0.0003,-0.02017645165324211,0.5572645239531994,0.0013740954562308616,0.024661012,-0.002484052430372685,0.18789173662662506,0.2,3250
1.7886851799999999,613,669696,1091,1070.0,327,0.248974609375,0.406124472618103,0.0003,-0.01651645265519619,0.5803382657468319,0.0013150363669410582,0.020859469,-0.0017136227295850403,0.18576419353485107,0.2,3260
1.7917292400000002,615,671744,1091,1070.0,328,0.262890625,0.42250674962997437,0.0003,-0.03071187436580658,0.5890631638467312,0.001335012394156365,0.027536325,-0.001120794335292885,0.18534711003303528,0.2,3270
1.7914780600000002,617,673792,1091,1070.0,329,0.229541015625,0.441745400428772,0.0003,-0.0155217619612813,0.5853035751730203,0.0014506788369544666,0.025542622,-0.002691628204775043,0.18571846187114716,0.2,3280
1.7906851700000002,619,675840,1091,1070.0,330,0.22431640625,0.444682776927948,0.0003,0.03634026646614075,0.5933089789003134,0.0014677780383863138,0.022066649,-0.0052212866343325,0.1842377781867981,0.2,3290
1.78802812,621,677888,1091,1070.0,331,0.250390625,0.4285668730735779,0.0003,0.030593469738960266,0.5988086797297001,0.0014767758810194209,0.036615152,0.004261750361183658,0.18479150533676147,0.2,3300
1.79170903,623,679936,1091,1070.0,332,0.242333984375,0.40382593870162964,0.0003,0.0076256669126451015,0.5989103080704808,0.0013955050593722263,0.022515709,-0.0012840650088037364,0.18395762145519257,0.2,3310
1.7930423999999996,624,681984,1091,1070.0,333,0.235400390625,0.46163320541381836,0.0003,0.019579509273171425,0.6177214162424207,0.0015172837343925493,0.018863242,-0.0003635509856394492,0.18113383650779724,0.2,3320
1.79111695,626,684032,1091,1070.0,334,0.237060546875,0.4472084045410156,0.0003,0.012580590322613716,0.6279272684827447,0.0014087874105825904,0.022205003,-0.002471244183834642,0.1813974678516388,0.2,3330
1.7948319499999996,628,686080,1091,1070.0,335,0.254541015625,0.4280521869659424,0.0003,-0.014898080378770828,0.618286732211709,0.0015452618301424082,0.022577059,0.004095831887389068,0.18356077373027802,0.2,3340
1.7917782199999996,630,688128,1091,1070.0,336,0.26435546875,0.3679508566856384,0.0003,0.04249197244644165,0.6086134482175112,0.0013200026529375463,0.032146946,-0.0024439254135359078,0.1836586594581604,0.2,3350
1.7976499599999998,632,690176,1090,1070.0,337,0.23134765625,0.44459664821624756,0.0003,0.014849571511149406,0.616404403746128,0.0014236208317015553,0.023526886,-0.00013845149223925545,0.18245704472064972,0.2,3360
1.79920383,634,692224,1090,1070.0,338,0.25576171875,0.3309051990509033,0.0003,0.0051416209898889065,0.6295809993520379,0.0012703254389634822,0.025882518,0.00276145167008508,0.1815042793750763,0.2,3370
1.79589734,636,694272,1090,1070.0,339,0.273828125,0.42563360929489136,0.0003,0.0010549856815487146,0.6339825693517923,0.0012203702208353207,0.026090639,-0.006333279287355253,0.1816376894712448,0.2,3380
1.7972256799999997,638,696320,1090,1070.0,340,0.278857421875,0.3812897801399231,0.0003,-0.012662309221923351,0.6348998427391053,0.0013134216891558027,0.022387397,0.0019865542053594254,0.1815766990184784,0.2,3390
1.8014334999999997,640,698368,1090,1070.0,341,0.25712890625,0.4449978470802307,0.0003,0.02618107572197914,0.6369987087324261,0.001250181878458534,0.024660833,-0.004126650730177062,0.18197426199913025,0.2,3400
1.8047634199999998,642,700416,1090,1070.0,342,0.26435546875,0.4249621629714966,0.0003,-0.02092790976166725,0.6345428410917521,0.0014372292313055367,0.022673823,0.0021378841425757854,0.18299296498298645,0.2,3410
1.8008237199999997,644,702464,1090,1070.0,343,0.2455078125,0.40977466106414795,0.0003,-0.015256783924996853,0.631578740850091,0.0013567936470280984,0.026661163,0.0008334744161402341,0.18305665254592896,0.2,3420
1.79279462,645,704512,1090,1070.0,344,0.250634765625,0.4190596342086792,0.0003,-0.03413274511694908,0.6322763968259096,0.001298219180534943,0.0147449095,-0.00030018221732461823,0.18267375230789185,0.2,3430
1.7907061299999996,647,706560,1090,1070.0,345,0.241845703125,0.43941110372543335,0.0003,0.026413604617118835,0.6367997171357274,0.0014532815088386998,0.022586122,-0.0013289584021549672,0.18211442232131958,0.2,3440
1.7866918999999999,649,708608,1090,1070.0,346,0.26650390625,0.39068883657455444,0.0003,0.004180616699159145,0.638358386233449,0.0013565428196670836,0.03190572,0.0014706188208947423,0.18241572380065918,0.2,3450
1.7824465699999998,651,710656,1090,1070.0,347,0.27470703125,0.39827245473861694,0.0003,0.04397979751229286,0.6396922145038844,0.0012867609451859608,0.03128098,-0.0032679549331078306,0.1821630597114563,0.2,3460
1.7885245900000002,653,712704,1090,1070.0,348,0.267626953125,0.3767828345298767,0.0003,0.0034132718574255705,0.6430544927716255,0.001226241054246202,0.022838492,-0.0019899362581782044,0.18190163373947144,0.2,3470
1.7887462900000006,655,714752,1090,1070.0,349,0.28232421875,0.3909696340560913,0.0003,-0.046574439853429794,0.6480766089633108,0.0011661260345135816,0.021487974,0.0004182864839094691,0.18092143535614014,0.2,3480
1.7849373300000002,657,716800,1090,1070.0,350,0.261865234375,0.34337562322616577,0.0003,0.06602857261896133,0.6496400257572532,0.0010425015358123345,0.027308874,0.004145475621771766,0.18140354752540588,0.2,3490
1.7821602500000002,659,718848,1089,1070.0,351,0.246923828125,0.37740176916122437,0.0003,0.00330469012260437,0.6427110735327005,0.001452386700475472,0.021174408,-0.0013742712326347828,0.18220379948616028,0.2,3500
1.7797646599999999,661,720896,1089,1070.0,352,0.25673828125,0.4168626070022583,0.0003,0.014433725737035275,0.6444814737886191,0.0013439720523820142,0.022874499,-0.0029777426228974947,0.18064729869365692,0.2,3510
1.7765540299999998,663,722944,1089,1070.0,353,0.263232421875,0.39197838306427,0.0003,0.004372612573206425,0.6604728536680341,0.0012285666698517161,0.030584086,-0.0012832306441850961,0.1794278919696808,0.2,3520
1.77796378,665,724992,1089,1070.0,354,0.273291015625,0.4169214963912964,0.0003,0.0011448522564023733,0.6782701129093767,0.0013413802047580249,0.027961822,0.0016286571844830178,0.17723053693771362,0.2,3530
1.77707338,667,727040,1089,1070.0,355,0.24697265625,0.41581445932388306,0.0003,0.003787703812122345,0.6991542631760239,0.0014682193534099497,0.034163546,-0.0012362155175651424,0.17494557797908783,0.2,3540
1.7736856299999997,669,729088,1088,1070.0,356,0.255419921875,0.4152684807777405,0.0003,0.011857722885906696,0.7036251747980714,0.001552053876730497,0.021961076,-0.000941591705486644,0.1762363165616989,0.2,3550
1.7732284799999996,671,731136,1088,1070.0,357,0.259814453125,0.4188007712364197,0.0003,-0.02861097827553749,0.6738386435434223,0.0013628682632770505,0.026756655,0.00018850498308893294,0.17970772087574005,0.2,3560
1.77271318,673,733184,1088,1070.0,358,0.274169921875,0.3958324193954468,0.0003,0.009128817357122898,0.652159515209496,0.0014000702733028448,0.02086538,0.00476844764816633,0.18085148930549622,0.2,3570
1.7690996300000001,675,735232,1087,1070.0,359,0.241748046875,0.43011921644210815,0.0003,-0.02154509350657463,0.6650642663240433,0.0013587217579697608,0.028807718,-0.00045634891212102956,0.17839893698692322,0.2,3580
1.77176154,678,737280,1087,1070.0,360,0.28076171875,0.4052741527557373,0.0003,-0.009238550439476967,0.6821270240470767,0.001330671335927036,0.03648176,0.0035889077800675294,0.17679516971111298,0.2,3590
1.7721971000000003,680,739328,1086,1070.0,361,0.254052734375,0.3692818880081177,0.0003,-0.0182755459100008,0.6833784457296133,0.0011926308092370165,0.044718362,-0.0007563600782305002,0.17764709889888763,0.2,3600
1.7707248799999997,682,741376,1086,1070.0,362,0.264208984375,0.3608383536338806,0.0003,-0.02964244782924652,0.6841519294306636,0.0011216860299100516,0.023061002,-0.0017665330102317966,0.17676398158073425,0.2,3610
1.77419282,684,743424,1086,1070.0,363,0.25458984375,0.4525247812271118,0.0003,-0.01563139446079731,0.698186275921762,0.001292220976574754,0.018195882,0.0032801821333123373,0.17534926533699036,0.2,3620
1.7737338499999995,686,745472,1085,1070.0,364,0.291552734375,0.42415958642959595,0.0003,0.005630051251500845,0.7102922575548292,0.0013513681040421943,0.0275082,0.004873694025445729,0.17423802614212036,0.2,3630
1.7716500499999994,688,747520,1085,1070.0,365,0.261083984375,0.4412751793861389,0.0003,-0.026318738237023354,0.7176780786365271,0.001340184467153449,0.02182568,-0.003499592692242004,0.17354349792003632,0.2,3640
1.77167099,691,749568,1084,1070.0,366,0.25576171875,0.3851475715637207,0.0003,-0.02000766061246395,0.7306519942358136,0.001535278348274005,0.023401443,-0.0015178952853602823,0.17259684205055237,0.2,3650
1.77559473,693,751616,1083,1070.0,367,0.257666015625,0.43869686126708984,0.0003,0.03395816683769226,0.7318326720967889,0.0014296311330326717,0.022473207,-0.001998692949564429,0.17329898476600647,0.2,3660
1.77761187,695,753664,1083,1070.0,368,0.262255859375,0.39377880096435547,0.0003,0.007496966049075127,0.73419945910573,0.0013819265232086764,0.026158351,-0.0028941748227225617,0.17246967554092407,0.2,3670
1.7783274200000003,697,755712,1082,1070.0,369,0.291259765625,0.40866172313690186,0.0003,-0.014364974573254585,0.7465967876836658,0.0013860641705832678,0.026602091,0.0024663161595526615,0.17089414596557617,0.2,3680
1.7811312099999999,700,757760,1082,1070.0,370,0.265673828125,0.38433313369750977,0.0003,-0.026927290484309196,0.7388966336846352,0.0012688000562775415,0.02973196,-0.003474571534025017,0.1731022298336029,0.2,3690
1.78349646,702,759808,1081,1070.0,371,0.3060546875,0.43874460458755493,0.0003,-0.00502532534301281,0.7283821355551481,0.001296699437625648,0.027063198,-0.0005562859034398571,0.17265251278877258,0.2,3700
1.78784311,704,761856,1081,1070.0,372,0.2771484375,0.43850409984588623,0.0003,-0.020536938682198524,0.7292753107845783,0.0013632466190756532,0.021122767,-0.0044987742992816495,0.17262768745422363,0.2,3710
1.7872181,706,763904,1081,1070.0,373,0.23701171875,0.34718596935272217,0.0003,-0.011536963284015656,0.7310879744589329,0.0011602999515162083,0.028896358,5.156166735105216e-05,0.1722215712070465,0.2,3720
1.79079077,708,765952,1080,1070.0,374,0.28505859375,0.44772255420684814,0.0003,-0.014680808410048485,0.7398238360881806,0.0012401879368553637,0.023088686,0.0037768178604892454,0.171669602394104,0.2,3730
1.79055432,711,768000,1080,1070.0,375,0.284814453125,0.40284258127212524,0.0003,0.0030495182145386934,0.7512086063623429,0.0014201788901118562,0.031072725,-0.0006498822636785917,0.16993209719657898,0.2,3740
1.7914798000000003,712,770048,1080,1070.0,376,0.265380859375,0.42834746837615967,0.0003,-0.006320331711322069,0.7613809030503035,0.0013070711416730773,0.021616194,0.0023643634558538906,0.17007064819335938,0.2,3750
1.79567921,714,772096,1080,1070.0,377,0.252734375,0.43030112981796265,0.0003,-0.01994515210390091,0.7683792274445296,0.0012706714929663575,0.023388952,-0.0010011221398599445,0.16867853701114655,0.2,3760
1.79967287,716,774144,1080,1070.0,378,0.27431640625,0.4304659366607666,0.0003,-0.036816008388996124,0.7889956021681428,0.0014573223128536484,0.030117303,-0.0005230460679740645,0.16720053553581238,0.2,3770
1.8017581599999997,718,776192,1080,1070.0,379,0.269091796875,0.4282187223434448,0.0003,-0.057141609489917755,0.7978272493928671,0.0013768653010629351,0.025034267,0.0011530065385159105,0.1673092395067215,0.2,3780
1.7973019,720,778240,1079,1070.0,380,0.2982421875,0.3917269706726074,0.0003,-0.031122028827667236,0.7993805315345526,0.00148151513767516,0.03710476,0.0016875796849490144,0.16676360368728638,0.2,3790
1.80091792,722,780288,1079,1070.0,381,0.2771484375,0.41317880153656006,0.0003,0.002072752919048071,0.8057217048481107,0.0014122303347903653,0.024261042,0.0012535464029497234,0.1656431257724762,0.2,3800
1.79773089,725,782336,1078,1070.0,382,0.289892578125,0.3852542042732239,0.0003,-0.008043800480663776,0.8234261412173509,0.0013220349317634827,0.024611041,0.0023111463728128,0.16307272017002106,0.2,3810
1.79801755,726,784384,1078,1070.0,383,0.25927734375,0.39470726251602173,0.0003,-0.010103994980454445,0.8352053621783853,0.0014692096287035384,0.027184032,-0.0010915718979958911,0.16349485516548157,0.2,3820
1.7936143400000004,728,786432,1079,1070.0,384,0.27470703125,0.3940027952194214,0.0003,0.06122177094221115,0.8428079480305314,0.0013407388078121585,0.03631984,0.0015224429647787475,0.16195210814476013,0.2,3830
1.79025767,730,788480,1079,1070.0,385,0.2556640625,0.33514344692230225,0.0003,-0.003276505973190069,0.8403245788067579,0.001181376508793619,0.026943395,-0.0010000527443480677,0.162971630692482,0.2,3840
1.7984982599999997,732,790528,1079,1070.0,386,0.27470703125,0.4128451943397522,0.0003,-0.03112749755382538,0.8443508541211486,0.0015409806750540157,0.031403944,5.820635124109685e-07,0.1611669659614563,0.2,3850
1.7986052,734,792576,1079,1070.0,387,0.276123046875,0.43595123291015625,0.0003,-0.006598151754587889,0.8633497951552271,0.0014394944335435866,0.026190642,-0.004042931522417348,0.1595039963722229,0.2,3860
1.8037410399999998,736,794624,1079,1070.0,388,0.25126953125,0.42818915843963623,0.0003,0.011925178579986095,0.8775005646049976,0.0014323097335363854,0.03504528,0.0003121284695225768,0.15894320607185364,0.2,3870
1.7990876299999996,737,796672,1079,1070.0,389,0.30234375,0.40879982709884644,0.0003,0.04165157675743103,0.8894620299339294,0.0014498092568828724,0.028976895,-3.5724326153285803e-06,0.1579192876815796,0.2,3880
1.7966325799999998,740,798720,1079,1070.0,390,0.293017578125,0.3451228737831116,0.0003,-0.04517742618918419,0.8978996824473142,0.0012369937727271462,0.032744776,-0.0022658171474176925,0.15690326690673828,0.2,3890
1.7961293300000003,742,800768,1078,1070.0,391,0.287255859375,0.38173872232437134,0.0003,-0.016942527145147324,0.8986420203000307,0.00139028419580427,0.025751723,0.0060951546198339205,0.15732058882713318,0.2,3900
