time,open,high,low,close,tick_volume,actDir,actRisk,eReward,eAccBalance,eWins,eLosses,pType,pOpenPrice,pSLPrice,pTPPrice,pProfit
2021-01-27,1.21599,1.21698,1.20584,1.21121,110415,0.0,0.0,0.0,10000.0,0,0,0,0.0,0.0,0.0,0.0
2021-01-28,1.21099,1.2142,1.20807,1.21222,110042,0.0,0.0,0.0,10000.0,0,0,0,0.0,0.0,0.0,0.0
2021-01-29,1.21192,1.2156,1.20945,1.21367,119132,0.0,0.0,0.0,10000.0,0,0,0,0.0,0.0,0.0,0.0
2021-02-01,1.2128,1.21366,1.20562,1.20609,93583,0.0,0.0,0.0,10000.0,0,0,0,0.0,0.0,0.0,0.0
2021-02-02,1.20593,1.20878,1.20117,1.20431,83594,0.0,0.0,0.0,10000.0,0,0,0,0.0,0.0,0.0,0.0
2021-02-03,1.20433,1.20502,1.20042,1.20353,68835,0.0,0.0,0.0,10000.0,0,0,0,0.0,0.0,0.0,0.0
2021-02-04,1.20358,1.20429,1.19577,1.19611,72742,0.0,0.0,0.0,10000.0,0,0,0,0.0,0.0,0.0,0.0
2021-02-05,1.19609,1.205,1.19522,1.20489,72968,0.0,0.0,0.0,10000.0,0,0,0,0.0,0.0,0.0,0.0
2021-02-08,1.20374,1.2066,1.20198,1.20499,62424,0.0,0.0,0.0,10000.0,0,0,0,0.0,0.0,0.0,0.0
2021-02-09,1.2043,1.21219,1.2043,1.21197,71513,0.0,0.0,0.0,10000.0,0,0,0,0.0,0.0,0.0,0.0
2021-02-10,1.21182,1.21442,1.21088,1.21183,70361,0.0,0.0,0.0,10000.0,0,0,0,0.0,0.0,0.0,0.0
2021-02-11,1.21178,1.21495,1.21136,1.21317,52269,0.21362662,0.21362662,0.0,10000.0,0,0,0,1.21317,1.2188,0.0,0.0
2021-02-12,1.21288,1.21344,1.20816,1.21182,55428,-1.0,-1.0,0.0,10000.0,0,0,2,1.21182,1.2175,0.0,0.0
2021-02-15,1.21242,1.21451,1.21167,1.21271,40207,-1.0,-1.0,0.0,10000.0,0,0,2,1.21182,1.2175,0.0,0.0
2021-02-16,1.21274,1.21694,1.2095,1.21034,72120,-0.9444211,-0.9444211,0.0,10000.0,0,0,2,1.21182,1.2175,0.0,0.0
2021-02-17,1.21066,1.21075,1.20233,1.20417,78253,1.0,1.0,0.0,10031.79,1,0,0,0.0,0.0,0.0,31.79
2021-02-18,1.20311,1.20946,1.20311,1.20933,70232,-0.7594626,-0.7594626,0.0,10031.79,1,0,2,1.20933,1.215,0.0,0.0
2021-02-19,1.20897,1.21445,1.20824,1.21172,64581,1.0,1.0,0.0,10031.79,1,0,2,1.20933,1.215,0.0,0.0
2021-02-22,1.21124,1.21694,1.20914,1.21581,78518,0.6260923,0.6260923,0.0,10031.79,1,0,2,1.20933,1.215,0.0,0.0
2021-02-23,1.21541,1.21802,1.21354,1.21496,73817,-0.105487585,-0.105487585,0.0,9891.460000000001,1,1,0,0.0,0.0,0.0,-140.33
2021-02-24,1.21494,1.21747,1.21093,1.21684,93772,-0.5253827,-0.5253827,0.0,9891.460000000001,1,1,2,1.21684,1.2227,0.0,0.0
2021-02-25,1.21632,1.22429,1.21562,1.21774,125620,-0.01187253,-0.01187253,0.0,9891.460000000001,1,1,2,1.21684,1.2227,0.0,0.0
2021-02-26,1.21707,1.21835,1.20623,1.20736,146670,0.6904683,0.6904683,0.0,9891.460000000001,1,1,2,1.21684,1.2227,0.0,0.0
2021-03-01,1.207,1.21012,1.20276,1.20484,86071,-0.20659408,-0.20659408,0.0,9891.460000000001,1,1,2,1.21684,1.2227,0.0,0.0
2021-03-02,1.20488,1.20944,1.19918,1.20905,86796,-1.0,-1.0,0.0,9891.460000000001,1,1,2,1.21684,1.2227,0.0,0.0
2021-03-03,1.20906,1.21132,1.20426,1.20623,88084,-1.0,-1.0,0.0,9891.460000000001,1,1,2,1.21684,1.2227,0.0,0.0
2021-03-04,1.20628,1.20663,1.19616,1.19721,118005,1.0,1.0,0.0,10116.2,2,1,0,0.0,0.0,0.0,224.74
2021-03-05,1.19647,1.19767,1.18928,1.19102,129374,-0.60951716,-0.60951716,0.0,10116.2,2,1,2,1.19102,1.1967,0.0,0.0
2021-03-08,1.19169,1.19323,1.18442,1.18465,101343,0.97203976,0.97203976,0.0,10116.2,2,1,2,1.19102,1.1967,0.0,0.0
2021-03-09,1.18466,1.19159,1.18356,1.19008,91306,0.24425775,0.24425775,0.0,10116.2,2,1,2,1.19102,1.1967,0.0,0.0
2021-03-10,1.19001,1.19298,1.18689,1.19291,87897,-0.14461282,-0.14461282,0.0,10116.2,2,1,2,1.19102,1.1967,0.0,0.0
2021-03-11,1.19286,1.199,1.19157,1.19852,86724,-1.0,-1.0,0.0,10116.2,2,1,2,1.19102,1.1967,0.0,0.0
2021-03-12,1.19856,1.19885,1.19101,1.19518,83713,-0.8681526,-0.8681526,0.0,9954.75,2,2,0,0.0,0.0,0.0,-161.45
2021-03-15,1.19433,1.19675,1.19112,1.19298,70098,-1.0,-1.0,0.0,9954.75,2,2,2,1.19298,1.1988,0.0,0.0
2021-03-16,1.19272,1.19518,1.18822,1.19024,68811,-1.0,-1.0,0.0,9954.75,2,2,2,1.19298,1.1988,0.0,0.0
2021-03-17,1.19021,1.19854,1.18862,1.19799,72262,-1.0,-1.0,0.0,9954.75,2,2,2,1.19298,1.1988,0.0,0.0
2021-03-18,1.19785,1.19889,1.19061,1.19158,91431,-0.95527637,-0.95527637,0.0,9954.75,2,2,2,1.19298,1.1988,0.0,0.0
2021-03-19,1.19136,1.19372,1.1874,1.19061,73088,-1.0,-1.0,0.0,9954.75,2,2,2,1.19298,1.1988,0.0,0.0
2021-03-22,1.18716,1.19468,1.18709,1.19327,62321,-0.9624178,-0.9624178,0.0,9954.75,2,2,2,1.19298,1.1988,0.0,0.0
2021-03-23,1.19322,1.19408,1.18422,1.18503,75285,1.0,1.0,0.0,9948.62,2,3,0,0.0,0.0,0.0,-6.13
2021-03-24,1.18491,1.18531,1.18097,1.18118,77508,-0.30313104,-0.30313104,0.0,9948.62,2,3,0,1.19298,1.1986,0.0,0.0
2021-03-25,1.18127,1.18278,1.17619,1.17641,84515,-0.0014466941,-0.0014466941,0.0,9948.62,2,3,0,1.19298,1.1986,0.0,0.0
2021-03-26,1.1764,1.1805,1.17634,1.17929,62566,-0.58570236,-0.58570236,0.0,9948.62,2,3,2,1.17929,1.1962,0.0,0.0
2021-03-29,1.17908,1.17938,1.17606,1.17652,66562,-1.0,-1.0,0.0,9948.62,2,3,2,1.17929,1.1962,0.0,0.0
2021-03-30,1.17645,1.17738,1.17113,1.17158,62219,0.7916967,0.7916967,0.0,10006.17,3,3,0,0.0,0.0,0.0,57.55
2021-03-31,1.17166,1.17598,1.17041,1.173,63089,-1.0,-1.0,0.0,10006.17,3,3,2,1.173,1.1786,0.0,0.0
2021-04-01,1.17303,1.178,1.17126,1.17776,63945,-1.0,-1.0,0.0,10006.17,3,3,2,1.173,1.1786,0.0,0.0
2021-04-02,1.17762,1.17867,1.1749,1.17623,26815,1.0,1.0,0.0,9906.57,3,4,0,0.0,0.0,0.0,-99.6
2021-04-05,1.17548,1.18195,1.17379,1.18124,39148,-0.22186145,-0.22186145,0.0,9906.57,3,4,0,1.19298,1.1986,0.0,0.0
2021-04-06,1.18121,1.18777,1.17969,1.18762,56555,-0.031627595,-0.031627595,0.0,9906.57,3,4,0,1.19298,1.1986,0.0,0.0
2021-04-07,1.18748,1.19148,1.18609,1.18717,69568,0.8390974,0.8390974,0.0,9906.57,3,4,1,1.18717,1.1815,0.0,0.0
2021-04-08,1.18636,1.19274,1.18608,1.19162,58947,-1.0,-1.0,0.0,9906.57,3,4,1,1.18717,1.1815,0.0,0.0
2021-04-09,1.1913,1.19201,1.18671,1.19012,59566,-1.0,-1.0,0.0,9999.83,4,4,0,0.0,0.0,0.0,93.26
2021-04-12,1.18898,1.19192,1.18712,1.19115,59188,0.9867482,0.9867482,0.0,9999.83,4,4,1,1.19115,1.1855,0.0,0.0
2021-04-13,1.19102,1.19559,1.18781,1.19489,72155,1.0,1.0,0.0,9999.83,4,4,1,1.19115,1.1855,0.0,0.0
2021-04-14,1.19485,1.19874,1.19454,1.19792,63589,-0.28342104,-0.28342104,0.0,9999.83,4,4,1,1.19115,1.1855,0.0,0.0
2021-04-15,1.19799,1.19934,1.19561,1.19663,62306,1.0,1.0,0.0,9999.83,4,4,1,1.19115,1.1855,0.0,0.0
2021-04-16,1.19616,1.19948,1.19505,1.19822,55426,1.0,1.0,0.0,9999.83,4,4,1,1.19115,1.1855,0.0,0.0
2021-04-19,1.19718,1.20479,1.19425,1.20368,52270,-0.28301457,-0.28301457,0.0,9999.83,4,4,1,1.19115,1.1855,0.0,0.0
2021-04-20,1.2037,1.20798,1.20223,1.20366,48052,-0.3040384,-0.3040384,0.0,9999.83,4,4,1,1.19115,1.1855,0.0,0.0
2021-04-21,1.20354,1.20437,1.19985,1.20355,39808,0.89148194,0.89148194,0.0,9999.83,4,4,1,1.19115,1.1855,0.0,0.0
2021-04-22,1.20346,1.20695,1.19936,1.2016,47986,0.14199735,0.14199735,0.0,9999.83,4,4,1,1.19115,1.1855,0.0,0.0
2021-04-23,1.20146,1.21,1.20128,1.20975,42145,0.2068848,0.2068848,0.0,9999.83,4,4,1,1.19115,1.1855,0.0,0.0
2021-04-26,1.20911,1.21169,1.20612,1.2086,40344,0.04805827,0.04805827,0.0,9999.83,4,4,1,1.19115,1.1855,0.0,0.0
2021-04-27,1.20813,1.20929,1.20568,1.20916,37356,-0.9760426,-0.9760426,0.0,10374.25,5,4,0,0.0,0.0,0.0,374.42
2021-04-28,1.20889,1.21348,1.20562,1.21257,46914,-1.0,-1.0,0.0,10374.25,5,4,2,1.21257,1.2182,0.0,0.0
2021-04-29,1.21223,1.215,1.21021,1.21199,42694,0.07460463,0.07460463,0.0,10374.25,5,4,2,1.21257,1.2182,0.0,0.0
2021-04-30,1.21161,1.21267,1.20167,1.20215,40922,-1.0,-1.0,0.0,10374.25,5,4,2,1.21257,1.2182,0.0,0.0
2021-05-03,1.20308,1.20759,1.20084,1.20631,32238,1.0,1.0,0.0,10604.96,6,4,0,0.0,0.0,0.0,230.71
2021-05-04,1.2063,1.2064,1.19991,1.20137,41970,-1.0,-1.0,0.0,10604.96,6,4,2,1.20137,1.2183,0.0,0.0
2021-05-05,1.20126,1.20266,1.19861,1.20054,34796,-0.3718111,-0.3718111,0.0,10604.96,6,4,2,1.20137,1.2183,0.0,0.0
2021-05-06,1.20043,1.20716,1.19932,1.2064,37482,1.0,1.0,0.0,10623.71,7,4,0,0.0,0.0,0.0,18.75
2021-05-07,1.20646,1.21714,1.20528,1.21635,46024,-1.0,-1.0,0.0,10623.71,7,4,2,1.21635,1.2332,0.0,0.0
2021-05-10,1.21596,1.21783,1.21278,1.21284,43506,-1.0,-1.0,0.0,10623.71,7,4,2,1.21635,1.2332,0.0,0.0
2021-05-11,1.21272,1.21818,1.21231,1.21482,49555,-0.35676113,-0.35676113,0.0,10623.71,7,4,2,1.21635,1.2332,0.0,0.0
2021-05-12,1.21454,1.21522,1.20656,1.20705,53852,-0.81003904,-0.81003904,0.0,10623.71,7,4,2,1.21635,1.2332,0.0,0.0
2021-05-13,1.20677,1.21062,1.20515,1.20788,56288,0.8421959,0.8421959,0.0,10835.429999999998,8,4,0,0.0,0.0,0.0,211.72
2021-05-14,1.20783,1.21478,1.20709,1.21458,45198,0.898976,0.898976,0.0,10835.429999999998,8,4,1,1.21458,1.2018,0.0,0.0
2021-05-17,1.2148,1.21688,1.21261,1.21518,42521,-0.8799982,-0.8799982,0.0,10835.429999999998,8,4,1,1.21458,1.2018,0.0,0.0
2021-05-18,1.21514,1.22338,1.21492,1.22233,40865,0.21416152,0.21416152,0.0,10835.429999999998,8,4,1,1.21458,1.2018,0.0,0.0
2021-05-19,1.22226,1.22453,1.216,1.2176,56371,0.17169929,0.17169929,0.0,10835.429999999998,8,4,1,1.21458,1.2018,0.0,0.0
2021-05-20,1.21687,1.22292,1.21675,1.22282,42154,-0.47311068,-0.47311068,0.0,10835.429999999998,8,4,1,1.21458,1.2018,0.0,0.0
2021-05-21,1.2228,1.22398,1.21608,1.21803,45031,-0.18638933,-0.18638933,0.0,10835.429999999998,8,4,1,1.21458,1.2018,0.0,0.0
2021-05-24,1.2181,1.22299,1.21726,1.22163,41595,0.7100973,0.7100973,0.0,10835.429999999998,8,4,1,1.21458,1.2018,0.0,0.0
2021-05-25,1.22136,1.22664,1.22098,1.2252,48832,-1.0,-1.0,0.0,11001.099999999999,9,4,0,0.0,0.0,0.0,165.67
2021-05-26,1.22502,1.2263,1.2182,1.21925,43843,-0.81995356,-0.81995356,0.0,11001.099999999999,9,4,2,1.21925,1.2249,0.0,0.0
2021-05-27,1.2192,1.2215,1.21752,1.21945,47550,0.26121584,0.26121584,0.0,11001.099999999999,9,4,2,1.21925,1.2249,0.0,0.0
2021-05-28,1.21936,1.2205,1.21327,1.2193,48328,0.14602795,0.14602795,0.0,11001.099999999999,9,4,2,1.21925,1.2249,0.0,0.0
2021-05-31,1.22,1.22314,1.21834,1.22268,27060,-0.3038009,-0.3038009,0.0,11001.099999999999,9,4,2,1.21925,1.2249,0.0,0.0
2021-06-01,1.22268,1.22544,1.22117,1.2214,41346,-0.016006768,-0.016006768,0.0,11001.099999999999,9,4,2,1.21925,1.2249,0.0,0.0
2021-06-02,1.22124,1.22266,1.21642,1.22097,42587,-0.07318914,-0.07318914,0.0,11001.099999999999,9,4,2,1.21925,1.2249,0.0,0.0
2021-06-03,1.22114,1.22142,1.21184,1.21271,45115,1.0,1.0,0.0,10960.069999999998,9,5,0,0.0,0.0,0.0,-41.03
2021-06-04,1.21274,1.21856,1.2104,1.21666,44678,0.6201012,0.6201012,0.0,10960.069999999998,9,5,1,1.21666,1.2001,0.0,0.0
2021-06-07,1.21623,1.22019,1.21451,1.21895,34170,-0.40574402,-0.40574402,0.0,10960.069999999998,9,5,1,1.21666,1.2001,0.0,0.0
2021-06-08,1.21894,1.21942,1.21643,1.2173,39354,1.0,1.0,0.0,10960.069999999998,9,5,1,1.21666,1.2001,0.0,0.0
2021-06-09,1.21728,1.2218,1.21712,1.21792,31828,-0.7639571,-0.7639571,0.0,10975.219999999998,10,5,0,0.0,0.0,0.0,15.15
2021-06-10,1.21798,1.21946,1.21434,1.21761,37951,-1.0,-1.0,0.0,10975.219999999998,10,5,2,1.21761,1.2247,0.0,0.0
2021-06-11,1.21639,1.2193,1.20926,1.21079,40537,-0.088487506,-0.088487506,0.0,10975.219999999998,10,5,2,1.21761,1.2247,0.0,0.0
2021-06-14,1.21074,1.21299,1.20943,1.21198,29702,-0.19866073,-0.19866073,0.0,10975.219999999998,10,5,2,1.21761,1.2247,0.0,0.0
2021-06-15,1.21197,1.21441,1.21058,1.21255,27309,-0.23696154,-0.23696154,0.0,10975.219999999998,10,5,2,1.21761,1.2247,0.0,0.0
2021-06-16,1.21263,1.21349,1.19954,1.19957,46944,-0.25706077,-0.25706077,0.0,10975.219999999998,10,5,2,1.21761,1.2247,0.0,0.0
2021-06-17,1.19944,1.20064,1.1892,1.19062,63959,-0.36638528,-0.36638528,0.0,10975.219999999998,10,5,2,1.21761,1.2247,0.0,0.0
2021-06-18,1.19076,1.1925,1.18475,1.18616,67256,-0.85363483,-0.85363483,0.0,10975.219999999998,10,5,2,1.21761,1.2247,0.0,0.0
2021-06-21,1.1857,1.19213,1.18476,1.1918,59289,0.009066705,0.009066705,0.0,10975.219999999998,10,5,2,1.21761,1.2247,0.0,0.0
2021-06-22,1.19188,1.19526,1.1881,1.19412,51175,-0.38140094,-0.38140094,0.0,10975.219999999998,10,5,2,1.21761,1.2247,0.0,0.0
2021-06-23,1.19395,1.197,1.19116,1.19267,49339,-0.4581274,-0.4581274,0.0,10975.219999999998,10,5,2,1.21761,1.2247,0.0,0.0
2021-06-24,1.19257,1.19564,1.19178,1.19315,44623,-0.08480251,-0.08480251,0.0,10975.219999999998,10,5,2,1.21761,1.2247,0.0,0.0
2021-06-25,1.19318,1.19753,1.19264,1.19362,43397,-1.0,-1.0,0.0,10975.219999999998,10,5,2,1.21761,1.2247,0.0,0.0
2021-06-28,1.19338,1.19446,1.19025,1.19242,45184,-0.19193715,-0.19193715,0.0,10975.219999999998,10,5,2,1.21761,1.2247,0.0,0.0
2021-06-29,1.19231,1.19308,1.18777,1.18965,44270,-0.5449897,-0.5449897,0.0,10975.219999999998,10,5,2,1.21761,1.2247,0.0,0.0
2021-06-30,1.18968,1.1909,1.18452,1.18577,51543,0.3141005,0.3141005,0.0,10975.219999999998,10,5,2,1.21761,1.2247,0.0,0.0
2021-07-01,1.18581,1.18843,1.18375,1.18498,47530,0.40891063,0.40891063,0.0,10975.219999999998,10,5,2,1.21761,1.2247,0.0,0.0
2021-07-02,1.18504,1.18742,1.18075,1.18664,47779,-0.83981884,-0.83981884,0.0,10975.219999999998,10,5,2,1.21761,1.2247,0.0,0.0
2021-07-05,1.18622,1.18805,1.18514,1.1863,31656,0.07008874,0.07008874,0.0,10975.219999999998,10,5,2,1.21761,1.2247,0.0,0.0
2021-07-06,1.18624,1.1895,1.18072,1.18234,53771,-0.2722561,-0.2722561,0.0,10975.219999999998,10,5,2,1.21761,1.2247,0.0,0.0
2021-07-07,1.18234,1.1836,1.17817,1.17907,50948,-0.5930126,-0.5930126,0.0,10975.219999999998,10,5,2,1.21761,1.2247,0.0,0.0
2021-07-08,1.17902,1.1868,1.17836,1.18463,61382,1.0,1.0,0.0,11860.659999999998,11,5,0,0.0,0.0,0.0,885.44
2021-07-09,1.18397,1.1881,1.1825,1.18773,47414,-0.68016464,-0.68016464,0.0,11860.659999999998,11,5,2,1.18773,1.1934,0.0,0.0
2021-07-12,1.18699,1.18802,1.18362,1.18602,41299,0.9256573,0.9256573,0.0,11860.659999999998,11,5,2,1.18773,1.1934,0.0,0.0
2021-07-13,1.18608,1.18753,1.17724,1.17767,50236,1.0,1.0,0.0,11903.359999999999,12,5,0,0.0,0.0,0.0,42.7
2021-07-14,1.17766,1.18389,1.17719,1.18363,48241,0.10833585,0.10833585,0.0,11903.359999999999,12,5,0,0.0,0.0,0.0,0.0
2021-07-15,1.1837,1.18508,1.17964,1.18111,49142,1.0,1.0,0.0,11903.359999999999,12,5,1,1.18111,1.1755,0.0,0.0
2021-07-16,1.18142,1.18224,1.17923,1.18053,45054,-0.8541174,-0.8541174,0.0,11903.359999999999,12,5,1,1.18111,1.1755,0.0,0.0
2021-07-19,1.1808,1.18245,1.17639,1.17989,55367,-0.9259358,-0.9259358,0.0,11888.88,12,6,0,0.0,0.0,0.0,-14.48
2021-07-20,1.17961,1.18028,1.17557,1.17805,54550,-1.0,-1.0,0.0,11888.88,12,6,2,1.17805,1.1949,0.0,0.0
2021-07-21,1.17813,1.18048,1.1752,1.17943,43895,-0.7591251,-0.7591251,0.0,11888.88,12,6,2,1.17805,1.1949,0.0,0.0
2021-07-22,1.17925,1.18304,1.17574,1.1771,49996,-0.08149186,-0.08149186,0.0,11888.88,12,6,2,1.17805,1.1949,0.0,0.0
2021-07-23,1.17708,1.17866,1.17545,1.17722,38402,1.0,1.0,0.0,11912.47,13,6,0,0.0,0.0,0.0,23.59
2021-07-26,1.17736,1.18174,1.17634,1.18023,42157,0.89597297,0.89597297,0.0,11912.47,13,6,1,1.18023,1.1746,0.0,0.0
2021-07-27,1.18032,1.18411,1.17702,1.18163,46090,0.039828844,0.039828844,0.0,11912.47,13,6,1,1.18023,1.1746,0.0,0.0
2021-07-28,1.18168,1.18496,1.17724,1.18427,51179,-0.23202395,-0.23202395,0.0,11912.47,13,6,1,1.18023,1.1746,0.0,0.0
2021-07-29,1.1844,1.18928,1.18405,1.18869,40277,-1.0,-1.0,0.0,12013.65,14,6,0,0.0,0.0,0.0,101.18
2021-07-30,1.18877,1.19086,1.18516,1.18696,43659,-0.045146525,-0.045146525,0.0,12013.65,14,6,0,0.0,0.0,0.0,0.0
2021-08-02,1.18676,1.1897,1.18405,1.18717,36194,-0.093475804,-0.093475804,0.0,12013.65,14,6,0,1.18427,1.1904,0.0,0.0
2021-08-03,1.1869,1.18933,1.18536,1.18651,37589,-0.91066206,-0.91066206,0.0,12013.65,14,6,2,1.18651,1.1921,0.0,0.0
2021-08-04,1.18664,1.18997,1.18328,1.18371,37415,-1.0,-1.0,0.0,12013.65,14,6,2,1.18651,1.1921,0.0,0.0
2021-08-05,1.18367,1.18574,1.18282,1.18319,36842,-0.19231367,-0.19231367,0.0,12013.65,14,6,2,1.18651,1.1921,0.0,0.0
2021-08-06,1.18352,1.1836,1.17544,1.17604,37195,0.111878514,0.111878514,0.0,12013.65,14,6,2,1.18651,1.1921,0.0,0.0
2021-08-09,1.17602,1.17694,1.1735,1.17363,36502,0.38164425,0.38164425,0.0,12013.65,14,6,2,1.18651,1.1921,0.0,0.0
2021-08-10,1.17364,1.17429,1.171,1.17202,32060,1.0,1.0,0.0,12336.06,15,6,0,0.0,0.0,0.0,322.41
2021-08-11,1.17206,1.17538,1.1706,1.17396,34795,-0.9831736,-0.9831736,0.0,12336.06,15,6,2,1.17396,1.182,0.0,0.0
2021-08-12,1.17387,1.17482,1.17238,1.17302,28623,0.6690167,0.6690167,0.0,12336.06,15,6,2,1.17396,1.182,0.0,0.0
2021-08-13,1.17295,1.18047,1.17293,1.17952,28023,0.6568873,0.6568873,0.0,12336.06,15,6,2,1.17396,1.182,0.0,0.0
2021-08-16,1.17954,1.1801,1.17675,1.17758,29594,0.18236147,0.18236147,0.0,12336.06,15,6,2,1.17396,1.182,0.0,0.0
2021-08-17,1.17788,1.17844,1.17082,1.17083,39747,0.86547107,0.86547107,0.0,12242.689999999999,15,7,0,0.0,0.0,0.0,-93.37
2021-08-18,1.17098,1.17426,1.16939,1.17091,39093,-0.35876453,-0.35876453,0.0,12242.689999999999,15,7,0,1.17083,1.1765,0.0,0.0
2021-08-19,1.17108,1.17166,1.16658,1.16768,47164,-1.0,-1.0,0.0,12242.689999999999,15,7,2,1.16768,1.1846,0.0,0.0
2021-08-20,1.16754,1.17046,1.1664,1.16999,34170,0.5971618,0.5971618,0.0,12242.689999999999,15,7,2,1.16768,1.1846,0.0,0.0
2021-08-23,1.16954,1.17502,1.16905,1.17459,34231,0.25839818,0.25839818,0.0,12242.689999999999,15,7,2,1.16768,1.1846,0.0,0.0
2021-08-24,1.17459,1.17651,1.17272,1.17576,31584,-0.20731843,-0.20731843,0.0,12242.689999999999,15,7,2,1.16768,1.1846,0.0,0.0
2021-08-25,1.1756,1.17745,1.17261,1.17727,35047,-0.52691966,-0.52691966,0.0,12242.689999999999,15,7,2,1.16768,1.1846,0.0,0.0
2021-08-26,1.17718,1.1779,1.1746,1.17519,37330,-1.0,-1.0,0.0,12242.689999999999,15,7,2,1.16768,1.1846,0.0,0.0
2021-08-27,1.17522,1.18024,1.1735,1.17965,42052,0.3895867,0.3895867,0.0,12242.689999999999,15,7,2,1.16768,1.1846,0.0,0.0
2021-08-30,1.17958,1.18098,1.17828,1.17969,28334,-1.0,-1.0,0.0,12242.689999999999,15,7,2,1.16768,1.1846,0.0,0.0
2021-08-31,1.17966,1.18452,1.17951,1.18086,44305,-0.39856377,-0.39856377,0.0,12242.689999999999,15,7,2,1.16768,1.1846,0.0,0.0
2021-09-01,1.18088,1.18573,1.17937,1.18399,39141,-0.63223743,-0.63223743,0.0,12242.689999999999,15,7,2,1.16768,1.1846,0.0,0.0
2021-09-02,1.1839,1.18761,1.18345,1.18753,31974,1.0,1.0,0.0,11822.939999999999,15,8,0,0.0,0.0,0.0,-419.75
2021-09-03,1.1875,1.1909,1.18656,1.18784,40110,-1.0,-1.0,0.0,11822.939999999999,15,8,2,1.18784,1.2047,0.0,0.0
2021-09-06,1.1882,1.18864,1.18558,1.187,22418,-1.0,-1.0,0.0,11822.939999999999,15,8,2,1.18784,1.2047,0.0,0.0
2021-09-07,1.187,1.18852,1.18374,1.18423,42115,-0.3821851,-0.3821851,0.0,11822.939999999999,15,8,2,1.18784,1.2047,0.0,0.0
2021-09-08,1.18388,1.18512,1.18022,1.18157,44807,-0.016199768,-0.016199768,0.0,11822.939999999999,15,8,2,1.18784,1.2047,0.0,0.0
2021-09-09,1.18158,1.18411,1.18052,1.18238,46977,-0.6775946,-0.6775946,0.0,11822.939999999999,15,8,2,1.18784,1.2047,0.0,0.0
2021-09-10,1.18253,1.18512,1.18095,1.18104,41100,-1.0,-1.0,0.0,11822.939999999999,15,8,2,1.18784,1.2047,0.0,0.0
2021-09-13,1.18154,1.18171,1.17702,1.18108,39896,-1.0,-1.0,0.0,11822.939999999999,15,8,2,1.18784,1.2047,0.0,0.0
2021-09-14,1.18111,1.18458,1.18001,1.1804,44973,-0.6464839,-0.6464839,0.0,11822.939999999999,15,8,2,1.18784,1.2047,0.0,0.0
2021-09-15,1.1803,1.18319,1.17971,1.18157,43526,0.558258,0.558258,0.0,12007.269999999999,16,8,0,0.0,0.0,0.0,184.33
2021-09-16,1.18177,1.18206,1.17505,1.17686,44489,0.54855114,0.54855114,0.0,12007.269999999999,16,8,1,1.17686,1.1612,0.0,0.0
2021-09-17,1.17649,1.1789,1.17246,1.1726,41945,0.4840911,0.4840911,0.0,12007.269999999999,16,8,1,1.17686,1.1612,0.0,0.0
2021-09-20,1.17306,1.17365,1.17002,1.17269,43872,0.33801836,0.33801836,0.0,12007.269999999999,16,8,1,1.17686,1.1612,0.0,0.0
2021-09-21,1.1725,1.17488,1.1715,1.17256,43768,-0.7112516,-0.7112516,0.0,11903.009999999998,16,9,0,0.0,0.0,0.0,-104.26
2021-09-22,1.17252,1.17556,1.16848,1.16886,52624,-1.0,-1.0,0.0,11903.009999999998,16,9,2,1.16886,1.1799,0.0,0.0
2021-09-23,1.16872,1.175,1.16836,1.1739,48609,-1.0,-1.0,0.0,11903.009999999998,16,9,2,1.16886,1.1799,0.0,0.0
2021-09-24,1.17384,1.17477,1.17007,1.17206,38917,-0.88630223,-0.88630223,0.0,11903.009999999998,16,9,2,1.16886,1.1799,0.0,0.0
2021-09-27,1.17258,1.17258,1.16847,1.1695,44874,0.21903187,0.21903187,0.0,11903.009999999998,16,9,2,1.16886,1.1799,0.0,0.0
2021-09-28,1.16959,1.17034,1.16683,1.16838,56416,1.0,1.0,0.0,11887.179999999998,16,10,0,0.0,0.0,0.0,-15.83
2021-09-29,1.16832,1.16901,1.15895,1.15973,54581,-0.10817394,-0.10817394,0.0,11887.179999999998,16,10,0,0.0,0.0,0.0,0.0
2021-09-30,1.15982,1.16098,1.15627,1.15769,55968,-0.6175117,-0.6175117,0.0,11887.179999999998,16,10,2,1.15769,1.1746,0.0,0.0
2021-10-01,1.15822,1.16073,1.1563,1.15932,52826,0.49167806,0.49167806,0.0,11887.179999999998,16,10,2,1.15769,1.1746,0.0,0.0
2021-10-04,1.15996,1.16401,1.15877,1.16196,43929,1.0,1.0,0.0,11847.289999999999,16,11,0,0.0,0.0,0.0,-39.89
2021-10-05,1.16204,1.16221,1.15806,1.15971,41718,1.0,1.0,0.0,11847.289999999999,16,11,1,1.15971,1.1447,0.0,0.0
2021-10-06,1.15988,1.16032,1.15292,1.15565,52230,-0.05815729,-0.05815729,0.0,11847.289999999999,16,11,1,1.15971,1.1447,0.0,0.0
2021-10-07,1.15563,1.15722,1.15477,1.15533,41219,1.0,1.0,0.0,11847.289999999999,16,11,1,1.15971,1.1447,0.0,0.0
2021-10-08,1.15524,1.15859,1.15415,1.15746,44133,-0.74941766,-0.74941766,0.0,11740.839999999998,16,12,0,0.0,0.0,0.0,-106.45
2021-10-11,1.15713,1.15868,1.15492,1.15535,35099,-1.0,-1.0,0.0,11740.839999999998,16,12,2,1.15535,1.1691,0.0,0.0
2021-10-12,1.15544,1.15703,1.15245,1.15301,43185,-0.7303544,-0.7303544,0.0,11740.839999999998,16,12,2,1.15535,1.1691,0.0,0.0
2021-10-13,1.153,1.15973,1.15286,1.1596,46481,-0.98801845,-0.98801845,0.0,11740.839999999998,16,12,2,1.15535,1.1691,0.0,0.0
2021-10-14,1.15932,1.16244,1.15841,1.15973,38162,-1.0,-1.0,0.0,11740.839999999998,16,12,2,1.15535,1.1691,0.0,0.0
2021-10-15,1.15959,1.16188,1.15882,1.15992,41453,-0.9632291,-0.9632291,0.0,11740.839999999998,16,12,2,1.15535,1.1691,0.0,0.0
2021-10-18,1.15909,1.16224,1.15719,1.16108,43085,-0.07330244,-0.07330244,0.0,11740.839999999998,16,12,2,1.15535,1.1691,0.0,0.0
2021-10-19,1.16099,1.16695,1.16085,1.16326,42786,-1.0,-1.0,0.0,11740.839999999998,16,12,2,1.15535,1.1691,0.0,0.0
2021-10-20,1.16326,1.16588,1.16169,1.16513,42649,1.0,1.0,0.0,11549.029999999999,16,13,0,0.0,0.0,0.0,-191.81
2021-10-21,1.16465,1.16675,1.16198,1.16246,42064,-0.97648823,-0.97648823,0.0,11549.029999999999,16,13,2,1.16246,1.1774,0.0,0.0
2021-10-22,1.16222,1.16557,1.16214,1.16441,45372,0.10556812,0.10556812,0.0,11549.029999999999,16,13,2,1.16246,1.1774,0.0,0.0
2021-10-25,1.16419,1.1665,1.15907,1.16104,41841,-0.9040122,-0.9040122,0.0,11549.029999999999,16,13,2,1.16246,1.1774,0.0,0.0
2021-10-26,1.16046,1.16258,1.1585,1.15963,38042,-0.43219766,-0.43219766,0.0,11549.029999999999,16,13,2,1.16246,1.1774,0.0,0.0
2021-10-27,1.15956,1.1626,1.15849,1.16028,48344,1.0,1.0,0.0,11616.31,17,13,0,0.0,0.0,0.0,67.28
2021-10-28,1.16028,1.16922,1.15824,1.16831,58343,-0.37417847,-0.37417847,0.0,11616.31,17,13,0,0.0,0.0,0.0,0.0
2021-10-29,1.168,1.169,1.15352,1.15637,54798,0.0066792555,0.0066792555,0.0,11616.31,17,13,0,1.15637,1.1475,0.0,0.0
2021-11-01,1.15558,1.16092,1.1546,1.16066,43399,1.0,1.0,0.0,11616.31,17,13,1,1.16066,1.155,0.0,0.0
2021-11-02,1.16048,1.16134,1.15753,1.15793,43983,-0.23940279,-0.23940279,0.0,11616.31,17,13,1,1.16066,1.155,0.0,0.0
2021-11-03,1.1579,1.16164,1.15624,1.16127,51379,0.042679682,0.042679682,0.0,11616.31,17,13,1,1.16066,1.155,0.0,0.0
2021-11-04,1.16116,1.16165,1.15284,1.15545,47924,0.21565843,0.21565843,0.0,11616.31,17,13,1,1.16066,1.155,0.0,0.0
2021-11-05,1.15518,1.15733,1.15134,1.15675,51057,1.0,1.0,0.0,11616.31,17,13,1,1.16066,1.155,0.0,0.0
2021-11-08,1.15602,1.1595,1.15506,1.15873,40856,-0.23547044,-0.23547044,0.0,11616.31,17,13,1,1.16066,1.155,0.0,0.0
2021-11-09,1.15852,1.16089,1.15701,1.15944,46947,-0.9976926,-0.9976926,0.0,11570.18,17,14,0,0.0,0.0,0.0,-46.13
2021-11-10,1.15925,1.15953,1.14761,1.14767,59078,0.93978757,0.93978757,0.0,11570.18,17,14,1,1.14767,1.142,0.0,0.0
2021-11-11,1.14783,1.14877,1.1443,1.14493,39593,-0.012164712,-0.012164712,0.0,11570.18,17,14,1,1.14767,1.142,0.0,0.0
2021-11-12,1.145,1.14622,1.1433,1.14438,40787,-1.0,-1.0,0.0,11505.73,17,15,0,0.0,0.0,0.0,-64.45
2021-11-15,1.14459,1.14639,1.13564,1.1367,42661,0.15928608,0.15928608,0.0,11505.73,17,15,0,1.15944,1.176,0.0,0.0
2021-11-16,1.13674,1.13858,1.13094,1.13194,51050,-0.2066501,-0.2066501,0.0,11505.73,17,15,0,1.15944,1.176,0.0,0.0
2021-11-17,1.13203,1.13323,1.12635,1.13189,52882,0.38017276,0.38017276,0.0,11505.73,17,15,0,1.15944,1.176,0.0,0.0
2021-11-18,1.13191,1.13742,1.13138,1.13729,45855,-0.35314238,-0.35314238,0.0,11505.73,17,15,0,1.15944,1.176,0.0,0.0
2021-11-19,1.13673,1.13727,1.12501,1.1282,58803,-1.0,-1.0,0.0,11505.73,17,15,2,1.1282,1.1338,0.0,0.0
2021-11-22,1.12911,1.12911,1.12308,1.12338,56460,0.9787713,0.9787713,0.0,11505.73,17,15,2,1.1282,1.1338,0.0,0.0
2021-11-23,1.12372,1.12752,1.12261,1.1249,57322,-0.72282463,-0.72282463,0.0,11505.73,17,15,2,1.1282,1.1338,0.0,0.0
2021-11-24,1.1248,1.12553,1.11864,1.12006,56217,0.9120719,0.9120719,0.0,11581.55,18,15,0,0.0,0.0,0.0,75.82
2021-11-25,1.11966,1.12298,1.11956,1.12087,28599,0.4520341,0.4520341,0.0,11581.55,18,15,0,1.12006,1.1144,0.0,0.0
2021-11-26,1.12058,1.13308,1.12042,1.13087,75257,-0.8760751,-0.8760751,0.0,11581.55,18,15,2,1.13087,1.1395,0.0,0.0
2021-11-29,1.13014,1.13124,1.12584,1.12918,56344,-1.0,-1.0,0.0,11581.55,18,15,2,1.13087,1.1395,0.0,0.0
2021-11-30,1.12905,1.13829,1.12354,1.13386,76583,0.0911839,0.0911839,0.0,11581.55,18,15,2,1.13087,1.1395,0.0,0.0
2021-12-01,1.13348,1.13597,1.13026,1.13191,65514,-1.0,-1.0,0.0,11581.55,18,15,2,1.13087,1.1395,0.0,0.0
2021-12-02,1.13183,1.13478,1.12953,1.13016,53608,-1.0,-1.0,0.0,11581.55,18,15,2,1.13087,1.1395,0.0,0.0
2021-12-03,1.13007,1.13333,1.12667,1.131,60513,-0.0044148862,-0.0044148862,0.0,11581.55,18,15,2,1.13087,1.1395,0.0,0.0
2021-12-06,1.13043,1.13113,1.12666,1.12852,44292,-0.95861334,-0.95861334,0.0,11581.55,18,15,2,1.13087,1.1395,0.0,0.0
2021-12-07,1.12844,1.12986,1.12274,1.12684,46171,-1.0,-1.0,0.0,11581.55,18,15,2,1.13087,1.1395,0.0,0.0
2021-12-08,1.12685,1.13549,1.12663,1.13416,50445,-1.0,-1.0,0.0,11581.55,18,15,2,1.13087,1.1395,0.0,0.0
2021-12-09,1.13404,1.13454,1.12785,1.12928,42339,0.13918722,0.13918722,0.0,11581.55,18,15,2,1.13087,1.1395,0.0,0.0
2021-12-10,1.1293,1.13241,1.12653,1.13168,44188,0.48729914,0.48729914,0.0,11581.55,18,15,2,1.13087,1.1395,0.0,0.0
2021-12-13,1.13118,1.13194,1.12602,1.12859,37379,-1.0,-1.0,0.0,11581.55,18,15,2,1.13087,1.1395,0.0,0.0
2021-12-14,1.12835,1.13238,1.12538,1.12581,42860,0.54405755,0.54405755,0.0,11634.449999999999,19,15,0,0.0,0.0,0.0,52.9
2021-12-15,1.12589,1.12992,1.12219,1.12942,50589,-1.0,-1.0,0.0,11634.449999999999,19,15,2,1.12942,1.1351,0.0,0.0
2021-12-16,1.12864,1.13604,1.12814,1.13306,51782,-0.14077836,-0.14077836,0.0,11634.449999999999,19,15,2,1.12942,1.1351,0.0,0.0
2021-12-17,1.13299,1.1349,1.1235,1.12353,44881,-0.7513134,-0.7513134,0.0,11634.449999999999,19,15,2,1.12942,1.1351,0.0,0.0
2021-12-20,1.12392,1.13038,1.12348,1.12768,44948,0.3951996,0.3951996,0.0,11634.449999999999,19,15,2,1.12942,1.1351,0.0,0.0
2021-12-21,1.12755,1.13028,1.12609,1.12857,39240,0.9751268,0.9751268,0.0,11674.97,20,15,0,0.0,0.0,0.0,40.52
2021-12-22,1.12872,1.13424,1.12645,1.13272,37855,0.49035954,0.49035954,0.0,11674.97,20,15,0,1.12768,1.1363,0.0,0.0
2021-12-23,1.13262,1.13423,1.12902,1.13264,34503,-1.0,-1.0,0.0,11674.97,20,15,2,1.13264,1.1383,0.0,0.0
2021-12-24,1.1323,1.13435,1.13066,1.13206,28897,-1.0,-1.0,0.0,11674.97,20,15,2,1.13264,1.1383,0.0,0.0
2021-12-27,1.13202,1.13344,1.13029,1.13269,25151,-1.0,-1.0,0.0,11674.97,20,15,2,1.13264,1.1383,0.0,0.0
2021-12-28,1.13271,1.13334,1.12896,1.13085,27333,-1.0,-1.0,0.0,11674.97,20,15,2,1.13264,1.1383,0.0,0.0
2021-12-29,1.13086,1.13688,1.12738,1.13473,35620,-0.1556579,-0.1556579,0.0,11674.97,20,15,2,1.13264,1.1383,0.0,0.0
2021-12-30,1.13471,1.13598,1.12986,1.13257,33796,0.20853007,0.20853007,0.0,11674.97,20,15,2,1.13264,1.1383,0.0,0.0
2021-12-31,1.13215,1.13864,1.13033,1.13847,29205,0.55539083,0.55539083,0.0,11676.599999999999,21,15,0,0.0,0.0,0.0,1.63
2022-01-03,1.13753,1.13784,1.12797,1.12979,39061,-0.7876154,-0.7876154,0.0,11676.599999999999,21,15,2,1.12979,1.1444,0.0,0.0
2022-01-04,1.12959,1.13225,1.12723,1.12874,45435,-0.75715446,-0.75715446,0.0,11676.599999999999,21,15,2,1.12979,1.1444,0.0,0.0
2022-01-05,1.12855,1.13465,1.1277,1.13127,47171,0.71691346,0.71691346,0.0,11676.599999999999,21,15,2,1.12979,1.1444,0.0,0.0
2022-01-06,1.13127,1.13319,1.12847,1.12984,49493,-1.0,-1.0,0.0,11676.599999999999,21,15,2,1.12979,1.1444,0.0,0.0
2022-01-07,1.12966,1.13648,1.12901,1.13613,43019,1.0,1.0,0.0,11675.419999999998,21,16,0,0.0,0.0,0.0,-1.18
2022-01-10,1.13518,1.13609,1.12852,1.13283,45977,-0.46576285,-0.46576285,0.0,11675.419999999998,21,16,0,0.0,0.0,0.0,0.0
2022-01-11,1.13228,1.13751,1.1313,1.13652,45041,-0.82327473,-0.82327473,0.0,11675.419999999998,21,16,2,1.13652,1.1422,0.0,0.0
2022-01-12,1.13655,1.14528,1.13548,1.14414,47224,-0.10561031,-0.10561031,0.0,11675.419999999998,21,16,2,1.13652,1.1422,0.0,0.0
2022-01-13,1.1442,1.14816,1.14359,1.14545,46713,-1.0,-1.0,0.0,11494.689999999999,21,17,0,0.0,0.0,0.0,-180.73
2022-01-14,1.14547,1.14829,1.13986,1.14164,49604,-1.0,-1.0,0.0,11494.689999999999,21,17,2,1.14164,1.1585,0.0,0.0
2022-01-17,1.14135,1.14344,1.13919,1.14062,31685,-0.70461816,-0.70461816,0.0,11494.689999999999,21,17,2,1.14164,1.1585,0.0,0.0
2022-01-18,1.14067,1.14214,1.13147,1.13278,57671,-1.0,-1.0,0.0,11494.689999999999,21,17,2,1.14164,1.1585,0.0,0.0
2022-01-19,1.1321,1.13572,1.1319,1.13422,47070,0.20473325,0.20473325,0.0,11494.689999999999,21,17,2,1.14164,1.1585,0.0,0.0
2022-01-20,1.13412,1.1369,1.13032,1.13106,48565,-0.28240386,-0.28240386,0.0,11494.689999999999,21,17,2,1.14164,1.1585,0.0,0.0
2022-01-21,1.13114,1.13599,1.13009,1.13427,48184,-0.90459543,-0.90459543,0.0,11494.689999999999,21,17,2,1.14164,1.1585,0.0,0.0
2022-01-24,1.13412,1.13451,1.12906,1.13243,53186,-0.3472244,-0.3472244,0.0,11494.689999999999,21,17,2,1.14164,1.1585,0.0,0.0
2022-01-25,1.13244,1.13292,1.12633,1.13016,46372,1.0,1.0,0.0,11707.529999999999,22,17,0,0.0,0.0,0.0,212.84
2022-01-26,1.13015,1.13108,1.12356,1.12416,53606,-0.7999592,-0.7999592,0.0,11707.529999999999,22,17,2,1.12416,1.1365,0.0,0.0
2022-01-27,1.12375,1.12435,1.1132,1.11446,59668,0.7280968,0.7280968,0.0,11707.529999999999,22,17,2,1.12416,1.1365,0.0,0.0
2022-01-28,1.11432,1.11738,1.11215,1.11487,56857,-0.5926383,-0.5926383,0.0,11707.529999999999,22,17,2,1.12416,1.1365,0.0,0.0
2022-01-31,1.1143,1.12478,1.11385,1.1233,53602,0.6954312,0.6954312,0.0,11922.8,23,17,0,0.0,0.0,0.0,215.27
2022-02-01,1.12338,1.12788,1.1221,1.12738,51307,-1.0,-1.0,0.0,11922.8,23,17,2,1.12738,1.1366,0.0,0.0
2022-02-02,1.12677,1.13301,1.12667,1.13045,43481,-0.6081865,-0.6081865,0.0,11922.8,23,17,2,1.12738,1.1366,0.0,0.0
2022-02-03,1.13024,1.14515,1.12674,1.14389,63645,-0.36528105,-0.36528105,0.0,11922.8,23,17,2,1.12738,1.1366,0.0,0.0
2022-02-04,1.14361,1.14839,1.14117,1.14496,63402,1.0,1.0,0.0,11523.019999999999,23,18,0,0.0,0.0,0.0,-399.78
2022-02-07,1.1463,1.14635,1.14151,1.14416,53187,-1.0,-1.0,0.0,11523.019999999999,23,18,2,1.14416,1.1532,0.0,0.0
2022-02-08,1.14419,1.14488,1.13963,1.1417,46123,0.25683272,0.25683272,0.0,11523.019999999999,23,18,2,1.14416,1.1532,0.0,0.0
2022-02-09,1.14149,1.14479,1.14026,1.14225,41763,-0.43289214,-0.43289214,0.0,11523.019999999999,23,18,2,1.14416,1.1532,0.0,0.0
