train/explained_variance,time/fps,time/iterations,time/time_elapsed,train/value_loss,train/policy_loss,train/std,train/learning_rate,train/n_updates,train/entropy_loss,time/total_timesteps,rollout/ep_len_mean,rollout/ep_rew_mean
-247.6791229248047,420,100,1,0.003813354065641761,-0.003368890378624201,0.9839526414871216,0.0007,99,-2.8060595989227295,500,,
-529.1491088867188,450,200,2,0.01569606177508831,0.012722492218017578,0.9832305908203125,0.0007,199,-2.802410840988159,1000,,
-33.91268539428711,459,300,3,0.0005853730835951865,0.018260231241583824,0.9849151968955994,0.0007,299,-2.8076629638671875,1500,1070.0,0.448884
-34.16276931762695,463,400,4,0.0017584742745384574,-0.10958873480558395,0.9862865209579468,0.0007,399,-2.8106765747070312,2000,1070.0,0.448884
-57.74990463256836,466,500,5,0.0004838345048483461,-0.043130841106176376,0.9863541722297668,0.0007,499,-2.8100805282592773,2500,1070.0,0.2667215
-115.2743148803711,468,600,6,0.007593873422592878,-0.20520225167274475,0.9862154722213745,0.0007,599,-2.808990478515625,3000,1070.0,0.2667215
-0.31953108310699463,467,700,7,0.0003784342552535236,0.006029909010976553,0.9853146076202393,0.0007,699,-2.8078556060791016,3500,1070.0,-0.008997999999999987
-8.414764404296875,467,800,8,0.0002825165574904531,-0.024435019120573997,0.9942787885665894,0.0007,799,-2.8264617919921875,4000,1070.0,-0.008997999999999987
-4.420657634735107,467,900,9,0.0013505697716027498,0.02102026157081127,0.9911900758743286,0.0007,899,-2.8205649852752686,4500,1070.0,-0.05057574999999999
-2.124443292617798,467,1000,10,4.698859265772626e-05,0.012069077230989933,0.9931466579437256,0.0007,999,-2.82413387298584,5000,1070.0,-0.05057574999999999
-13.070141792297363,466,1100,11,1.4775277122680563e-05,0.008718892931938171,0.9913985729217529,0.0007,1099,-2.8202455043792725,5500,1070.0,0.021070200000000004
-30.06578826904297,465,1200,12,0.00026085771969519556,0.014555908739566803,0.9960427284240723,0.0007,1199,-2.8293752670288086,6000,1070.0,0.021070200000000004
0.4707311987876892,463,1300,14,0.00016705963935237378,0.007632933557033539,0.9933688044548035,0.0007,1299,-2.8239221572875977,6500,1070.0,-0.07803516666666667
-544.1271362304688,461,1400,15,0.00020243982726242393,-0.03475797548890114,0.9956414699554443,0.0007,1399,-2.8281869888305664,7000,1070.0,-0.07803516666666667
-67.77255249023438,458,1500,16,0.00019222794799134135,0.03231469541788101,0.9903333783149719,0.0007,1499,-2.8179893493652344,7500,1070.0,-0.03177842857142857
-1.0700829029083252,457,1600,17,4.8595502448733896e-05,0.007527939509600401,0.993211030960083,0.0007,1599,-2.8235280513763428,8000,1070.0,-0.03177842857142857
-10672.4140625,455,1700,18,0.0005049772444181144,0.01966988854110241,1.0007628202438354,0.0007,1699,-2.837888717651367,8500,1070.0,-0.03177842857142857
-5582.53515625,454,1800,19,4.624853318091482e-05,-0.01511829998344183,0.9981493949890137,0.0007,1799,-2.832897901535034,9000,1070.0,0.005900124999999992
0.20994096994400024,453,1900,20,0.0006949222879484296,0.06830484420061111,1.0023260116577148,0.0007,1899,-2.8411576747894287,9500,1070.0,0.005900124999999992
-0.07745575904846191,451,2000,22,0.0015202173963189125,-0.05277952179312706,1.0128830671310425,0.0007,1999,-2.8592844009399414,10000,1070.0,-0.03694600000000001
-0.6683741807937622,450,2100,23,0.00034303893335163593,0.020812558010220528,1.0205525159835815,0.0007,2099,-2.875629425048828,10500,1070.0,-0.03694600000000001
-0.04183995723724365,449,2200,24,0.002038579434156418,0.05579259991645813,1.0173741579055786,0.0007,2199,-2.8679332733154297,11000,1070.0,-0.02051910000000001
-7.559514045715332,448,2300,25,6.556785956490785e-05,0.021982470527291298,1.0127521753311157,0.0007,2299,-2.859574317932129,11500,1070.0,-0.02051910000000001
0.07638043165206909,448,2400,26,5.3641877457266673e-05,0.0166462454944849,1.0159204006195068,0.0007,2399,-2.8645179271698,12000,1070.0,-0.06447809090909092
-0.021711111068725586,447,2500,27,0.0007508103735744953,-0.04762226715683937,1.0257381200790405,0.0007,2499,-2.882657051086426,12500,1070.0,-0.06447809090909092
-4.0037336349487305,447,2600,29,8.076043013716117e-05,-0.021071016788482666,1.0327037572860718,0.0007,2599,-2.897955894470215,13000,1070.0,-0.039345750000000006
-2.0581750869750977,446,2700,30,8.447333675576374e-05,0.01398942805826664,1.036851406097412,0.0007,2699,-2.906304121017456,13500,1070.0,-0.039345750000000006
-9.79004192352295,446,2800,31,6.711524747515796e-06,-0.003707777475938201,1.039780855178833,0.0007,2799,-2.9118354320526123,14000,1070.0,-0.05341592307692308
-74.32052612304688,445,2900,32,2.755067907855846e-05,-0.004982693120837212,1.0447572469711304,0.0007,2899,-2.9201841354370117,14500,1070.0,-0.05341592307692308
-0.1854618787765503,445,3000,33,0.00025357326376251876,-0.026523372158408165,1.0520401000976562,0.0007,2999,-2.93341326713562,15000,1070.0,-0.05210800000000001
-11.291878700256348,444,3100,34,1.466344838263467e-05,-0.006571144796907902,1.0509765148162842,0.0007,3099,-2.932154417037964,15500,1070.0,-0.05210800000000001
-0.6275885105133057,444,3200,35,0.00018416256352793425,0.0007805768400430679,1.061836838722229,0.0007,3199,-2.953324317932129,16000,1070.0,-0.05210800000000001
-202.4186248779297,443,3300,37,0.00013611004396807402,-0.03745725378394127,1.0656594038009644,0.0007,3299,-2.9609813690185547,16500,1070.0,-0.013539000000000013
-0.32747340202331543,443,3400,38,0.00012938768486492336,-0.0023328319657593966,1.0675541162490845,0.0007,3399,-2.9644484519958496,17000,1070.0,-0.013539000000000013
-6.735233783721924,443,3500,39,3.7972564314259216e-05,-0.005646044854074717,1.0688081979751587,0.0007,3499,-2.9665355682373047,17500,1070.0,-0.0017124375000000108
-27.56142234802246,442,3600,40,5.037930895923637e-05,0.009194986894726753,1.072572946548462,0.0007,3599,-2.973261833190918,18000,1070.0,-0.0017124375000000108
0.13211607933044434,441,3700,41,0.0007724217721261084,-0.057020749896764755,1.0760753154754639,0.0007,3699,-2.980250120162964,18500,1070.0,0.004786941176470578
0.0630308985710144,441,3800,43,0.0008981394930742681,0.09516419470310211,1.0816335678100586,0.0007,3799,-2.9895968437194824,19000,1070.0,0.004786941176470578
-5.427611827850342,441,3900,44,0.0002702450437936932,0.061228156089782715,1.0881637334823608,0.0007,3899,-3.0022501945495605,19500,1070.0,-0.018262722222222232
-0.45675909519195557,440,4000,45,0.00010549878788879141,-0.025129199028015137,1.0883042812347412,0.0007,3999,-3.003840446472168,20000,1070.0,-0.018262722222222232
0.05232173204421997,440,4100,46,0.0009025463950820267,0.08806215971708298,1.0906330347061157,0.0007,4099,-3.0078115463256836,20500,1070.0,-0.012584894736842114
-0.5719196796417236,438,4200,47,1.4565454875992145e-05,-0.00937131978571415,1.0901379585266113,0.0007,4199,-3.006889820098877,21000,1070.0,-0.012584894736842114
-3.404139995574951,435,4300,49,0.00045938321272842586,0.040320973843336105,1.0925203561782837,0.0007,4299,-3.0101001262664795,21500,1070.0,-0.0371172
-30.708236694335938,433,4400,50,3.716676656040363e-05,-0.00927616748958826,1.098639965057373,0.0007,4399,-3.0230178833007812,22000,1070.0,-0.0371172
-0.3616511821746826,431,4500,52,5.046845762990415e-05,-0.007691122125834227,1.1018699407577515,0.0007,4499,-3.028189182281494,22500,1070.0,-0.048851476190476195
-0.018166303634643555,428,4600,53,0.0006858129054307938,0.002529328456148505,1.1014735698699951,0.0007,4599,-3.0268771648406982,23000,1070.0,-0.048851476190476195
-52.14296340942383,426,4700,55,0.00017102753918152303,-0.02163523994386196,1.1008756160736084,0.0007,4699,-3.026869773864746,23500,1070.0,-0.048851476190476195
0.11557376384735107,425,4800,56,2.3909635274321772e-05,0.011771037243306637,1.0961341857910156,0.0007,4799,-3.0168914794921875,24000,1070.0,-0.02875027272727273
0.5844603180885315,423,4900,57,0.0011819185456261039,-0.12102245539426804,1.0951521396636963,0.0007,4899,-3.0164825916290283,24500,1070.0,-0.02875027272727273
0.41919422149658203,421,5000,59,8.633216930320486e-05,-0.029229748994112015,1.0860719680786133,0.0007,4999,-2.9983835220336914,25000,1070.0,-0.023999391304347827
-0.5497243404388428,419,5100,60,0.0008549041231162846,-0.08349647372961044,1.0804860591888428,0.0007,5099,-2.988995313644409,25500,1070.0,-0.023999391304347827
-0.15073657035827637,418,5200,62,0.0006140703335404396,-0.039378490298986435,1.0748122930526733,0.0007,5199,-2.97507381439209,26000,1070.0,-0.029917500000000003
-42.469505310058594,416,5300,63,3.005897451657802e-05,0.007401912938803434,1.076967477798462,0.0007,5299,-2.9807910919189453,26500,1070.0,-0.029917500000000003
0.09798675775527954,415,5400,65,8.996476390166208e-05,0.018963593989610672,1.0775578022003174,0.0007,5399,-2.9826951026916504,27000,1070.0,-0.018796280000000002
-0.11625158786773682,414,5500,66,0.0009576797601766884,-0.08105742931365967,1.0710948705673218,0.0007,5499,-2.97072172164917,27500,1070.0,-0.018796280000000002
-0.09682130813598633,412,5600,67,0.0004392143455334008,-0.038239169865846634,1.0740480422973633,0.0007,5599,-2.9752681255340576,28000,1070.0,-0.030430730769230772
-2.193399667739868,411,5700,69,6.782266609661747e-06,-0.00675733108073473,1.073373556137085,0.0007,5699,-2.974552869796753,28500,1070.0,-0.030430730769230772
-6.295009613037109,409,5800,70,5.630791565636173e-05,-0.01669141836464405,1.0753583908081055,0.0007,5799,-2.9779374599456787,29000,1070.0,-0.04378285185185185
-0.3457612991333008,409,5900,72,0.00015494188119191676,-0.031338658183813095,1.0660438537597656,0.0007,5899,-2.95900821685791,29500,1070.0,-0.04378285185185185
-0.073630690574646,407,6000,73,0.0002351503644604236,-0.026686901226639748,1.0673391819000244,0.0007,5999,-2.9615817070007324,30000,1070.0,-0.013362642857142856
-0.5326273441314697,406,6100,74,0.0007031151908449829,-0.07261668890714645,1.0663325786590576,0.0007,6099,-2.9596285820007324,30500,1070.0,-0.013362642857142856
0.001607358455657959,406,6200,76,0.0004946539993397892,0.06154688075184822,1.0607792139053345,0.0007,6199,-2.947932720184326,31000,1070.0,-0.013362642857142856
-17.036487579345703,406,6300,77,1.8555949736764887e-06,-0.001195108867250383,1.0609517097473145,0.0007,6299,-2.9483795166015625,31500,1070.0,-0.021656896551724137
-0.3947850465774536,406,6400,78,0.0006074780249036849,0.05527728423476219,1.0611516237258911,0.0007,6399,-2.9497432708740234,32000,1070.0,-0.021656896551724137
-0.0045729875564575195,407,6500,79,5.226946814218536e-05,0.006775498390197754,1.0649148225784302,0.0007,6499,-2.9573893547058105,32500,1070.0,-0.010888433333333333
-0.004094719886779785,407,6600,80,2.574910467956215e-05,-0.007260422687977552,1.0629547834396362,0.0007,6599,-2.9535694122314453,33000,1070.0,-0.010888433333333333
-0.07679855823516846,407,6700,82,0.0001390095567330718,-0.03234584257006645,1.0699654817581177,0.0007,6699,-2.9674105644226074,33500,1070.0,-0.012002806451612901
-0.06772494316101074,408,6800,83,0.0015086678322404623,0.08581224083900452,1.0673747062683105,0.0007,6799,-2.962306022644043,34000,1070.0,-0.012002806451612901
-87.79096984863281,408,6900,84,0.0034659074153751135,-0.2026098221540451,1.0637633800506592,0.0007,6899,-2.9567155838012695,34500,1070.0,-0.025644093749999992
0.299365758895874,408,7000,85,5.672934275935404e-05,-0.008995666168630123,1.0609616041183472,0.0007,6999,-2.9476284980773926,35000,1070.0,-0.025644093749999992
-0.3120964765548706,409,7100,86,0.00036178191658109426,0.058984171599149704,1.0566270351409912,0.0007,7099,-2.938722610473633,35500,1070.0,-0.002806909090909082
-9.462267875671387,409,7200,87,1.1867891771544237e-05,0.010606460273265839,1.053376317024231,0.0007,7199,-2.9340660572052,36000,1070.0,-0.002806909090909082
0.19744139909744263,409,7300,89,4.912163058179431e-05,-0.011528496630489826,1.058423638343811,0.0007,7299,-2.942613124847412,36500,1070.0,-0.007829470588235285
0.1184270977973938,409,7400,90,0.00026109814643859863,0.03362502530217171,1.0674437284469604,0.0007,7399,-2.959256172180176,37000,1070.0,-0.007829470588235285
-8.583048820495605,409,7500,91,0.0008512092172168195,-0.0746692344546318,1.068204402923584,0.0007,7499,-2.9604790210723877,37500,1070.0,-0.0008377714285714203
-0.013199806213378906,410,7600,92,0.0008945332956500351,-0.07300218939781189,1.067295789718628,0.0007,7599,-2.9603493213653564,38000,1070.0,-0.0008377714285714203
-8.303503036499023,410,7700,93,1.4519911019306164e-05,0.003461020765826106,1.075194001197815,0.0007,7699,-2.9736595153808594,38500,1070.0,-0.0008377714285714203
0.011954247951507568,410,7800,94,0.00010719245619839057,-0.017225172370672226,1.0789227485656738,0.0007,7799,-2.9788808822631836,39000,1070.0,0.007645472222222231
-0.7188421487808228,410,7900,96,3.233068491681479e-05,-0.0015031024813652039,1.0871505737304688,0.0007,7899,-2.994218587875366,39500,1070.0,0.007645472222222231
-0.02732396125793457,411,8000,97,0.00031973846489563584,-0.05136746168136597,1.0792183876037598,0.0007,7999,-2.9796462059020996,40000,1070.0,-0.005005999999999992
-12.444357872009277,411,8100,98,1.0261479474138469e-05,-0.0037955560255795717,1.0806410312652588,0.0007,8099,-2.982675552368164,40500,1070.0,-0.005005999999999992
-0.15267539024353027,411,8200,99,0.00010323611058993265,-0.01725129596889019,1.0800037384033203,0.0007,8199,-2.981835126876831,41000,1070.0,-0.010469894736842098
-2.9431958198547363,411,8300,100,0.000154988476424478,-0.03247158229351044,1.0773184299468994,0.0007,8299,-2.975964069366455,41500,1070.0,-0.010469894736842098
-0.5021300315856934,411,8400,101,1.154562323790742e-05,-0.008445673622190952,1.072530746459961,0.0007,8399,-2.967175245285034,42000,1070.0,-0.021268897435897428
-1.0080878734588623,412,8500,103,0.00017955586372409016,-0.03525238111615181,1.0678019523620605,0.0007,8499,-2.957634925842285,42500,1070.0,-0.021268897435897428
-0.17947590351104736,412,8600,104,0.00017163534357678145,-0.03026762045919895,1.064663290977478,0.0007,8599,-2.9520974159240723,43000,1070.0,-0.014485699999999995
0.0024245381355285645,412,8700,105,0.001037327921949327,-0.0872536450624466,1.0686026811599731,0.0007,8699,-2.9599862098693848,43500,1070.0,-0.014485699999999995
-0.1409991979598999,412,8800,106,0.0006737261428497732,-0.05098520591855049,1.0820770263671875,0.0007,8799,-2.980905055999756,44000,1070.0,-0.015924682926829265
0.025934159755706787,412,8900,107,0.0014158302219584584,-0.10527487099170685,1.083053469657898,0.0007,8899,-2.9843976497650146,44500,1070.0,-0.015924682926829265
0.0025218725204467773,411,9000,109,0.0011240270687267184,0.05142655596137047,1.0898045301437378,0.0007,8999,-2.9965624809265137,45000,1070.0,-0.01190833333333333
-0.04287612438201904,411,9100,110,0.0017391929868608713,-0.07618286460638046,1.0948166847229004,0.0007,9099,-3.002962827682495,45500,1070.0,-0.01190833333333333
-8.002424240112305,411,9200,111,0.00018325855489820242,-0.028501009568572044,1.1042567491531372,0.0007,9199,-3.020519971847534,46000,1070.0,-0.01190833333333333
0.060704052448272705,411,9300,112,0.00014134748198557645,0.021785076707601547,1.1073435544967651,0.0007,9299,-3.025860548019409,46500,1070.0,-0.010921465116279068
-28.088590621948242,411,9400,114,2.335150020371657e-05,-0.012601891532540321,1.108476161956787,0.0007,9399,-3.026412010192871,47000,1070.0,-0.010921465116279068
0.051805078983306885,411,9500,115,0.0011380341602489352,-0.1239233985543251,1.109370470046997,0.0007,9499,-3.0312812328338623,47500,1070.0,-0.011572840909090908
0.21170121431350708,411,9600,116,0.0007672632928006351,-0.09575387090444565,1.1103003025054932,0.0007,9599,-3.0300326347351074,48000,1070.0,-0.011572840909090908
-44.58976745605469,410,9700,118,9.138286259258166e-06,-0.005988941062241793,1.1205624341964722,0.0007,9699,-3.0469675064086914,48500,1070.0,-0.017345199999999998
0.36230039596557617,410,9800,119,4.2183510231552646e-05,0.018001079559326172,1.1210582256317139,0.0007,9799,-3.044625759124756,49000,1070.0,-0.017345199999999998
-5.992811679840088,410,9900,120,4.438356336322613e-05,-0.017760828137397766,1.1292191743850708,0.0007,9899,-3.0588955879211426,49500,1070.0,-0.017717391304347824
-2.2307229042053223,410,10000,121,5.833165687363362e-06,-0.004615406971424818,1.121678113937378,0.0007,9999,-3.046248197555542,50000,1070.0,-0.017717391304347824
-2.740457534790039,410,10100,123,8.053079909586813e-06,-0.007783846464008093,1.1145694255828857,0.0007,10099,-3.0353903770446777,50500,1070.0,-0.014244489361702124
-2.130924940109253,410,10200,124,1.4268365703173913e-05,-0.009445123374462128,1.1185336112976074,0.0007,10199,-3.042675495147705,51000,1070.0,-0.014244489361702124
0.04918789863586426,409,10300,125,0.0018398966640233994,0.052349697798490524,1.1192835569381714,0.0007,10299,-3.049121618270874,51500,1070.0,-0.0033358333333333317
-57.53981399536133,409,10400,126,6.982841568969889e-06,0.004789887927472591,1.124813437461853,0.0007,10399,-3.055783271789551,52000,1070.0,-0.0033358333333333317
-33.63059997558594,409,10500,128,5.878602314624004e-05,-0.0004331313248258084,1.1301466226577759,0.0007,10499,-3.0661439895629883,52500,1070.0,-0.006402816326530611
-11.127463340759277,409,10600,129,2.475231849530246e-05,-0.005427914205938578,1.141379714012146,0.0007,10599,-3.086939811706543,53000,1070.0,-0.006402816326530611
0.8494244515895844,409,10700,130,1.0892405953200068e-05,0.00969618372619152,1.1437468528747559,0.0007,10699,-3.091404438018799,53500,1070.0,-0.0034560999999999993
-0.78859543800354,409,10800,131,0.00015777559019625187,0.03769868239760399,1.1387457847595215,0.0007,10799,-3.082321882247925,54000,1070.0,-0.0034560999999999993
-15.816957473754883,408,10900,133,0.00011504672147566453,0.04266111180186272,1.146237850189209,0.0007,10899,-3.0927555561065674,54500,1070.0,-0.0034560999999999993
-0.4213244915008545,408,11000,134,1.54285880853422e-05,-0.004173879511654377,1.1375622749328613,0.0007,10999,-3.0777015686035156,55000,1070.0,-0.006580980392156863
0.262473464012146,408,11100,135,7.727572665316984e-05,0.025104155763983727,1.1439008712768555,0.0007,11099,-3.089543104171753,55500,1070.0,-0.006580980392156863
0.18329781293869019,408,11200,137,0.0003522598708514124,-0.04483651742339134,1.1431498527526855,0.0007,11199,-3.0882983207702637,56000,1070.0,-0.011331692307692308
-0.39011621475219727,408,11300,138,0.00022389405057765543,0.043546199798583984,1.14312744140625,0.0007,11299,-3.0882186889648438,56500,1070.0,-0.011331692307692308
0.002803981304168701,409,11400,139,1.1812892807938624e-05,-0.005754570011049509,1.1412750482559204,0.0007,11399,-3.084127902984619,57000,1070.0,-0.00928888679245283
-0.38342010974884033,409,11500,140,0.00010173563350690529,-0.017618326470255852,1.148226261138916,0.0007,11499,-3.095362424850464,57500,1070.0,-0.00928888679245283
-2.9363462924957275,409,11600,141,0.00012097201397409663,-0.02877585031092167,1.148313283920288,0.0007,11599,-3.0947413444519043,58000,1070.0,-0.007059055555555555
0.27778035402297974,409,11700,142,0.00014740131155122072,-0.01939450204372406,1.1474257707595825,0.0007,11699,-3.09218692779541,58500,1070.0,-0.007059055555555555
-0.31136059761047363,409,11800,143,0.0010332626989111304,0.05208447203040123,1.145110845565796,0.0007,11799,-3.093017101287842,59000,1070.0,-0.0018015090909090906
-6.321977138519287,410,11900,145,3.359201582497917e-05,0.00830820482224226,1.143455982208252,0.0007,11899,-3.0896754264831543,59500,1070.0,-0.0018015090909090906
0.03950989246368408,410,12000,146,0.0009102962212637067,-0.1058882623910904,1.1349668502807617,0.0007,11999,-3.077239751815796,60000,1070.0,0.009343089285714288
-5.002774715423584,410,12100,147,5.047616650699638e-05,-0.019462913274765015,1.1292414665222168,0.0007,12099,-3.065072774887085,60500,1070.0,0.009343089285714288
-5.0192694664001465,410,12200,148,5.9965743275824934e-05,0.01993597112596035,1.1341749429702759,0.0007,12199,-3.073652982711792,61000,1070.0,0.011902438596491231
-0.19190776348114014,410,12300,149,4.865717528446112e-06,-0.006811197847127914,1.1272456645965576,0.0007,12299,-3.06235408782959,61500,1070.0,0.011902438596491231
-3.9964494705200195,410,12400,150,4.736461050924845e-06,0.0034980610944330692,1.1255096197128296,0.0007,12399,-3.0577521324157715,62000,1070.0,0.011902438596491231
-0.02077770233154297,410,12500,152,0.0007788416114635766,-0.06622868031263351,1.1202789545059204,0.0007,12499,-3.050440788269043,62500,1070.0,0.0212301551724138
-5.3232102394104,411,12600,153,4.4857542889076285e-06,0.0041532632894814014,1.1206427812576294,0.0007,12599,-3.0541744232177734,63000,1070.0,0.0212301551724138
-0.013378024101257324,411,12700,154,0.0015197035390883684,-0.08075087517499924,1.1285676956176758,0.0007,12699,-3.0682334899902344,63500,1070.0,0.015409406779661022
-0.6248472929000854,411,12800,155,0.00018639939662534744,0.030115121975541115,1.1453886032104492,0.0007,12799,-3.0976028442382812,64000,1070.0,0.015409406779661022
0.12827765941619873,411,12900,156,0.0002467508311383426,0.047590289264917374,1.1382718086242676,0.0007,12899,-3.0857932567596436,64500,1070.0,0.014687883333333339
0.2344590425491333,411,13000,157,0.00031281090923585,0.05020463094115257,1.1416332721710205,0.0007,12999,-3.09234881401062,65000,1070.0,0.014687883333333339
-4787.015625,411,13100,159,3.9325395846390165e-06,-0.0016181387472897768,1.1523666381835938,0.0007,13099,-3.111065626144409,65500,1070.0,0.012444409836065578
-3.8523473739624023,411,13200,160,0.0023661756422370672,0.13492967188358307,1.152456283569336,0.0007,13199,-3.112267255783081,66000,1070.0,0.012444409836065578
-0.17070627212524414,412,13300,161,0.0001334705448243767,0.018291914835572243,1.159240484237671,0.0007,13299,-3.122823715209961,66500,1070.0,0.009540758064516134
0.2416698932647705,412,13400,162,0.0010901604546234012,-0.09662020206451416,1.166609287261963,0.0007,13399,-3.134815216064453,67000,1070.0,0.009540758064516134
0.0163915753364563,412,13500,163,0.0007020124467089772,-0.05078519508242607,1.1770286560058594,0.0007,13499,-3.1515674591064453,67500,1070.0,0.000818269841269845
-1.1994214057922363,412,13600,164,0.00033747340785339475,-0.041514914482831955,1.173442006111145,0.0007,13599,-3.145667552947998,68000,1070.0,0.000818269841269845
-0.12799382209777832,412,13700,166,0.00046552298590540886,0.04099411889910698,1.1782137155532837,0.0007,13699,-3.158301830291748,68500,1070.0,-0.0054780156249999955
-0.6401263475418091,412,13800,167,6.373523774527712e-06,0.00472470885142684,1.1879727840423584,0.0007,13799,-3.172513484954834,69000,1070.0,-0.0054780156249999955
-105.60923767089844,412,13900,168,0.006268702447414398,0.2340705841779709,1.186795949935913,0.0007,13899,-3.1730830669403076,69500,1070.0,-0.0054780156249999955
0.22726064920425415,411,14000,169,7.100859511410818e-05,-0.031585659831762314,1.1908307075500488,0.0007,13999,-3.1789627075195312,70000,1070.0,-0.0076325999999999955
-0.8427999019622803,411,14100,171,0.00013668228348251432,0.05226535350084305,1.1923620700836182,0.0007,14099,-3.179133415222168,70500,1070.0,-0.0076325999999999955
-4.544814109802246,411,14200,172,5.279635388433235e-06,0.0005417979555204511,1.1926487684249878,0.0007,14199,-3.1823489665985107,71000,1070.0,-0.009698499999999995
0.6021723449230194,411,14300,173,2.098734057653928e-06,0.0022212944459170103,1.188888669013977,0.0007,14299,-3.1752166748046875,71500,1070.0,-0.009698499999999995
-0.0554581880569458,411,14400,175,0.0014102364657446742,0.09498361498117447,1.1910359859466553,0.0007,14399,-3.1798620223999023,72000,1070.0,-0.014253776119402982
0.06850659847259521,411,14500,176,0.0015628252876922488,-0.12638001143932343,1.1935782432556152,0.0007,14499,-3.1839759349823,72500,1070.0,-0.014253776119402982
-0.7477790117263794,410,14600,177,2.023629167524632e-05,0.014124843291938305,1.1944711208343506,0.0007,14599,-3.183544874191284,73000,1070.0,-0.015815691176470584
-1.1308135986328125,410,14700,178,0.0006383632426150143,-0.07272156327962875,1.1986836194992065,0.0007,14699,-3.190305471420288,73500,1070.0,-0.015815691176470584
0.14167213439941406,410,14800,180,5.587064879364334e-05,-0.019605794921517372,1.2017993927001953,0.0007,14799,-3.196465492248535,74000,1070.0,-0.010697115942028981
-9.89025592803955,410,14900,181,9.078496805159375e-05,0.022807741537690163,1.191904902458191,0.0007,14899,-3.1804404258728027,74500,1070.0,-0.010697115942028981
-0.02367079257965088,410,15000,182,0.008619015105068684,0.2878662645816803,1.1830494403839111,0.0007,14999,-3.1636855602264404,75000,1070.0,-0.014809114285714282
-28.6905574798584,409,15100,184,3.686974014271982e-05,0.0006082933396100998,1.1779518127441406,0.0007,15099,-3.157578229904175,75500,1070.0,-0.014809114285714282
-8.24013614654541,409,15200,185,1.2061304914823268e-05,0.009966866113245487,1.1769390106201172,0.0007,15199,-3.157660484313965,76000,1070.0,-0.015178676056338023
0.3419097065925598,409,15300,186,5.45598340977449e-05,-0.01724783144891262,1.182904601097107,0.0007,15299,-3.1670520305633545,76500,1070.0,-0.015178676056338023
-0.9735457897186279,409,15400,188,0.00036899669794365764,0.048829056322574615,1.1848132610321045,0.0007,15399,-3.1713976860046387,77000,1070.0,-0.015178676056338023
0.0012924671173095703,409,15500,189,0.00022296635142993182,0.03885825723409653,1.1932276487350464,0.0007,15499,-3.184635877609253,77500,1070.0,-0.012789222222222217
0.7299571335315704,409,15600,190,6.788924110878725e-06,0.005632531829178333,1.1917073726654053,0.0007,15599,-3.1833510398864746,78000,1070.0,-0.012789222222222217
-13.70701789855957,408,15700,191,1.6792144378996454e-05,-0.00840702559798956,1.1934776306152344,0.0007,15699,-3.1843039989471436,78500,1070.0,-0.017235561643835613
-0.3144439458847046,408,15800,193,0.00021680844656657428,0.05043524503707886,1.196325421333313,0.0007,15799,-3.187758207321167,79000,1070.0,-0.017235561643835613
0.2084464430809021,408,15900,194,0.0011975122615695,-0.06496644020080566,1.2029728889465332,0.0007,15899,-3.1972198486328125,79500,1070.0,-0.01708101351351351
0.10963404178619385,408,16000,195,0.000826976087410003,0.07075848430395126,1.2003121376037598,0.0007,15999,-3.1960978507995605,80000,1070.0,-0.01708101351351351
0.14991426467895508,408,16100,197,0.0003136706945952028,0.05546374246478081,1.1976665258407593,0.0007,16099,-3.1885852813720703,80500,1070.0,-0.012190839999999996
-1.035494327545166,408,16200,198,4.64923468825873e-05,-0.0188553836196661,1.1985228061676025,0.0007,16199,-3.191859483718872,81000,1070.0,-0.012190839999999996
-2.136627197265625,407,16300,199,7.337199349422008e-05,0.024414191022515297,1.194507360458374,0.0007,16299,-3.1861579418182373,81500,1070.0,-0.013893828947368417
-0.06102180480957031,407,16400,201,0.0001580313255544752,0.027297914028167725,1.1896932125091553,0.0007,16399,-3.1794910430908203,82000,1070.0,-0.013893828947368417
-0.18193435668945312,407,16500,202,0.0003006539191119373,0.02404952235519886,1.1871567964553833,0.0007,16499,-3.173079490661621,82500,1070.0,-0.013494883116883112
0.33885276317596436,407,16600,203,0.0003093497653026134,0.0361298993229866,1.1942170858383179,0.0007,16599,-3.1865527629852295,83000,1070.0,-0.013494883116883112
0.09087681770324707,407,16700,205,0.0011202895548194647,-0.07180716842412949,1.1929023265838623,0.0007,16699,-3.1811132431030273,83500,1070.0,-0.012043282051282047
-0.11416745185852051,407,16800,206,0.0011356623144820333,0.12349056452512741,1.2035551071166992,0.0007,16799,-3.1970040798187256,84000,1070.0,-0.012043282051282047
-1.3680107593536377,406,16900,207,6.656577170360833e-05,0.018267041072249413,1.201158046722412,0.0007,16899,-3.1952903270721436,84500,1070.0,-0.012043282051282047
-6.893008232116699,406,17000,208,3.9491798816015944e-05,-0.015624016523361206,1.2095940113067627,0.0007,16999,-3.2088851928710938,85000,1070.0,-0.013376962025316451
0.018186092376708984,406,17100,210,0.00022745055321138352,0.021071044728159904,1.2148146629333496,0.0007,17099,-3.2189528942108154,85500,1070.0,-0.013376962025316451
0.17942923307418823,406,17200,211,0.0007428881945088506,-0.09103041887283325,1.2103265523910522,0.0007,17199,-3.213954210281372,86000,1070.0,-0.015510762499999997
-16.260595321655273,406,17300,212,0.00026465640985406935,-0.04808370769023895,1.2094463109970093,0.0007,17299,-3.209956407546997,86500,1070.0,-0.015510762499999997
-0.27451300621032715,406,17400,213,2.765071803878527e-05,0.011291805654764175,1.2007708549499512,0.0007,17399,-3.1947591304779053,87000,1070.0,-0.017114679012345674
-0.37468528747558594,406,17500,215,0.0004048772098030895,0.036105070263147354,1.2019891738891602,0.0007,17499,-3.197232723236084,87500,1070.0,-0.017114679012345674
-0.05598187446594238,406,17600,216,0.0005209286464378238,0.05833176523447037,1.2065136432647705,0.0007,17599,-3.2054314613342285,88000,1070.0,-0.016298560975609753
-0.4067171812057495,406,17700,217,0.00033248422550968826,0.05085582658648491,1.2005414962768555,0.0007,17699,-3.194753646850586,88500,1070.0,-0.016298560975609753
0.6018894016742706,406,17800,218,0.0001575440401211381,0.03805616870522499,1.1976373195648193,0.0007,17799,-3.190453052520752,89000,1070.0,-0.022413228915662647
0.030659139156341553,406,17900,220,0.0014103365829214454,0.13196173310279846,1.1894381046295166,0.0007,17899,-3.177102565765381,89500,1070.0,-0.022413228915662647
-2.48435378074646,406,18000,221,4.5114406930224504e-06,0.005178567487746477,1.1877448558807373,0.0007,17999,-3.174771308898926,90000,1070.0,-0.02604283333333333
-2.7762649059295654,405,18100,222,0.0001885964156826958,-0.01864311471581459,1.193005084991455,0.0007,18099,-3.18399977684021,90500,1070.0,-0.02604283333333333
-0.18788886070251465,405,18200,224,0.0006042923778295517,-0.07253118604421616,1.1876481771469116,0.0007,18199,-3.175034761428833,91000,1070.0,-0.026368235294117644
0.3838563561439514,405,18300,225,0.0003175951715093106,-0.05309464409947395,1.1803698539733887,0.0007,18299,-3.1620006561279297,91500,1070.0,-0.026368235294117644
-0.5969513654708862,405,18400,226,3.518921948852949e-05,-0.013359623029828072,1.1803569793701172,0.0007,18399,-3.1605653762817383,92000,1070.0,-0.026368235294117644
-0.32161247730255127,405,18500,228,7.611052569700405e-05,-0.02337661385536194,1.1793310642242432,0.0007,18499,-3.1598961353302,92500,1070.0,-0.01987413953488372
-22.340190887451172,405,18600,229,7.280348199856235e-06,0.0016449115937575698,1.1758296489715576,0.0007,18599,-3.1551198959350586,93000,1070.0,-0.01987413953488372
-0.7738308906555176,405,18700,230,1.0700940947572235e-05,0.007600449025630951,1.1834297180175781,0.0007,18699,-3.1689958572387695,93500,1070.0,-0.012615586206896548
-4.644597053527832,406,18800,231,1.493329182267189e-05,0.008376674726605415,1.1926649808883667,0.0007,18799,-3.1839072704315186,94000,1070.0,-0.012615586206896548
-0.13107287883758545,406,18900,232,0.0002049410541076213,-0.03862593322992325,1.1864817142486572,0.0007,18899,-3.174328565597534,94500,1070.0,-0.014847511363636353
-1.1222541332244873,406,19000,233,0.00029780404292978346,-0.05187547951936722,1.1829078197479248,0.0007,18999,-3.168083906173706,95000,1070.0,-0.014847511363636353
0.06906640529632568,406,19100,235,9.960036550182849e-05,-0.016262998804450035,1.1857008934020996,0.0007,19099,-3.1712207794189453,95500,1070.0,-0.016274303370786506
-0.1669226884841919,406,19200,236,0.00012273890024516732,-0.02381785586476326,1.1862618923187256,0.0007,19199,-3.1722781658172607,96000,1070.0,-0.016274303370786506
-3.323791027069092,406,19300,237,0.00011606667976593599,-0.030192459002137184,1.185136318206787,0.0007,19299,-3.1683592796325684,96500,1070.0,-0.017380211111111103
0.28622496128082275,406,19400,238,0.001366051146760583,-0.10331875085830688,1.1842987537384033,0.0007,19399,-3.1655097007751465,97000,1070.0,-0.017380211111111103
-0.08387482166290283,406,19500,239,7.067117985570803e-05,0.01957988180220127,1.1809678077697754,0.0007,19499,-3.160931348800659,97500,1070.0,-0.018277175824175814
-0.044953346252441406,406,19600,240,0.0010877795284613967,-0.08145211637020111,1.1681039333343506,0.0007,19599,-3.1392452716827393,98000,1070.0,-0.018277175824175814
-0.3242284059524536,406,19700,242,0.00025461497716605663,-0.01663222536444664,1.166536808013916,0.0007,19699,-3.1391143798828125,98500,1070.0,-0.02383414130434782
0.5049525797367096,406,19800,243,2.3362959836958908e-05,0.014812556095421314,1.165639877319336,0.0007,19799,-3.136857032775879,99000,1070.0,-0.02383414130434782
-0.2632197141647339,407,19900,244,0.0003331922634970397,-0.03957979753613472,1.158737301826477,0.0007,19899,-3.1238741874694824,99500,1070.0,-0.02383414130434782
-0.8759554624557495,407,20000,245,8.470992179354653e-05,-0.017976999282836914,1.149782657623291,0.0007,19999,-3.1102778911590576,100000,1070.0,-0.03614496774193548
-0.025679707527160645,407,20100,246,0.0006671911687590182,0.060277342796325684,1.1506564617156982,0.0007,20099,-3.111478328704834,100500,1070.0,-0.03614496774193548
-0.3606235980987549,407,20200,247,5.168297138880007e-05,0.020614102482795715,1.1515617370605469,0.0007,20199,-3.113811492919922,101000,1070.0,-0.03923502127659574
0.04792439937591553,407,20300,249,0.00042983918683603406,-0.04681190475821495,1.1459546089172363,0.0007,20299,-3.1038432121276855,101500,1070.0,-0.03923502127659574
0.05952233076095581,407,20400,250,0.00012713622709270567,0.018178164958953857,1.1452770233154297,0.0007,20399,-3.1035068035125732,102000,1070.0,-0.03919894736842105
-3.1464247703552246,407,20500,251,9.313231566920877e-05,0.02214936725795269,1.1536283493041992,0.0007,20499,-3.117586135864258,102500,1070.0,-0.03919894736842105
-0.07578468322753906,407,20600,252,0.0002564243914093822,0.03513801842927933,1.1490974426269531,0.0007,20599,-3.109463691711426,103000,1070.0,-0.038093510416666664
0.09149777889251709,407,20700,253,0.0004612609336618334,-0.0428646095097065,1.1465518474578857,0.0007,20699,-3.102771759033203,103500,1070.0,-0.038093510416666664
0.05485612154006958,407,20800,255,0.00016689716721884906,0.02425982989370823,1.1459240913391113,0.0007,20799,-3.102602958679199,104000,1070.0,-0.03874055670103092
0.3542242646217346,407,20900,256,0.0005078344256617129,0.008329272270202637,1.1537091732025146,0.0007,20899,-3.1167235374450684,104500,1070.0,-0.03874055670103092
-0.002331852912902832,407,21000,257,0.0003318301460240036,-0.033501043915748596,1.160109519958496,0.0007,20999,-3.1247379779815674,105000,1070.0,-0.03811899999999999
0.035272181034088135,407,21100,258,0.00015642760263290256,-0.024427369236946106,1.1573894023895264,0.0007,21099,-3.122044086456299,105500,1070.0,-0.03811899999999999
-0.07272005081176758,408,21200,259,0.00015916848496999592,-0.006158976349979639,1.1537585258483887,0.0007,21199,-3.115865707397461,106000,1070.0,-0.03445963636363636
0.17803120613098145,408,21300,260,0.000297021702863276,0.038096047937870026,1.1528363227844238,0.0007,21299,-3.1155829429626465,106500,1070.0,-0.03445963636363636
0.22995448112487793,408,21400,262,1.542023164802231e-05,0.009863576851785183,1.1489561796188354,0.0007,21399,-3.1075351238250732,107000,1070.0,-0.0390103
-0.055508971214294434,408,21500,263,0.00022724634618498385,-0.04369250312447548,1.1462221145629883,0.0007,21499,-3.1031510829925537,107500,1070.0,-0.0390103
-0.09440290927886963,408,21600,264,2.8977785405004397e-05,-0.004044577479362488,1.136806607246399,0.0007,21599,-3.08583927154541,108000,1070.0,-0.0390103
-2.499589443206787,408,21700,265,1.374104613205418e-05,-0.0056313760578632355,1.1230767965316772,0.0007,21699,-3.0621719360351562,108500,1070.0,-0.04538153
0.0898473858833313,408,21800,266,8.410036389250308e-05,-0.019170818850398064,1.1270263195037842,0.0007,21799,-3.0690295696258545,109000,1070.0,-0.04538153
-0.0256805419921875,408,21900,267,0.0005612576496787369,-0.06239732727408409,1.1313972473144531,0.0007,21899,-3.0780487060546875,109500,1070.0,-0.04791945
-0.12643253803253174,408,22000,268,5.585801773122512e-05,0.01189186330884695,1.1194846630096436,0.0007,21999,-3.0548057556152344,110000,1070.0,-0.04791945
-0.17063498497009277,409,22100,270,3.3392290788469836e-05,0.015085289254784584,1.125500202178955,0.0007,22099,-3.0641603469848633,110500,1070.0,-0.04610055000000001
-0.19081473350524902,409,22200,271,2.6545738364802673e-05,0.014782718382775784,1.1153758764266968,0.0007,22199,-3.045320987701416,111000,1070.0,-0.04610055000000001
-1.616586685180664,409,22300,272,0.00028748332988470793,-0.019338250160217285,1.120160460472107,0.0007,22299,-3.053056240081787,111500,1070.0,-0.0483442
-0.11444342136383057,409,22400,273,0.0006228460115380585,-0.08048088848590851,1.1124340295791626,0.0007,22399,-3.043715238571167,112000,1070.0,-0.0483442
-0.14433324337005615,409,22500,274,8.166826592059806e-05,0.017315730452537537,1.1082477569580078,0.0007,22499,-3.035487174987793,112500,1070.0,-0.05285060999999999
-1.1611499786376953,409,22600,275,3.514487616484985e-05,0.0056294347159564495,1.098407506942749,0.0007,22599,-3.0178725719451904,113000,1070.0,-0.05285060999999999
-0.16210854053497314,409,22700,277,0.0009216132457368076,0.06871306151151657,1.0938585996627808,0.0007,22699,-3.0116024017333984,113500,1070.0,-0.05092343
0.11322593688964844,409,22800,278,2.160609255952295e-05,0.016961652785539627,1.094799518585205,0.0007,22799,-3.0106191635131836,114000,1070.0,-0.05092343
-5.478090763092041,409,22900,279,6.221011517482111e-06,-0.005910464562475681,1.0861668586730957,0.0007,22899,-2.9963576793670654,114500,1070.0,-0.058270489999999994
0.2534220814704895,409,23000,280,2.9481423553079367e-05,0.0251354668289423,1.0841772556304932,0.0007,22999,-2.990015983581543,115000,1070.0,-0.058270489999999994
0.5585078299045563,410,23100,281,3.1267274607671425e-05,-0.013015436008572578,1.085939645767212,0.0007,23099,-2.9944562911987305,115500,1070.0,-0.058270489999999994
0.012484550476074219,410,23200,282,0.00012087666254956275,-0.02044251374900341,1.078426480293274,0.0007,23199,-2.9815845489501953,116000,1070.0,-0.06698151
-5.5787672996521,410,23300,283,5.652049367199652e-06,0.003659255104139447,1.0680468082427979,0.0007,23299,-2.9620730876922607,116500,1070.0,-0.06698151
0.061714351177215576,410,23400,285,0.00027235751622356474,0.028320414945483208,1.0650873184204102,0.0007,23399,-2.9563040733337402,117000,1070.0,-0.06792166999999999
-2.128685235977173,410,23500,286,3.2621737773297355e-05,-0.009803546592593193,1.0609545707702637,0.0007,23499,-2.9493589401245117,117500,1070.0,-0.06792166999999999
0.264163076877594,410,23600,287,5.943882206338458e-05,0.009235421195626259,1.0521893501281738,0.0007,23599,-2.9337167739868164,118000,1070.0,-0.07850665999999999
0.0068247318267822266,410,23700,288,0.00019971451547462493,0.04387367516756058,1.0455318689346313,0.0007,23699,-2.9208173751831055,118500,1070.0,-0.07850665999999999
0.02385026216506958,409,23800,290,0.0014806374674662948,-0.10546209663152695,1.0427433252334595,0.0007,23799,-2.916804313659668,119000,1070.0,-0.08119729999999999
-0.06780314445495605,409,23900,291,0.000175545021193102,-0.03774311766028404,1.0462507009506226,0.0007,23899,-2.9245028495788574,119500,1070.0,-0.08119729999999999
-0.07568931579589844,409,24000,293,0.0002590634976513684,0.04127072915434837,1.0452321767807007,0.0007,23999,-2.92156982421875,120000,1070.0,-0.09068466999999998
-0.2525683641433716,409,24100,294,0.00020331454288680106,-0.016098562628030777,1.0435819625854492,0.0007,24099,-2.918354034423828,120500,1070.0,-0.09068466999999998
0.07490867376327515,408,24200,295,0.00011120078124804422,0.022641470655798912,1.0477230548858643,0.0007,24199,-2.9272472858428955,121000,1070.0,-0.09284171000000001
-0.044892311096191406,408,24300,297,0.0011088395258411765,-0.10823841392993927,1.0447146892547607,0.0007,24299,-2.923185110092163,121500,1070.0,-0.09284171000000001
-0.11660933494567871,408,24400,298,5.084779331809841e-05,0.017146488651633263,1.0439071655273438,0.0007,24399,-2.9182827472686768,122000,1070.0,-0.09419626999999998
-0.10770821571350098,408,24500,299,0.00014783778169658035,-0.021291110664606094,1.0511410236358643,0.0007,24499,-2.9322285652160645,122500,1070.0,-0.09419626999999998
0.8213593065738678,408,24600,301,0.00024742670939303935,-0.04001690074801445,1.052700400352478,0.0007,24599,-2.9333324432373047,123000,1070.0,-0.09419626999999998
-0.9227489233016968,408,24700,302,9.651424988987856e-06,0.0062739672139286995,1.0473650693893433,0.0007,24699,-2.9243743419647217,123500,1070.0,-0.1025279
-1.2839341163635254,407,24800,303,2.7919506464968435e-05,-0.009439240209758282,1.0432041883468628,0.0007,24799,-2.914931058883667,124000,1070.0,-0.1025279
-0.32855868339538574,407,24900,305,0.00015511095989495516,-0.028341978788375854,1.0426595211029053,0.0007,24899,-2.9135541915893555,124500,1070.0,-0.11012170000000002
-0.6208138465881348,407,25000,306,4.549428922473453e-05,0.020374566316604614,1.0510199069976807,0.0007,24999,-2.9284167289733887,125000,1070.0,-0.11012170000000002
-0.5477199554443359,407,25100,308,0.003909518010914326,0.18875832855701447,1.0524576902389526,0.0007,25099,-2.9310998916625977,125500,1070.0,-0.11829073
0.22187280654907227,407,25200,309,0.00048548943595960736,0.04755651578307152,1.0494710206985474,0.0007,25199,-2.925898551940918,126000,1070.0,-0.11829073
-0.13277912139892578,406,25300,310,0.00023035546473693103,-0.048654135316610336,1.046836018562317,0.0007,25299,-2.9218358993530273,126500,1070.0,-0.11810471
-0.8878933191299438,406,25400,312,8.115373020700645e-06,0.0018915015971288085,1.0447685718536377,0.0007,25399,-2.917465925216675,127000,1070.0,-0.11810471
-2.788193702697754,406,25500,313,9.269108886655886e-06,-0.003284132108092308,1.041455864906311,0.0007,25499,-2.9097495079040527,127500,1070.0,-0.11907725
-0.04792582988739014,406,25600,315,0.0012213223380967975,0.06766991317272186,1.0472465753555298,0.0007,25599,-2.924355983734131,128000,1070.0,-0.11907725
0.21815186738967896,406,25700,316,0.00017351469432469457,-0.024635611101984978,1.045594334602356,0.0007,25699,-2.918943405151367,128500,1070.0,-0.11441352000000002
0.24590808153152466,406,25800,317,0.00042579902219586074,-0.0490645207464695,1.0486620664596558,0.0007,25799,-2.9256503582000732,129000,1070.0,-0.11441352000000002
0.4732722043991089,406,25900,318,4.190984327578917e-05,0.015564127825200558,1.047359824180603,0.0007,25899,-2.9225285053253174,129500,1070.0,-0.11168424999999998
0.2321329116821289,406,26000,319,0.0007676625391468406,-0.06737901270389557,1.049032211303711,0.0007,25999,-2.9232070446014404,130000,1070.0,-0.11168424999999998
-0.16318035125732422,406,26100,320,0.0007598375668749213,0.062270790338516235,1.043558120727539,0.0007,26099,-2.9154930114746094,130500,1070.0,-0.11168424999999998
-0.9465926885604858,406,26200,322,2.7938087896473007e-06,0.002568208146840334,1.0514436960220337,0.0007,26199,-2.9303207397460938,131000,1070.0,-0.11952411
0.4538111686706543,406,26300,323,0.00010049955744761974,-0.028032267466187477,1.0450475215911865,0.0007,26299,-2.91886043548584,131500,1070.0,-0.11952411
-0.057290077209472656,406,26400,324,0.0001982351386686787,-0.017588704824447632,1.0456821918487549,0.0007,26399,-2.9179468154907227,132000,1070.0,-0.12604972
0.6235360205173492,406,26500,325,8.723665814613923e-06,0.008438711985945702,1.044944167137146,0.0007,26499,-2.9151344299316406,132500,1070.0,-0.12604972
0.1930801272392273,407,26600,326,0.0002000097738346085,-0.029667729511857033,1.0432219505310059,0.0007,26599,-2.9112462997436523,133000,1070.0,-0.12770419
0.06481367349624634,407,26700,327,0.0012989836977794766,0.08904223889112473,1.0380160808563232,0.0007,26699,-2.9047775268554688,133500,1070.0,-0.12770419
-1.520277976989746,407,26800,329,3.638990528997965e-05,0.016693731769919395,1.0392316579818726,0.0007,26799,-2.9056637287139893,134000,1070.0,-0.1318186
-55.61567306518555,407,26900,330,0.0006289625889621675,0.06385684013366699,1.0450531244277954,0.0007,26899,-2.919271945953369,134500,1070.0,-0.1318186
0.023796439170837402,407,27000,331,0.00021665888198185712,-0.02920086681842804,1.0323785543441772,0.0007,26999,-2.8927979469299316,135000,1070.0,-0.12685579
-0.04023110866546631,407,27100,332,1.7395283066434786e-05,0.006307372357696295,1.0299046039581299,0.0007,27099,-2.8867177963256836,135500,1070.0,-0.12685579
-0.13035857677459717,407,27200,333,1.7942167687579058e-05,0.0032168047036975622,1.0347771644592285,0.0007,27199,-2.897566318511963,136000,1070.0,-0.12917219000000002
-0.3932434320449829,407,27300,334,3.4080789191648364e-05,-0.0017261550528928638,1.0414282083511353,0.0007,27299,-2.908937454223633,136500,1070.0,-0.12917219000000002
-0.6710271835327148,407,27400,336,0.00010257885878672823,0.0024606124497950077,1.0383177995681763,0.0007,27399,-2.902386426925659,137000,1070.0,-0.13935404
-0.5494393110275269,407,27500,337,0.0002012734767049551,0.047667670994997025,1.0417654514312744,0.0007,27499,-2.909574508666992,137500,1070.0,-0.13935404
0.32332843542099,407,27600,338,3.0373066692845896e-05,-0.010828805156052113,1.0344293117523193,0.0007,27599,-2.895519971847534,138000,1070.0,-0.13935404
-0.9247298240661621,407,27700,339,7.764833571854979e-05,-0.01962966099381447,1.0406956672668457,0.0007,27699,-2.9076004028320312,138500,1070.0,-0.1353697
-8.431757926940918,407,27800,340,2.3552149286842905e-05,-0.0016094986349344254,1.0366147756576538,0.0007,27799,-2.897345542907715,139000,1070.0,-0.1353697
-0.2248694896697998,408,27900,341,9.78539974312298e-05,-0.02243424765765667,1.0440220832824707,0.0007,27899,-2.910886287689209,139500,1070.0,-0.13764835
-0.05993175506591797,408,28000,342,0.0001906454999698326,-0.03541993722319603,1.040859580039978,0.0007,27999,-2.9036998748779297,140000,1070.0,-0.13764835
-2.180152416229248,408,28100,344,5.2416780818020925e-05,-0.02132122963666916,1.0370182991027832,0.0007,28099,-2.897049903869629,140500,1070.0,-0.13677437
-1.4189271926879883,408,28200,345,2.1443574951263145e-05,-0.003523928811773658,1.0304266214370728,0.0007,28199,-2.885751247406006,141000,1070.0,-0.13677437
0.02188265323638916,408,28300,346,0.0003686351119540632,0.04298340901732445,1.0305812358856201,0.0007,28299,-2.8859996795654297,141500,1070.0,-0.13402081
-0.03003239631652832,408,28400,347,0.0002506987366359681,0.03490855544805527,1.026099681854248,0.0007,28399,-2.8771162033081055,142000,1070.0,-0.13402081
-1.8453483581542969,408,28500,348,2.4777122234809212e-05,-0.010977985337376595,1.0236194133758545,0.0007,28499,-2.87080717086792,142500,1070.0,-0.14720078
-0.07497870922088623,408,28600,349,5.67480456084013e-05,0.01854826509952545,1.0132249593734741,0.0007,28599,-2.8521013259887695,143000,1070.0,-0.14720078
-0.06851136684417725,408,28700,351,2.4092014427878894e-05,0.012922492809593678,1.0137934684753418,0.0007,28699,-2.8530988693237305,143500,1070.0,-0.14806971
-0.062180399894714355,408,28800,352,0.00025000618188641965,-0.03407871350646019,1.0107171535491943,0.0007,28799,-2.8486900329589844,144000,1070.0,-0.14806971
-1.0143980979919434,408,28900,353,0.0006716881762258708,0.0654376894235611,1.0035202503204346,0.0007,28899,-2.8344221115112305,144500,1070.0,-0.15548797
-3.2205357551574707,408,29000,354,0.00026341178454458714,-0.04679953679442406,1.0004923343658447,0.0007,28999,-2.828408718109131,145000,1070.0,-0.15548797
-0.18326222896575928,409,29100,355,0.00016710224736016244,-0.028599603101611137,1.0049755573272705,0.0007,29099,-2.8371360301971436,145500,1070.0,-0.15548797
-0.5558459758758545,409,29200,356,0.0001563624246045947,-0.027214784175157547,1.011749267578125,0.0007,29199,-2.850959539413452,146000,1070.0,-0.15854509000000003
-0.002130746841430664,409,29300,358,0.00034853964461945,0.05734088644385338,1.020961880683899,0.0007,29299,-2.86755633354187,146500,1070.0,-0.15854509000000003
-0.050914764404296875,409,29400,359,1.8816628653439693e-05,-0.008750295266509056,1.0254100561141968,0.0007,29399,-2.8782033920288086,147000,1070.0,-0.15535709000000003
-0.12899291515350342,409,29500,360,0.00030962962773628533,0.014166327193379402,1.02242112159729,0.0007,29499,-2.8746280670166016,147500,1070.0,-0.15535709000000003
0.08984768390655518,409,29600,361,0.00017253994883503765,-0.032292287796735764,1.0198732614517212,0.0007,29599,-2.869734764099121,148000,1070.0,-0.15102008
-0.34931373596191406,409,29700,362,4.340974192018621e-05,0.007820317521691322,1.0203384160995483,0.0007,29699,-2.871325731277466,148500,1070.0,-0.15102008
0.22167479991912842,409,29800,363,0.00010380072490079328,-0.016506019979715347,1.0231314897537231,0.0007,29799,-2.8752455711364746,149000,1070.0,-0.15115157
-0.9641444683074951,409,29900,365,0.0001443133078282699,0.029980603605508804,1.0201207399368286,0.0007,29899,-2.8697783946990967,149500,1070.0,-0.15115157
0.26665616035461426,409,30000,366,0.000283510860754177,0.04001128673553467,1.0177332162857056,0.0007,29999,-2.8668301105499268,150000,1070.0,-0.15887297
0.14545118808746338,409,30100,367,0.0009711142629384995,0.06243107467889786,1.0091394186019897,0.0007,30099,-2.851386070251465,150500,1070.0,-0.15887297
-0.11131584644317627,409,30200,368,0.00018937028653454036,-0.03323112055659294,1.0132356882095337,0.0007,30199,-2.8588712215423584,151000,1070.0,-0.16306065
0.06900036334991455,409,30300,369,0.0008614153484813869,-0.07039346545934677,1.0254367589950562,0.0007,30299,-2.8836581707000732,151500,1070.0,-0.16306065
-0.05554938316345215,409,30400,370,0.00153263786341995,0.08253481984138489,1.0151643753051758,0.0007,30399,-2.864957809448242,152000,1070.0,-0.16988941999999999
0.3797645568847656,410,30500,371,1.4924192328180652e-05,-0.008433002047240734,1.014382243156433,0.0007,30499,-2.8609039783477783,152500,1070.0,-0.16988941999999999
-0.10455596446990967,410,30600,373,0.000340915605193004,-0.04859599098563194,1.0140467882156372,0.0007,30599,-2.86122989654541,153000,1070.0,-0.16988941999999999
-0.8821473121643066,410,30700,374,2.3623884771950543e-05,-0.005948489531874657,1.0115065574645996,0.0007,30699,-2.856745481491089,153500,1070.0,-0.17491528999999997
0.0707654356956482,410,30800,375,0.00025032032863236964,-0.036800798028707504,1.0038233995437622,0.0007,30799,-2.8415446281433105,154000,1070.0,-0.17491528999999997
-1.6677887439727783,410,30900,376,1.4712614756717812e-05,0.0007536591729149222,1.005043864250183,0.0007,30899,-2.8444135189056396,154500,1070.0,-0.17340033999999996
0.19692182540893555,410,31000,377,2.7723517632693984e-05,-0.00904053170233965,1.0038357973098755,0.0007,30999,-2.8424365520477295,155000,1070.0,-0.17340033999999996
-0.22943651676177979,410,31100,378,2.406463863735553e-05,-0.015668673440814018,1.0065624713897705,0.0007,31099,-2.8476803302764893,155500,1070.0,-0.17081169
-0.23260211944580078,410,31200,380,0.0001835379662225023,-0.026363318786025047,1.002272129058838,0.0007,31199,-2.838271379470825,156000,1070.0,-0.17081169
-0.16206347942352295,410,31300,381,9.285437954531517e-06,0.0071826414205133915,0.9949923753738403,0.0007,31299,-2.824606418609619,156500,1070.0,-0.17800884
-212.78846740722656,410,31400,382,8.147816697601229e-05,0.018979450687766075,0.9986399412155151,0.0007,31399,-2.830622911453247,157000,1070.0,-0.17800884
0.0032999515533447266,410,31500,383,0.00086993194418028,0.06870435923337936,0.9979758262634277,0.0007,31499,-2.8297972679138184,157500,1070.0,-0.18473579999999998
-0.039975643157958984,410,31600,384,0.0007821627077646554,0.06910888105630875,0.9999611377716064,0.0007,31599,-2.8326191902160645,158000,1070.0,-0.18473579999999998
-0.011661410331726074,410,31700,385,0.000665077765006572,0.06041794642806053,0.9999402761459351,0.0007,31699,-2.8330776691436768,158500,1070.0,-0.19483276
-0.2995651960372925,410,31800,386,0.0001755888806656003,-0.023907843977212906,0.9976644515991211,0.0007,31799,-2.829357862472534,159000,1070.0,-0.19483276
-0.18053627014160156,411,31900,388,0.00027490590582601726,0.03859729692339897,1.0034507513046265,0.0007,31899,-2.835573196411133,159500,1070.0,-0.1948908
-3.655627727508545,411,32000,389,1.159849125542678e-05,-0.007078214082866907,0.9975789785385132,0.0007,31999,-2.828033208847046,160000,1070.0,-0.1948908
-73.76465606689453,411,32100,390,2.660415020727669e-06,0.004182850476354361,1.0026707649230957,0.0007,32099,-2.8375518321990967,160500,1070.0,-0.20087233000000002
-0.29780781269073486,411,32200,391,0.0002233286650152877,-0.027706623077392578,1.002773642539978,0.0007,32199,-2.837479591369629,161000,1070.0,-0.20087233000000002
0.0819292664527893,411,32300,392,0.0006856644758954644,0.048924874514341354,0.9979069828987122,0.0007,32299,-2.8296096324920654,161500,1070.0,-0.20087233000000002
0.1796674132347107,411,32400,393,2.350122667849064e-05,-0.006635391619056463,0.9946079254150391,0.0007,32399,-2.821514129638672,162000,1070.0,-0.20638970999999998
-0.2718096971511841,411,32500,395,2.8440068490453996e-05,-0.006556876003742218,1.0031054019927979,0.0007,32499,-2.8377068042755127,162500,1070.0,-0.20638970999999998
0.2221083641052246,411,32600,396,0.00032261444721370935,0.0429876334965229,1.006001591682434,0.0007,32599,-2.8436365127563477,163000,1070.0,-0.20646546999999996
-0.1790778636932373,411,32700,397,3.2379011827288195e-05,-0.0023818742483854294,1.0047528743743896,0.0007,32699,-2.840601921081543,163500,1070.0,-0.20646546999999996
0.3342519998550415,411,32800,398,0.0008579368586651981,-0.09624845534563065,1.0061463117599487,0.0007,32799,-2.8442416191101074,164000,1070.0,-0.21470789999999998
-2.6142406463623047,411,32900,399,0.00021886266767978668,-0.04403848946094513,1.0059912204742432,0.0007,32899,-2.8445472717285156,164500,1070.0,-0.21470789999999998
-0.3223445415496826,411,33000,401,1.8033810192719102e-05,0.0007849130779504776,1.0088077783584595,0.0007,32999,-2.8500399589538574,165000,1070.0,-0.21404818999999997
0.10203319787979126,411,33100,402,0.00029695723787881434,0.05327543616294861,1.0105971097946167,0.0007,33099,-2.8498713970184326,165500,1070.0,-0.21404818999999997
-0.051317691802978516,411,33200,403,6.839299749117345e-05,0.022179845720529556,1.006654143333435,0.0007,33199,-2.845247983932495,166000,1070.0,-0.21875461999999998
-0.1885383129119873,411,33300,404,0.0002585309848655015,0.038939233869314194,1.003894329071045,0.0007,33299,-2.840045928955078,166500,1070.0,-0.21875461999999998
0.17152893543243408,411,33400,405,0.00023783106007613242,-0.03878667578101158,1.002049446105957,0.0007,33399,-2.8369407653808594,167000,1070.0,-0.22867844
0.06405562162399292,411,33500,406,0.0003232716117054224,0.04522590711712837,0.9970511198043823,0.0007,33499,-2.824925184249878,167500,1070.0,-0.22867844
-33.35182189941406,411,33600,408,7.583537808386609e-06,-0.005400364752858877,0.9872089624404907,0.0007,33599,-2.80660343170166,168000,1070.0,-0.23198596999999999
-11.029816627502441,411,33700,409,2.4151333491317928e-05,-0.00678288796916604,0.9827463626861572,0.0007,33699,-2.7973499298095703,168500,1070.0,-0.23198596999999999
0.41357851028442383,411,33800,410,6.453217065427452e-05,-0.017676174640655518,0.9808093309402466,0.0007,33799,-2.7933719158172607,169000,1070.0,-0.23198596999999999
-0.6869369745254517,411,33900,412,2.7897591280634515e-05,-0.01128931064158678,0.9825403690338135,0.0007,33899,-2.797102689743042,169500,1070.0,-0.24133149999999998
-0.8971313238143921,411,34000,413,2.789059180940967e-06,0.000829620286822319,0.9887592792510986,0.0007,33999,-2.80961537361145,170000,1070.0,-0.24133149999999998
0.010363399982452393,411,34100,414,0.0009203702211380005,-0.06478909403085709,0.9876959323883057,0.0007,34099,-2.8088583946228027,170500,1070.0,-0.24341603999999997
-0.6527948379516602,410,34200,416,2.0162930013611913e-05,-0.0066614048555493355,0.9871224164962769,0.0007,34199,-2.808084487915039,171000,1070.0,-0.24341603999999997
0.2235308289527893,410,34300,417,4.4508360588224605e-05,-1.6015768778743222e-05,0.9868552684783936,0.0007,34299,-2.8079957962036133,171500,1070.0,-0.24485757
-6.332095623016357,410,34400,418,4.238889232510701e-05,0.0027978033758699894,0.9882162809371948,0.0007,34399,-2.810647964477539,172000,1070.0,-0.24485757
-0.14876055717468262,410,34500,420,0.0015171119011938572,-0.07716332376003265,0.984505295753479,0.0007,34499,-2.8007521629333496,172500,1070.0,-0.24823272999999996
0.13423669338226318,410,34600,421,0.0002890035684686154,-0.032704539597034454,0.9865700602531433,0.0007,34599,-2.8058135509490967,173000,1070.0,-0.24823272999999996
-0.09761357307434082,410,34700,422,0.00026668288046494126,0.028996581211686134,0.9865161776542664,0.0007,34699,-2.80664324760437,173500,1070.0,-0.24916511999999996
-0.012065768241882324,410,34800,424,0.0004997954820282757,-0.06763335317373276,0.9848406314849854,0.0007,34799,-2.803745985031128,174000,1070.0,-0.24916511999999996
0.3998720049858093,410,34900,425,0.0003697590436786413,-0.04826284572482109,0.9786402583122253,0.0007,34899,-2.7895240783691406,174500,1070.0,-0.24789467
-4.252451419830322,410,35000,426,0.0012432325165718794,-0.09492664784193039,0.9796419143676758,0.0007,34999,-2.791109085083008,175000,1070.0,-0.24789467
-0.06854367256164551,409,35100,428,0.0008830949082039297,0.06753053516149521,0.9790245294570923,0.0007,35099,-2.7897086143493652,175500,1070.0,-0.25359370999999997
-6.00860071182251,409,35200,429,0.00015453369996976107,0.033288780599832535,0.9717268943786621,0.0007,35199,-2.7751426696777344,176000,1070.0,-0.25359370999999997
-0.23471450805664062,409,35300,430,0.0007248573238030076,-0.06325923651456833,0.9664587378501892,0.0007,35299,-2.7663180828094482,176500,1070.0,-0.25359370999999997
0.13874471187591553,409,35400,432,1.4986811038397718e-05,-0.004179566167294979,0.9619647264480591,0.0007,35399,-2.7548110485076904,177000,1070.0,-0.258624
-1.5704185962677002,409,35500,433,4.330250885686837e-05,-0.01692802831530571,0.9614182710647583,0.0007,35499,-2.754258632659912,177500,1070.0,-0.258624
-7.685393333435059,409,35600,434,3.052119427593425e-05,-0.01133929193019867,0.9537631273269653,0.0007,35599,-2.73761248588562,178000,1070.0,-0.26040293
-0.29115939140319824,409,35700,436,0.0002434219786664471,0.02858191728591919,0.9473075866699219,0.0007,35699,-2.7236452102661133,178500,1070.0,-0.26040293
-0.9512568712234497,409,35800,437,0.0013095346512272954,0.10072769969701767,0.938728928565979,0.0007,35799,-2.7054238319396973,179000,1070.0,-0.26187286
-3.809791088104248,409,35900,438,3.323908458696678e-05,0.014831291511654854,0.937957763671875,0.0007,35899,-2.705291271209717,179500,1070.0,-0.26187286
-0.06069779396057129,409,36000,439,5.4239568271441385e-05,-0.014717698097229004,0.9374277591705322,0.0007,35999,-2.7048823833465576,180000,1070.0,-0.2644572599999999
0.0065059661865234375,409,36100,440,0.00023585402232129127,0.04035627469420433,0.9428619146347046,0.0007,36099,-2.714735984802246,180500,1070.0,-0.2644572599999999
-0.22693991661071777,409,36200,441,0.0001113334801630117,-0.013181610964238644,0.937862753868103,0.0007,36199,-2.7036428451538086,181000,1070.0,-0.27248612999999994
-0.33759844303131104,409,36300,443,0.0013308541383594275,-0.11169345676898956,0.9455440044403076,0.0007,36299,-2.723717451095581,181500,1070.0,-0.27248612999999994
-2.4919559955596924,409,36400,444,0.0007972633466124535,-0.07168719917535782,0.9457634687423706,0.0007,36399,-2.720900297164917,182000,1070.0,-0.27999672
-0.21829521656036377,409,36500,445,0.004311071243137121,0.13213805854320526,0.938422679901123,0.0007,36499,-2.7113988399505615,182500,1070.0,-0.27999672
0.038962602615356445,409,36600,446,0.001178092323243618,0.05333616957068443,0.9430864453315735,0.0007,36599,-2.7152583599090576,183000,1070.0,-0.28443345999999997
-0.18270671367645264,409,36700,447,0.0007475801976397634,-0.07641966640949249,0.9393894076347351,0.0007,36699,-2.7083442211151123,183500,1070.0,-0.28443345999999997
-0.27090728282928467,410,36800,448,0.0001278874115087092,-0.0034058347810059786,0.9372380971908569,0.0007,36799,-2.7033801078796387,184000,1070.0,-0.28443345999999997
-0.3695939779281616,410,36900,449,7.758367246424314e-06,-0.0010303539456799626,0.9411154389381409,0.0007,36899,-2.712090253829956,184500,1070.0,-0.29058627000000004
0.43099087476730347,410,37000,451,1.997731851588469e-05,0.003925185184925795,0.9388173818588257,0.0007,36999,-2.7076773643493652,185000,1070.0,-0.29058627000000004
0.15553218126296997,410,37100,452,0.0001161437394330278,-0.009361631236970425,0.9442821741104126,0.0007,37099,-2.7192790508270264,185500,1070.0,-0.29024845
0.20326709747314453,410,37200,453,1.6965941540547647e-05,0.0035715759731829166,0.9491664171218872,0.0007,37199,-2.729581832885742,186000,1070.0,-0.29024845
0.2147241234779358,410,37300,454,8.884396811481565e-05,0.009373410604894161,0.9459223747253418,0.0007,37299,-2.7237255573272705,186500,1070.0,-0.29886464
-0.38640105724334717,410,37400,455,0.00016149054863490164,-0.03368372097611427,0.9466451406478882,0.0007,37399,-2.724386692047119,187000,1070.0,-0.29886464
-0.9138206243515015,410,37500,456,0.0001657203829381615,0.028221428394317627,0.9410936236381531,0.0007,37499,-2.7133264541625977,187500,1070.0,-0.30530982
-0.1051032543182373,410,37600,458,9.314917406300083e-05,-0.019066274166107178,0.9456393718719482,0.0007,37599,-2.7237305641174316,188000,1070.0,-0.30530982
-0.14523279666900635,410,37700,459,0.0004084971733391285,-0.040464069694280624,0.9455971717834473,0.0007,37699,-2.722573757171631,188500,1070.0,-0.30890336000000007
-41.084075927734375,410,37800,460,6.07870242674835e-06,-0.0001639582187635824,0.9479854106903076,0.0007,37799,-2.7278382778167725,189000,1070.0,-0.30890336000000007
0.1426020860671997,410,37900,461,0.0004727785417344421,0.0530385747551918,0.9580254554748535,0.0007,37899,-2.7480063438415527,189500,1070.0,-0.31309267
